regime,mechanism,Z,P,E,conditioning_mass_exact,P_R1_exact,state_accuracy_exact,P_F1_exact,P_V1_exact
observational,state_readout,0,0,0,1/4,1/10,9/10,1/10,3/20
observational,state_readout,0,0,1,1/4,1/10,9/10,1/10,2/5
observational,state_readout,1,1,0,1/4,9/10,9/10,9/10,11/20
observational,state_readout,1,1,1,1/4,9/10,9/10,9/10,4/5
observational,prompt_only,0,0,0,1/4,1/10,9/10,1/10,3/20
observational,prompt_only,0,0,1,1/4,1/10,9/10,1/10,2/5
observational,prompt_only,1,1,0,1/4,9/10,9/10,9/10,11/20
observational,prompt_only,1,1,1,1/4,9/10,9/10,9/10,4/5
crossed,state_readout,0,0,0,1/8,1/10,9/10,1/10,3/20
crossed,state_readout,0,0,1,1/8,1/10,9/10,1/10,2/5
crossed,state_readout,0,1,0,1/8,1/10,9/10,9/10,11/20
crossed,state_readout,0,1,1,1/8,1/10,9/10,9/10,4/5
crossed,state_readout,1,0,0,1/8,9/10,9/10,1/10,3/20
crossed,state_readout,1,0,1,1/8,9/10,9/10,1/10,2/5
crossed,state_readout,1,1,0,1/8,9/10,9/10,9/10,11/20
crossed,state_readout,1,1,1,1/8,9/10,9/10,9/10,4/5
crossed,prompt_only,0,0,0,1/8,1/10,9/10,1/10,3/20
crossed,prompt_only,0,0,1,1/8,1/10,9/10,1/10,2/5
crossed,prompt_only,0,1,0,1/8,9/10,1/10,9/10,11/20
crossed,prompt_only,0,1,1,1/8,9/10,1/10,9/10,4/5
crossed,prompt_only,1,0,0,1/8,1/10,1/10,1/10,3/20
crossed,prompt_only,1,0,1,1/8,1/10,1/10,1/10,2/5
crossed,prompt_only,1,1,0,1/8,9/10,9/10,9/10,11/20
crossed,prompt_only,1,1,1,1/8,9/10,9/10,9/10,4/5
