regime,mechanism,Z,P,R,F,E,V,probability_exact,probability
observational,state_readout,0,0,0,0,0,0,729/4000,0.18225
observational,state_readout,0,0,0,0,0,1,81/4000,0.02025
observational,state_readout,0,0,0,0,1,0,1053/8000,0.131625
observational,state_readout,0,0,0,0,1,1,567/8000,0.070875
observational,state_readout,0,0,0,1,0,0,9/1000,0.009
observational,state_readout,0,0,0,1,0,1,27/2000,0.0135
observational,state_readout,0,0,0,1,1,0,27/8000,0.003375
observational,state_readout,0,0,0,1,1,1,153/8000,0.019125
observational,state_readout,0,0,1,0,0,0,81/4000,0.02025
observational,state_readout,0,0,1,0,0,1,9/4000,0.00225
observational,state_readout,0,0,1,0,1,0,117/8000,0.014625
observational,state_readout,0,0,1,0,1,1,63/8000,0.007875
observational,state_readout,0,0,1,1,0,0,1/1000,0.001
observational,state_readout,0,0,1,1,0,1,3/2000,0.0015
observational,state_readout,0,0,1,1,1,0,3/8000,0.000375
observational,state_readout,0,0,1,1,1,1,17/8000,0.002125
observational,state_readout,0,1,0,0,0,0,0,0.0
observational,state_readout,0,1,0,0,0,1,0,0.0
observational,state_readout,0,1,0,0,1,0,0,0.0
observational,state_readout,0,1,0,0,1,1,0,0.0
observational,state_readout,0,1,0,1,0,0,0,0.0
observational,state_readout,0,1,0,1,0,1,0,0.0
observational,state_readout,0,1,0,1,1,0,0,0.0
observational,state_readout,0,1,0,1,1,1,0,0.0
observational,state_readout,0,1,1,0,0,0,0,0.0
observational,state_readout,0,1,1,0,0,1,0,0.0
observational,state_readout,0,1,1,0,1,0,0,0.0
observational,state_readout,0,1,1,0,1,1,0,0.0
observational,state_readout,0,1,1,1,0,0,0,0.0
observational,state_readout,0,1,1,1,0,1,0,0.0
observational,state_readout,0,1,1,1,1,0,0,0.0
observational,state_readout,0,1,1,1,1,1,0,0.0
observational,state_readout,1,0,0,0,0,0,0,0.0
observational,state_readout,1,0,0,0,0,1,0,0.0
observational,state_readout,1,0,0,0,1,0,0,0.0
observational,state_readout,1,0,0,0,1,1,0,0.0
observational,state_readout,1,0,0,1,0,0,0,0.0
observational,state_readout,1,0,0,1,0,1,0,0.0
observational,state_readout,1,0,0,1,1,0,0,0.0
observational,state_readout,1,0,0,1,1,1,0,0.0
observational,state_readout,1,0,1,0,0,0,0,0.0
observational,state_readout,1,0,1,0,0,1,0,0.0
observational,state_readout,1,0,1,0,1,0,0,0.0
observational,state_readout,1,0,1,0,1,1,0,0.0
observational,state_readout,1,0,1,1,0,0,0,0.0
observational,state_readout,1,0,1,1,0,1,0,0.0
observational,state_readout,1,0,1,1,1,0,0,0.0
observational,state_readout,1,0,1,1,1,1,0,0.0
observational,state_readout,1,1,0,0,0,0,9/4000,0.00225
observational,state_readout,1,1,0,0,0,1,1/4000,0.00025
observational,state_readout,1,1,0,0,1,0,13/8000,0.001625
observational,state_readout,1,1,0,0,1,1,7/8000,0.000875
observational,state_readout,1,1,0,1,0,0,9/1000,0.009
observational,state_readout,1,1,0,1,0,1,27/2000,0.0135
observational,state_readout,1,1,0,1,1,0,27/8000,0.003375
observational,state_readout,1,1,0,1,1,1,153/8000,0.019125
observational,state_readout,1,1,1,0,0,0,81/4000,0.02025
observational,state_readout,1,1,1,0,0,1,9/4000,0.00225
observational,state_readout,1,1,1,0,1,0,117/8000,0.014625
observational,state_readout,1,1,1,0,1,1,63/8000,0.007875
observational,state_readout,1,1,1,1,0,0,81/1000,0.081
observational,state_readout,1,1,1,1,0,1,243/2000,0.1215
observational,state_readout,1,1,1,1,1,0,243/8000,0.030375
observational,state_readout,1,1,1,1,1,1,1377/8000,0.172125
observational,prompt_only,0,0,0,0,0,0,729/4000,0.18225
observational,prompt_only,0,0,0,0,0,1,81/4000,0.02025
observational,prompt_only,0,0,0,0,1,0,1053/8000,0.131625
observational,prompt_only,0,0,0,0,1,1,567/8000,0.070875
observational,prompt_only,0,0,0,1,0,0,9/1000,0.009
observational,prompt_only,0,0,0,1,0,1,27/2000,0.0135
observational,prompt_only,0,0,0,1,1,0,27/8000,0.003375
observational,prompt_only,0,0,0,1,1,1,153/8000,0.019125
observational,prompt_only,0,0,1,0,0,0,81/4000,0.02025
observational,prompt_only,0,0,1,0,0,1,9/4000,0.00225
observational,prompt_only,0,0,1,0,1,0,117/8000,0.014625
observational,prompt_only,0,0,1,0,1,1,63/8000,0.007875
observational,prompt_only,0,0,1,1,0,0,1/1000,0.001
observational,prompt_only,0,0,1,1,0,1,3/2000,0.0015
observational,prompt_only,0,0,1,1,1,0,3/8000,0.000375
observational,prompt_only,0,0,1,1,1,1,17/8000,0.002125
observational,prompt_only,0,1,0,0,0,0,0,0.0
observational,prompt_only,0,1,0,0,0,1,0,0.0
observational,prompt_only,0,1,0,0,1,0,0,0.0
observational,prompt_only,0,1,0,0,1,1,0,0.0
observational,prompt_only,0,1,0,1,0,0,0,0.0
observational,prompt_only,0,1,0,1,0,1,0,0.0
observational,prompt_only,0,1,0,1,1,0,0,0.0
observational,prompt_only,0,1,0,1,1,1,0,0.0
observational,prompt_only,0,1,1,0,0,0,0,0.0
observational,prompt_only,0,1,1,0,0,1,0,0.0
observational,prompt_only,0,1,1,0,1,0,0,0.0
observational,prompt_only,0,1,1,0,1,1,0,0.0
observational,prompt_only,0,1,1,1,0,0,0,0.0
observational,prompt_only,0,1,1,1,0,1,0,0.0
observational,prompt_only,0,1,1,1,1,0,0,0.0
observational,prompt_only,0,1,1,1,1,1,0,0.0
observational,prompt_only,1,0,0,0,0,0,0,0.0
observational,prompt_only,1,0,0,0,0,1,0,0.0
observational,prompt_only,1,0,0,0,1,0,0,0.0
observational,prompt_only,1,0,0,0,1,1,0,0.0
observational,prompt_only,1,0,0,1,0,0,0,0.0
observational,prompt_only,1,0,0,1,0,1,0,0.0
observational,prompt_only,1,0,0,1,1,0,0,0.0
observational,prompt_only,1,0,0,1,1,1,0,0.0
observational,prompt_only,1,0,1,0,0,0,0,0.0
observational,prompt_only,1,0,1,0,0,1,0,0.0
observational,prompt_only,1,0,1,0,1,0,0,0.0
observational,prompt_only,1,0,1,0,1,1,0,0.0
observational,prompt_only,1,0,1,1,0,0,0,0.0
observational,prompt_only,1,0,1,1,0,1,0,0.0
observational,prompt_only,1,0,1,1,1,0,0,0.0
observational,prompt_only,1,0,1,1,1,1,0,0.0
observational,prompt_only,1,1,0,0,0,0,9/4000,0.00225
observational,prompt_only,1,1,0,0,0,1,1/4000,0.00025
observational,prompt_only,1,1,0,0,1,0,13/8000,0.001625
observational,prompt_only,1,1,0,0,1,1,7/8000,0.000875
observational,prompt_only,1,1,0,1,0,0,9/1000,0.009
observational,prompt_only,1,1,0,1,0,1,27/2000,0.0135
observational,prompt_only,1,1,0,1,1,0,27/8000,0.003375
observational,prompt_only,1,1,0,1,1,1,153/8000,0.019125
observational,prompt_only,1,1,1,0,0,0,81/4000,0.02025
observational,prompt_only,1,1,1,0,0,1,9/4000,0.00225
observational,prompt_only,1,1,1,0,1,0,117/8000,0.014625
observational,prompt_only,1,1,1,0,1,1,63/8000,0.007875
observational,prompt_only,1,1,1,1,0,0,81/1000,0.081
observational,prompt_only,1,1,1,1,0,1,243/2000,0.1215
observational,prompt_only,1,1,1,1,1,0,243/8000,0.030375
observational,prompt_only,1,1,1,1,1,1,1377/8000,0.172125
crossed,state_readout,0,0,0,0,0,0,729/8000,0.091125
crossed,state_readout,0,0,0,0,0,1,81/8000,0.010125
crossed,state_readout,0,0,0,0,1,0,1053/16000,0.0658125
crossed,state_readout,0,0,0,0,1,1,567/16000,0.0354375
crossed,state_readout,0,0,0,1,0,0,9/2000,0.0045
crossed,state_readout,0,0,0,1,0,1,27/4000,0.00675
crossed,state_readout,0,0,0,1,1,0,27/16000,0.0016875
crossed,state_readout,0,0,0,1,1,1,153/16000,0.0095625
crossed,state_readout,0,0,1,0,0,0,81/8000,0.010125
crossed,state_readout,0,0,1,0,0,1,9/8000,0.001125
crossed,state_readout,0,0,1,0,1,0,117/16000,0.0073125
crossed,state_readout,0,0,1,0,1,1,63/16000,0.0039375
crossed,state_readout,0,0,1,1,0,0,1/2000,0.0005
crossed,state_readout,0,0,1,1,0,1,3/4000,0.00075
crossed,state_readout,0,0,1,1,1,0,3/16000,0.0001875
crossed,state_readout,0,0,1,1,1,1,17/16000,0.0010625
crossed,state_readout,0,1,0,0,0,0,81/8000,0.010125
crossed,state_readout,0,1,0,0,0,1,9/8000,0.001125
crossed,state_readout,0,1,0,0,1,0,117/16000,0.0073125
crossed,state_readout,0,1,0,0,1,1,63/16000,0.0039375
crossed,state_readout,0,1,0,1,0,0,81/2000,0.0405
crossed,state_readout,0,1,0,1,0,1,243/4000,0.06075
crossed,state_readout,0,1,0,1,1,0,243/16000,0.0151875
crossed,state_readout,0,1,0,1,1,1,1377/16000,0.0860625
crossed,state_readout,0,1,1,0,0,0,9/8000,0.001125
crossed,state_readout,0,1,1,0,0,1,1/8000,0.000125
crossed,state_readout,0,1,1,0,1,0,13/16000,0.0008125
crossed,state_readout,0,1,1,0,1,1,7/16000,0.0004375
crossed,state_readout,0,1,1,1,0,0,9/2000,0.0045
crossed,state_readout,0,1,1,1,0,1,27/4000,0.00675
crossed,state_readout,0,1,1,1,1,0,27/16000,0.0016875
crossed,state_readout,0,1,1,1,1,1,153/16000,0.0095625
crossed,state_readout,1,0,0,0,0,0,81/8000,0.010125
crossed,state_readout,1,0,0,0,0,1,9/8000,0.001125
crossed,state_readout,1,0,0,0,1,0,117/16000,0.0073125
crossed,state_readout,1,0,0,0,1,1,63/16000,0.0039375
crossed,state_readout,1,0,0,1,0,0,1/2000,0.0005
crossed,state_readout,1,0,0,1,0,1,3/4000,0.00075
crossed,state_readout,1,0,0,1,1,0,3/16000,0.0001875
crossed,state_readout,1,0,0,1,1,1,17/16000,0.0010625
crossed,state_readout,1,0,1,0,0,0,729/8000,0.091125
crossed,state_readout,1,0,1,0,0,1,81/8000,0.010125
crossed,state_readout,1,0,1,0,1,0,1053/16000,0.0658125
crossed,state_readout,1,0,1,0,1,1,567/16000,0.0354375
crossed,state_readout,1,0,1,1,0,0,9/2000,0.0045
crossed,state_readout,1,0,1,1,0,1,27/4000,0.00675
crossed,state_readout,1,0,1,1,1,0,27/16000,0.0016875
crossed,state_readout,1,0,1,1,1,1,153/16000,0.0095625
crossed,state_readout,1,1,0,0,0,0,9/8000,0.001125
crossed,state_readout,1,1,0,0,0,1,1/8000,0.000125
crossed,state_readout,1,1,0,0,1,0,13/16000,0.0008125
crossed,state_readout,1,1,0,0,1,1,7/16000,0.0004375
crossed,state_readout,1,1,0,1,0,0,9/2000,0.0045
crossed,state_readout,1,1,0,1,0,1,27/4000,0.00675
crossed,state_readout,1,1,0,1,1,0,27/16000,0.0016875
crossed,state_readout,1,1,0,1,1,1,153/16000,0.0095625
crossed,state_readout,1,1,1,0,0,0,81/8000,0.010125
crossed,state_readout,1,1,1,0,0,1,9/8000,0.001125
crossed,state_readout,1,1,1,0,1,0,117/16000,0.0073125
crossed,state_readout,1,1,1,0,1,1,63/16000,0.0039375
crossed,state_readout,1,1,1,1,0,0,81/2000,0.0405
crossed,state_readout,1,1,1,1,0,1,243/4000,0.06075
crossed,state_readout,1,1,1,1,1,0,243/16000,0.0151875
crossed,state_readout,1,1,1,1,1,1,1377/16000,0.0860625
crossed,prompt_only,0,0,0,0,0,0,729/8000,0.091125
crossed,prompt_only,0,0,0,0,0,1,81/8000,0.010125
crossed,prompt_only,0,0,0,0,1,0,1053/16000,0.0658125
crossed,prompt_only,0,0,0,0,1,1,567/16000,0.0354375
crossed,prompt_only,0,0,0,1,0,0,9/2000,0.0045
crossed,prompt_only,0,0,0,1,0,1,27/4000,0.00675
crossed,prompt_only,0,0,0,1,1,0,27/16000,0.0016875
crossed,prompt_only,0,0,0,1,1,1,153/16000,0.0095625
crossed,prompt_only,0,0,1,0,0,0,81/8000,0.010125
crossed,prompt_only,0,0,1,0,0,1,9/8000,0.001125
crossed,prompt_only,0,0,1,0,1,0,117/16000,0.0073125
crossed,prompt_only,0,0,1,0,1,1,63/16000,0.0039375
crossed,prompt_only,0,0,1,1,0,0,1/2000,0.0005
crossed,prompt_only,0,0,1,1,0,1,3/4000,0.00075
crossed,prompt_only,0,0,1,1,1,0,3/16000,0.0001875
crossed,prompt_only,0,0,1,1,1,1,17/16000,0.0010625
crossed,prompt_only,0,1,0,0,0,0,9/8000,0.001125
crossed,prompt_only,0,1,0,0,0,1,1/8000,0.000125
crossed,prompt_only,0,1,0,0,1,0,13/16000,0.0008125
crossed,prompt_only,0,1,0,0,1,1,7/16000,0.0004375
crossed,prompt_only,0,1,0,1,0,0,9/2000,0.0045
crossed,prompt_only,0,1,0,1,0,1,27/4000,0.00675
crossed,prompt_only,0,1,0,1,1,0,27/16000,0.0016875
crossed,prompt_only,0,1,0,1,1,1,153/16000,0.0095625
crossed,prompt_only,0,1,1,0,0,0,81/8000,0.010125
crossed,prompt_only,0,1,1,0,0,1,9/8000,0.001125
crossed,prompt_only,0,1,1,0,1,0,117/16000,0.0073125
crossed,prompt_only,0,1,1,0,1,1,63/16000,0.0039375
crossed,prompt_only,0,1,1,1,0,0,81/2000,0.0405
crossed,prompt_only,0,1,1,1,0,1,243/4000,0.06075
crossed,prompt_only,0,1,1,1,1,0,243/16000,0.0151875
crossed,prompt_only,0,1,1,1,1,1,1377/16000,0.0860625
crossed,prompt_only,1,0,0,0,0,0,729/8000,0.091125
crossed,prompt_only,1,0,0,0,0,1,81/8000,0.010125
crossed,prompt_only,1,0,0,0,1,0,1053/16000,0.0658125
crossed,prompt_only,1,0,0,0,1,1,567/16000,0.0354375
crossed,prompt_only,1,0,0,1,0,0,9/2000,0.0045
crossed,prompt_only,1,0,0,1,0,1,27/4000,0.00675
crossed,prompt_only,1,0,0,1,1,0,27/16000,0.0016875
crossed,prompt_only,1,0,0,1,1,1,153/16000,0.0095625
crossed,prompt_only,1,0,1,0,0,0,81/8000,0.010125
crossed,prompt_only,1,0,1,0,0,1,9/8000,0.001125
crossed,prompt_only,1,0,1,0,1,0,117/16000,0.0073125
crossed,prompt_only,1,0,1,0,1,1,63/16000,0.0039375
crossed,prompt_only,1,0,1,1,0,0,1/2000,0.0005
crossed,prompt_only,1,0,1,1,0,1,3/4000,0.00075
crossed,prompt_only,1,0,1,1,1,0,3/16000,0.0001875
crossed,prompt_only,1,0,1,1,1,1,17/16000,0.0010625
crossed,prompt_only,1,1,0,0,0,0,9/8000,0.001125
crossed,prompt_only,1,1,0,0,0,1,1/8000,0.000125
crossed,prompt_only,1,1,0,0,1,0,13/16000,0.0008125
crossed,prompt_only,1,1,0,0,1,1,7/16000,0.0004375
crossed,prompt_only,1,1,0,1,0,0,9/2000,0.0045
crossed,prompt_only,1,1,0,1,0,1,27/4000,0.00675
crossed,prompt_only,1,1,0,1,1,0,27/16000,0.0016875
crossed,prompt_only,1,1,0,1,1,1,153/16000,0.0095625
crossed,prompt_only,1,1,1,0,0,0,81/8000,0.010125
crossed,prompt_only,1,1,1,0,0,1,9/8000,0.001125
crossed,prompt_only,1,1,1,0,1,0,117/16000,0.0073125
crossed,prompt_only,1,1,1,0,1,1,63/16000,0.0039375
crossed,prompt_only,1,1,1,1,0,0,81/2000,0.0405
crossed,prompt_only,1,1,1,1,0,1,243/4000,0.06075
crossed,prompt_only,1,1,1,1,1,0,243/16000,0.0151875
crossed,prompt_only,1,1,1,1,1,1,1377/16000,0.0860625
