trial,slope_m_per_s2,low_m_per_s2,high_m_per_s2,covers_injected_truth
0,-0.019977587714154959,-0.02029758771415496,-0.019657587714154958,1
1,-0.019938972055590226,-0.020258972055590227,-0.019618972055590225,1
2,-0.01997540399647961,-0.020295403996479611,-0.019655403996479609,1
3,-0.020020635001508198,-0.020340635001508199,-0.019700635001508197,1
4,-0.020028635337809166,-0.020348635337809166,-0.019708635337809165,1
5,-0.020056231337808882,-0.020376231337808883,-0.019736231337808881,1
6,-0.019884485023257507,-0.020204485023257508,-0.019564485023257507,1
7,-0.01997004908251768,-0.020290049082517681,-0.019650049082517679,1
8,-0.020070541076817494,-0.020390541076817495,-0.019750541076817493,1
9,-0.020004489435187171,-0.020324489435187172,-0.01968448943518717,1
10,-0.019932187378165565,-0.020252187378165566,-0.019612187378165565,1
11,-0.02001271877648032,-0.020332718776480321,-0.019692718776480319,1
12,-0.020114682008404987,-0.020434682008404988,-0.019794682008404986,1
13,-0.020025162807865479,-0.020345162807865479,-0.019705162807865478,1
14,-0.020079431057333907,-0.020399431057333908,-0.019759431057333906,1
15,-0.020013838901717557,-0.020333838901717558,-0.019693838901717556,1
16,-0.019939225634347458,-0.020259225634347459,-0.019619225634347457,1
17,-0.020040046577346017,-0.020360046577346018,-0.019720046577346016,1
18,-0.020014409018586407,-0.020334409018586408,-0.019694409018586406,1
19,-0.020073810946546543,-0.020393810946546544,-0.019753810946546543,1
20,-0.019954787320917128,-0.020274787320917129,-0.019634787320917127,1
21,-0.020070007993256471,-0.020390007993256472,-0.01975000799325647,1
22,-0.019987509987555243,-0.020307509987555244,-0.019667509987555242,1
23,-0.019928692418439073,-0.020248692418439074,-0.019608692418439072,1
24,-0.020021540230469332,-0.020341540230469333,-0.019701540230469331,1
25,-0.019993686972847178,-0.020313686972847179,-0.019673686972847177,1
26,-0.020049411607247353,-0.020369411607247354,-0.019729411607247352,1
27,-0.019918013219171398,-0.020238013219171399,-0.019598013219171397,1
28,-0.020016045248840538,-0.020336045248840539,-0.019696045248840537,1
29,-0.019983944480757118,-0.020303944480757119,-0.019663944480757117,1
30,-0.019970186456193476,-0.020290186456193477,-0.019650186456193475,1
31,-0.019998708717279837,-0.020318708717279838,-0.019678708717279836,1
32,-0.020041671473287111,-0.020361671473287112,-0.019721671473287111,1
33,-0.020073960826374616,-0.020393960826374617,-0.019753960826374616,1
34,-0.02001885358641391,-0.020338853586413911,-0.019698853586413909,1
35,-0.020010543191587203,-0.020330543191587204,-0.019690543191587202,1
36,-0.020090278036549974,-0.020410278036549975,-0.019770278036549974,1
37,-0.019987505592369843,-0.020307505592369844,-0.019667505592369842,1
38,-0.019997292987699592,-0.020317292987699593,-0.019677292987699591,1
39,-0.01993165545950595,-0.020251655459505951,-0.019611655459505949,1
40,-0.019991508918810092,-0.020311508918810093,-0.019671508918810091,1
41,-0.019983234438478551,-0.020303234438478552,-0.01966323443847855,1
42,-0.019988495967385108,-0.020308495967385109,-0.019668495967385107,1
43,-0.020046097553993447,-0.020366097553993448,-0.019726097553993446,1
44,-0.020044501201837043,-0.020364501201837044,-0.019724501201837042,1
45,-0.020012327375910396,-0.020332327375910397,-0.019692327375910396,1
46,-0.019983009307952913,-0.020303009307952914,-0.019663009307952912,1
47,-0.019981369033398637,-0.020301369033398638,-0.019661369033398636,1
48,-0.01999837410935865,-0.020318374109358651,-0.019678374109358649,1
49,-0.02001378375345431,-0.02033378375345431,-0.019693783753454309,1
50,-0.020090994233786047,-0.020410994233786048,-0.019770994233786046,1
51,-0.019991767921185385,-0.020311767921185386,-0.019671767921185385,1
52,-0.020024823975084621,-0.020344823975084622,-0.01970482397508462,1
53,-0.019989901125662003,-0.020309901125662003,-0.019669901125662002,1
54,-0.019938436908125742,-0.020258436908125742,-0.019618436908125741,1
55,-0.019962740766962681,-0.020282740766962681,-0.01964274076696268,1
56,-0.019900103040149591,-0.020220103040149592,-0.01958010304014959,1
57,-0.020096885212660922,-0.020416885212660923,-0.019776885212660921,1
58,-0.019987957458806927,-0.020307957458806928,-0.019667957458806926,1
59,-0.020052144295012543,-0.020372144295012544,-0.019732144295012542,1
60,-0.019997730991574886,-0.020317730991574887,-0.019677730991574886,1
61,-0.019937524263374098,-0.020257524263374099,-0.019617524263374098,1
62,-0.019970772654433047,-0.020290772654433048,-0.019650772654433046,1
63,-0.020024655666315772,-0.020344655666315773,-0.019704655666315771,1
64,-0.020010023370195779,-0.020330023370195779,-0.019690023370195778,1
65,-0.019927218766560235,-0.020247218766560236,-0.019607218766560235,1
66,-0.019902212724832599,-0.0202222127248326,-0.019582212724832598,1
67,-0.0201113716354882,-0.020431371635488201,-0.019791371635488199,1
68,-0.019979780108606994,-0.020299780108606995,-0.019659780108606993,1
69,-0.01995504239877648,-0.020275042398776481,-0.019635042398776479,1
70,-0.020087845631338534,-0.020407845631338534,-0.019767845631338533,1
71,-0.01992948671745795,-0.020249486717457951,-0.01960948671745795,1
72,-0.019975005668673804,-0.020295005668673805,-0.019655005668673804,1
73,-0.019908736407529957,-0.020228736407529958,-0.019588736407529957,1
74,-0.020058174220055184,-0.020378174220055185,-0.019738174220055183,1
75,-0.020013335417328408,-0.020333335417328409,-0.019693335417328407,1
76,-0.019873834165105068,-0.020193834165105069,-0.019553834165105068,1
77,-0.020034823988929026,-0.020354823988929027,-0.019714823988929025,1
78,-0.01994800634204031,-0.020268006342040311,-0.019628006342040309,1
79,-0.019988785404805236,-0.020308785404805237,-0.019668785404805236,1
80,-0.019903447481161071,-0.020223447481161071,-0.01958344748116107,1
81,-0.019996256196855421,-0.020316256196855422,-0.01967625619685542,1
82,-0.019945892877892911,-0.020265892877892912,-0.01962589287789291,1
83,-0.020029484666830341,-0.020349484666830342,-0.01970948466683034,1
84,-0.020126484425694473,-0.020446484425694474,-0.019806484425694472,1
85,-0.020074049681215553,-0.020394049681215554,-0.019754049681215552,1
86,-0.019962887951926543,-0.020282887951926544,-0.019642887951926542,1
87,-0.020083171091010973,-0.020403171091010974,-0.019763171091010973,1
88,-0.019939103478179846,-0.020259103478179847,-0.019619103478179845,1
89,-0.020013625912176529,-0.02033362591217653,-0.019693625912176528,1
90,-0.020141248739377792,-0.020461248739377793,-0.019821248739377791,1
91,-0.01995664908346308,-0.020276649083463081,-0.019636649083463079,1
92,-0.019911357362968601,-0.020231357362968602,-0.0195913573629686,1
93,-0.020056727634656019,-0.020376727634656019,-0.019736727634656018,1
94,-0.019968449121738632,-0.020288449121738633,-0.019648449121738631,1
95,-0.020042650608752901,-0.020362650608752902,-0.0197226506087529,1
96,-0.019995562923611272,-0.020315562923611273,-0.019675562923611271,1
97,-0.020056818482599617,-0.020376818482599618,-0.019736818482599616,1
98,-0.020014577544213704,-0.020334577544213705,-0.019694577544213703,1
99,-0.019975933013591556,-0.020295933013591557,-0.019655933013591555,1
100,-0.020015816621041328,-0.020335816621041329,-0.019695816621041327,1
101,-0.019955217218516497,-0.020275217218516498,-0.019635217218516497,1
102,-0.020025114062551086,-0.020345114062551087,-0.019705114062551085,1
103,-0.020040471041751301,-0.020360471041751302,-0.0197204710417513,1
104,-0.020033780797603342,-0.020353780797603343,-0.019713780797603341,1
105,-0.019885492346455425,-0.020205492346455425,-0.019565492346455424,1
106,-0.019957347586368038,-0.020277347586368039,-0.019637347586368037,1
107,-0.020029071487080819,-0.02034907148708082,-0.019709071487080818,1
108,-0.019895677714670622,-0.020215677714670623,-0.019575677714670621,1
109,-0.019977353456420922,-0.020297353456420923,-0.019657353456420921,1
110,-0.020055016619964575,-0.020375016619964575,-0.019735016619964574,1
111,-0.019996440005145548,-0.020316440005145549,-0.019676440005145547,1
112,-0.020062714091133617,-0.020382714091133618,-0.019742714091133616,1
113,-0.020045538786156773,-0.020365538786156774,-0.019725538786156772,1
114,-0.019909642023346372,-0.020229642023346373,-0.019589642023346371,1
115,-0.019892167576463275,-0.020212167576463276,-0.019572167576463274,1
116,-0.020027714450317865,-0.020347714450317866,-0.019707714450317864,1
117,-0.019914594663696498,-0.020234594663696499,-0.019594594663696497,1
118,-0.019993423378908002,-0.020313423378908003,-0.019673423378908001,1
119,-0.020062672660133611,-0.020382672660133612,-0.01974267266013361,1
120,-0.019954925808035769,-0.020274925808035769,-0.019634925808035768,1
121,-0.020052456180087237,-0.020372456180087237,-0.019732456180087236,1
122,-0.020035947589865009,-0.02035594758986501,-0.019715947589865009,1
123,-0.02005007879259213,-0.020370078792592131,-0.019730078792592129,1
124,-0.02005314436407039,-0.020373144364070391,-0.019733144364070389,1
125,-0.019948381252057695,-0.020268381252057696,-0.019628381252057694,1
126,-0.020030181148402843,-0.020350181148402844,-0.019710181148402842,1
127,-0.019906588630739384,-0.020226588630739385,-0.019586588630739383,1
