time_s,position_m,velocity_m_per_s,inductance_H,current_A,force_N,magnetic_energy_J,mechanical_work_J,closure_residual_J
0,0,0,0.01,0.20000000000000001,0.0019999999999999996,0.00019999999999999998,0,-0
0.00050000000000000001,3.0842355210336515e-07,0.0012336878666998937,0.01000003084235521,0.19999938315479829,0.0019999876631149908,0.0001999993831547983,6.1684012838360975e-10,5.0732971105333003e-15
0.001,1.233675183394123e-06,0.0024672996337209807,0.01000012336751834,0.19999753268007192,0.0019999506539058218,0.00019999753268007192,2.467299635727687e-09,2.0292338477657856e-14
0.0015,2.775697819994427e-06,0.0037007592060786403,0.010000277569781999,0.19999444875844571,0.0019998889767097283,0.00019999444875844568,5.5511959001115841e-09,4.5654187671824059e-14
0.002,4.9343963426839996e-06,0.0049339904981763379,0.010000493439634269,0.19999013169425595,0.0019998026387542914,0.00019999013169425594,9.8682245899954241e-09,8.1154048706871363e-14
0.0025000000000000001,7.7096375927709912e-06,0.0061669174384989369,0.010000770963759278,0.19998458191349303,0.0019996916501557301,0.00019998458191349303,1.5417959721697356e-08,1.2678525149943388e-13
0.0030000000000000001,1.1101250380299855e-05,0.0073994639743051533,0.010001110125038031,0.199977799963721,0.0019995560239165003,0.000199977799963721,2.2199853739832626e-08,1.8253915217920092e-13
0.0035000000000000001,1.5109025494620677e-05,0.0086315540763188484,0.010001510902549462,0.19996978651397407,0.0019993957759222181,0.00019996978651397405,3.0213237620685402e-08,2.4840524836149842e-13
0.0040000000000000001,1.9732715717284409e-05,0.0098631117434188672,0.010001973271571729,0.1999605423546304,0.0019992109249378966,0.00019996054235463039,3.9457320998475996e-08,3.2437111305721236e-13
0.0045000000000000005,2.4972035837299566e-05,0.011094061007327145,0.010002497203583731,0.19995006839726312,0.0019990014926035099,0.00019995006839726312,4.993119231447791e-08,4.1042238253308612e-13
0.0050000000000000001,3.0826662668720359e-05,0.012324325937294801,0.010003082666266871,0.19993836567446818,0.0019987675034288679,0.00019993836567446817,6.1633818988930828e-08,5.0654287909510184e-13
0.0054999999999999997,3.7296235070587436e-05,0.013553830644785882,0.01000372962350706,0.1999254353396698,0.0019985089847878246,0.0001999254353396698,7.4564047615687699e-08,6.1271449698387804e-13
0.0060000000000000001,4.4380353969200039e-05,0.014782499288158554,0.010004438035396921,0.19991127866690325,0.0019982259669118125,0.00019991127866690326,8.8720604179525441e-08,7.2891719289187108e-13
0.0065000000000000006,5.2078582382735216e-05,0.016010256077343341,0.010005207858238274,0.19989589705057481,0.0019979184828827,0.00019989589705057478,1.0410209429604124e-07,8.5512915912205583e-13
0.0070000000000000001,6.0390445448202937e-05,0.017237025278518236,0.010006039044544821,0.19987929200519935,0.0019975865686249874,0.00019987929200519932,1.2070700347404793e-07,9.9132661542296148e-13
0.0074999999999999997,6.9315430450737076e-05,0.018462731218780316,0.010006931543045074,0.19986146516511563,0.0019972302628973367,0.00019986146516511562,1.3853369740037413e-07,1.1374839913389832e-12
0.0080000000000000002,7.8852986855221249e-05,0.019687298290813598,0.010007885298685522,0.19984241828417923,0.0019968496072834425,0.00019984241828417923,1.5758042224696681e-07,1.293573788461649e-12
0.0085000000000000006,8.9002526340251629e-05,0.020910650957552838,0.010008900252634026,0.19982215323543295,0.0019964446461822427,0.00019982215323543294,1.7784530500018559e-07,1.4595668564167771e-12
0.0090000000000000011,9.9763422834424633e-05,0.022132713756843062,0.010009976342283443,0.19980067201075588,0.0019960154267974822,0.00019980067201075586,1.9932635381217148e-07,1.6354319532940803e-12
0.0094999999999999998,0.00011113501255495373,0.023353411306094366,0.010011113501255496,0.19977797672048964,0.001995561999126625,0.00019977797672048964,2.2202145837416333e-07,1.8211361808103435e-12
0.01,0.0001231165940486223,0.02457266830693193,0.010012311659404862,0.19975406959304354,0.0019950844159491239,0.00019975406959304353,2.4592839031162905e-07,2.0166448278730254e-12
0.010500000000000001,0.00013570742823504567,0.025790409549840722,0.010013570742823505,0.19972895297447754,0.0019945827328140529,0.00019972895297447752,2.7104480360106954e-07,2.2219213882620719e-12
0.010999999999999999,0.00014890673845226022,0.027006559918804789,0.010014890673845226,0.19970262932806418,0.0019940570080271098,0.00019970262932806417,2.9736823500834738e-07,2.4369274663975005e-12
0.0115,0.00016271371050464057,0.028221044395940822,0.010016271371050465,0.19967510123382853,0.0019935073026369834,0.00019967510123382852,3.2489610454838422e-07,2.6616230798360415e-12
0.012,0.00017712749271311278,0.029433788066125517,0.010017712749271311,0.19964637138806759,0.0019929336804211111,0.00019964637138806759,3.536257159660615e-07,2.8959663312046896e-12
0.012500000000000001,0.0001921471959676957,0.030644716121616782,0.01001921471959677,0.19961644260284817,0.0019923362078708086,0.00019961644260284815,3.8355425723815602e-07,3.1399136750160826e-12
0.013000000000000001,0.0002077718937823425,0.031853753866668159,0.010020777189378235,0.19958531780548402,0.0019917149541758025,0.000199585317805484,4.1467880109613045e-07,3.3934198481588597e-12
0.0135,0.00022400062235209295,0.033060826722136463,0.010022400062235209,0.19955300003799264,0.0019910699912081544,0.00019955300003799263,4.4699630556959457e-07,3.6564377566070054e-12
0.014,0.00024083238061252567,0.034265860230082143,0.010024083238061253,0.19951949245653092,0.0019904013935055846,0.0001995194924565309,4.8050361455024497e-07,3.9289188357794283e-12
0.014500000000000001,0.00025826613030150656,0.03546878005836223,0.010025826613030151,0.19948479833081126,0.0019897092382542216,0.00019948479833081125,5.1519745837608342e-07,4.2108126479875534e-12
0.014999999999999999,0.00027630079602323441,0.036669512005215427,0.010027630079602324,0.19944892104349707,0.0019889936052707559,0.00019944892104349705,5.5107445443570907e-07,4.502067222677869e-12
0.0155,0.0002949352653145754,0.037867982003839333,0.010029493526531458,0.19941186408957867,0.0019882545769840292,0.00019941186408957865,5.8813110779247291e-07,4.8026288602908597e-12
0.016,0.00031416838871368925,0.03906411612695912,0.01003141683887137,0.19937363107572939,0.0019874922384160525,0.00019937363107572938,6.2636381182827219e-07,5.1124423268668264e-12
0.016500000000000001,0.00033399897983092729,0.040257840591387768,0.010033399897983093,0.19933422571964252,0.0019867066771624697,0.00019933422571964251,6.6576884890676393e-07,5.4314507114267132e-12
0.017000000000000001,0.00035442581542201925,0.041449081762577389,0.010035442581542202,0.19929365184934864,0.0019858979833724689,0.0001992936518493486,7.0634239105576277e-07,5.7595956147545762e-12
0.017500000000000002,0.00037544763546352723,0.042637766159161289,0.010037544763546354,0.19925191340251441,0.001985066249728155,0.00019925191340251441,7.4808050066858669e-07,6.0968169843320373e-12
0.018000000000000002,0.00039706314323056935,0.04382382045748668,0.010039706314323058,0.19920901442572259,0.001984211571423387,0.00019920901442572255,7.9097913122410631e-07,6.4430533275788293e-12
0.018499999999999999,0.00041927100537680786,0.045007171496137616,0.010041927100537681,0.19916495907373324,0.0019833340461420917,0.00019916495907373324,8.3503412802524897e-07,6.7982414953299979e-12
0.019,0.0004420698520166988,0.046187746280447979,0.01004420698520167,0.19911975160872727,0.0019824337740360623,0.00019911975160872726,8.8024122895570252e-07,7.1623170221313894e-12
0.0195,0.00046545827680998799,0.047365471987004047,0.010046545827680999,0.19907339639953162,0.0019815108577022522,0.0001990733963995316,9.2659606525455475e-07,7.5352138240606455e-12
0.02,0.00048943483704846468,0.048540275968136662,0.010048943483704846,0.19902589792082695,0.0019805654021595714,0.00019902589792082694,9.7409416230860726e-07,7.9168644366375834e-12
0.020500000000000001,0.00051399805374495401,0.049712085756402458,0.010051399805374495,0.19897726075233796,0.0019795975148251947,0.00019897726075233796,1.0227309404620874e-06,8.3071999308620545e-12
0.021000000000000001,0.00053914641172454704,0.050880829069053952,0.010053914641172454,0.19892748957800646,0.0019786073054903932,0.00019892748957800645,1.0725017158434848e-06,8.706150051703831e-12
0.021500000000000002,0.00056487835971806403,0.052046433812498363,0.010056487835971807,0.1988765891851477,0.0019775948862959,0.00019887658918514768,1.123401701209228e-06,9.11364307834217e-12
0.021999999999999999,0.00059119231045774549,0.053208828086744618,0.010059119231045775,0.19882456446359015,0.001976560371706816,0.00019882456446359013,1.1754260068039163e-06,9.5296059332213056e-12
0.022499999999999999,0.00061808664077515842,0.054367940189838551,0.010061808664077515,0.19877142040479892,0.0019755038784870652,0.0001987714204047989,1.2285696412368161e-06,9.9539642637891276e-12
0.023,0.00064555969170132618,0.055523698622285698,0.010064555969170132,0.19871716210098328,0.0019744255256734229,0.00019871716210098327,1.2828275123743207e-06,1.0386642388922348e-11
0.0235,0.00067360976856905902,0.056676032091461846,0.010067360976856905,0.19866179474418855,0.0019733254345491048,0.00019866179474418852,1.3381944282480812e-06,1.0827563377488808e-11
0.024,0.00070223514111748548,0.057824869516010652,0.010070223514111749,0.1986053236253725,0.0019722037286169472,0.00019860532362537251,1.3946650979784981e-06,1.1276648971690994e-11
0.024500000000000001,0.0007314340435987921,0.058970140030228248,0.010073143404359879,0.19854775413346701,0.0019710605335721831,0.000198547754133467,1.4522341327132663e-06,1.1733819716873837e-11
0.025000000000000001,0.00076120467488713264,0.060111772988434634,0.010076120467488714,0.19848909175442431,0.0019698959772748133,0.00019848909175442431,1.5108960465806619e-06,1.2198995014252518e-11
0.025500000000000002,0.00079154519858973705,0.061249697969331329,0.010079154519858973,0.19842934207024973,0.0019687101897216089,0.00019842934207024972,1.5706452576572539e-06,1.2672093004868946e-11
0.026000000000000002,0.00082245374316018867,0.06238384478034547,0.010082245374316019,0.19836851075801953,0.0019675033030177257,0.00019836851075801952,1.6314760889497211e-06,1.315303074217473e-11
0.026499999999999999,0.00085392840201386382,0.063514143461959396,0.010085392840201386,0.19830660358888547,0.0019662754513479681,0.00019830660358888545,1.6933827693904505e-06,1.364172408064634e-11
0.027,0.00088596723364554712,0.064640524292026269,0.010088596723364556,0.1982436264270655,0.0019650267709476949,0.00019824362642706549,1.7563594348465932e-06,1.4138087903636971e-11
0.0275,0.00091856826174918638,0.065762917790070749,0.010091856826174918,0.19817958522882187,0.0019637574000733937,0.00019817958522882185,1.8204001291422422e-06,1.4642035887901388e-11
0.028000000000000001,0.0009517294753398042,0.06688125472157494,0.010095172947533981,0.19811448604142579,0.0019624674789729141,0.00019811448604142577,1.8854988050934082e-06,1.5153480804716132e-11
0.028500000000000001,0.00098544882887754309,0.067995466102249061,0.010098544882887755,0.19804833500211022,0.0019611571498554035,0.00019804833500211021,1.9516493255554509e-06,1.5672334320191507e-11
0.029000000000000001,0.0010197242423938436,0.069105483202286766,0.010101972424239384,0.19798113833701023,0.0019598265568609189,0.00019798113833701021,2.018845464482632e-06,1.619850714074949e-11
0.029500000000000002,0.0010545536016197488,0.070211237550604655,0.010105455360161976,0.19791290236009146,0.0019584758460297548,0.00019791290236009145,2.0870809079994482e-06,1.6731909088933173e-11
0.029999999999999999,0.0010899347581163211,0.07131266093906595,0.010108993475811632,0.19784363347206768,0.0019571051652714929,0.00019784363347206767,2.1563492554834022e-06,1.7272448908800953e-11
0.030499999999999999,0.0011258655294071674,0.072409685426687909,0.010112586552940717,0.19777333815930648,0.0019557146643337693,0.00019777333815930648,2.2266440206588697e-06,1.78200346290919e-11
0.031,0.0011623436991130653,0.073502243343832693,0.010116234369911306,0.19770202299272499,0.0019543044947707981,0.00019770202299272498,2.2979586327017093e-06,1.8374573295139833e-11
0.0315,0.0011993670170886805,0.074590267296381532,0.010119936701708868,0.1976296946266746,0.0019528748099116324,0.00019762969462667459,2.3702864373542764e-06,1.8935971111174853e-11
0.032000000000000001,0.0012369331995613641,0.075673690169892019,0.010123693319956136,0.19755635979781594,0.001951425764828205,0.00019755635979781591,2.443620698050485e-06,1.9504133590248179e-11
0.032500000000000001,0.0012750399292720282,0.076752445133737884,0.010127503992927204,0.1974820253239841,0.0019499575163031346,0.00019748202532398408,2.5179545970505677e-06,2.0078965330615445e-11
0.033000000000000002,0.0013136848556180869,0.077826465645231629,0.010131368485561809,0.19740669810304456,0.0019484702227973289,0.00019740669810304457,2.5932812365851849e-06,2.0660370227918454e-11
0.033500000000000002,0.0013528655947984492,0.078895685453728992,0.010135286559479845,0.19733038511174,0.0019469640444173808,0.00019733038511173998,2.6695936400085267e-06,2.1248251476455732e-11
0.034000000000000002,0.0013925797299605637,0.079960038604715705,0.010139257972996056,0.19725309340452837,0.0019454391428827796,0.00019725309340452835,2.7468847529600531e-06,2.1842511578499884e-11
0.034500000000000003,0.0014328248113495035,0.081019459443875855,0.010143282481134951,0.1971748301124131,0.001943895681492948,0.00019717483011241307,2.8251474445345218e-06,2.244305238749628e-11
0.035000000000000003,0.0014735983564590782,0.082073882621141805,0.010147359835645908,0.19709560244176502,0.0019423338250941144,0.00019709560244176501,2.9043745084599448e-06,2.3049775029288986e-11
0.035500000000000004,0.0015148978501849631,0.083123243094725172,0.010151489785018496,0.19701541767313674,0.0019407537400460257,0.00019701541767313673,2.9845586642831175e-06,2.3662580136748893e-11
0.036000000000000004,0.0015567207449798492,0.084167476135128996,0.010155672074497985,0.19693428316006983,0.0019391555941885279,0.00019693428316006981,3.0656925585623694e-06,2.428136780403394e-11
0.036499999999999998,0.0015990644610105798,0.085206517329140613,0.010159906446101059,0.19685220632789541,0.0019375395568080149,0.00019685220632789538,3.1477687660671737e-06,2.4906037428617465e-11
0.036999999999999998,0.0016419263863172973,0.086240302583804829,0.01016419263863173,0.19676919467252771,0.0019359057986037553,0.0001967691946725277,3.2307797909842707e-06,2.5536488007749737e-11
0.037499999999999999,0.0016853038769745476,0.087268768130377594,0.010168530387697454,0.19668525575925203,0.0019342544916541189,0.00019668525575925201,3.3147180681299295e-06,2.6172618041472688e-11
0.037999999999999999,0.0017291942572543817,0.088291850528259455,0.010172919425725438,0.19660039722150641,0.0019325858093827051,0.0001966003972215064,3.3995759641680188e-06,2.6814325562689577e-11
0.0385,0.0017735948197914009,0.089309486668909005,0.010177359481979141,0.19651462675965828,0.00193089992652439,0.00019651462675965826,3.485345778833514e-06,2.7461508207045213e-11
0.039,0.0018185028257497659,0.090321613779735563,0.010181850282574977,0.19642795213977579,0.0019291970190913022,0.00019642795213977576,3.5720197461610914e-06,2.811406312779914e-11
0.0395,0.0018639155049921298,0.091328169427971381,0.010186391550499213,0.1963403811923943,0.0019274772643387349,0.00019634038119239428,3.6595900357184597e-06,2.8771887242312226e-11
0.040000000000000001,0.0019098300562505255,0.092329091524522844,0.010190983005625053,0.1962519218112789,0.0019257408407310163,0.00019625192181127888,3.7480487538440739e-06,2.943487702706469e-11
0.040500000000000001,0.0019562436472991551,0.093324318327800165,0.010195624364729915,0.19616258195218245,0.0019239879279073346,0.00019616258195218243,3.8373879448888825e-06,3.0102928669275002e-11
0.041000000000000002,0.002003153415129094,0.094313788447526276,0.01020031534151291,0.19607236963160007,0.0019222187066475398,0.00019607236963160006,3.927599592461758e-06,3.0775938168120314e-11
0.041500000000000002,0.0020505564661248998,0.095297440848523332,0.01020505564661249,0.19598129292552055,0.0019204333588379347,0.00019598129292552053,4.0186756206782636e-06,3.1453801189470316e-11
0.042000000000000003,0.0020984498762430972,0.096275214854477806,0.01020984498762431,0.19588935996817444,0.0019186320674370514,0.00019588935996817444,4.1106078954124089e-06,3.213641312983822e-11
0.042500000000000003,0.0021468306911925517,0.097247050151683334,0.010214683069119256,0.19579657895077959,0.0019168150164414434,0.00019579657895077958,4.2033882255510528e-06,3.2823669352702951e-11
0.043000000000000003,0.0021956959266167019,0.098212886792760939,0.010219569592661671,0.19570295812028451,0.0019149823908514915,0.00019570295812028449,4.2970083642506048e-06,3.3515464886965424e-11
0.043500000000000004,0.0022450425682776554,0.099172665200357238,0.010224504256827766,0.19560850577810956,0.0019131343766372361,0.00019560850577810955,4.3914600101956966e-06,3.4211694731880397e-11
0.043999999999999997,0.0022948675722421065,0.10012632617081896,0.010229486757224212,0.19551323027888678,0.0019112711607042502,0.00019551323027888678,4.486734808859468e-06,3.4912253738471864e-11
0.044499999999999998,0.0023451678650691179,0.10107381087784538,0.010234516786506912,0.19541714002919811,0.0019093929308595611,0.00019541714002919809,4.5828243537651555e-06,3.561703673489393e-11
0.044999999999999998,0.0023959403439996908,0.1020150608761167,0.01023959403439997,0.19532024348631299,0.0019074998757776295,0.00019532024348631297,4.6797201877486144e-06,3.6325938394293669e-11
0.045499999999999999,0.0024471818771481637,0.10295001810489932,0.010244718187714816,0.19522254915692508,0.0019055921849664014,0.00019522254915692506,4.7774138042214863e-06,3.7038853434710902e-11
0.045999999999999999,0.0024988893036954041,0.10387862489162737,0.01024988893036954,0.19512406559588874,0.0019036700487334343,0.00019512406559588872,4.8758966484346498e-06,3.7755676615690065e-11
0.0465,0.002551059434083779,0.10480082395546007,0.010255105943408378,0.19502480140495573,0.001901733658152121,0.00019502480140495571,4.9751601187416449e-06,3.8476302626471858e-11
0.047,0.0026036890502139022,0.10571655841081526,0.01026036890502139,0.19492476523151198,0.0018997832050280028,0.00019492476523151197,5.0751955678617457e-06,3.9200626271493463e-11
0.047500000000000001,0.0026567749056431436,0.1066257717708782,0.010265677490564314,0.1948239657673152,0.0018978188818651999,0.00019482396576731519,5.1759943041423589e-06,3.9928542435660192e-11
0.048000000000000001,0.0027103137257858847,0.10752840795108611,0.010271031372578589,0.19472241174723343,0.0018958408818329552,0.00019472241174723341,5.277547592820435e-06,4.0659946141943727e-11
0.048500000000000001,0.0027643022081155068,0.10842441127258756,0.010276430220811551,0.19462011194798498,0.0018938493987323102,0.00019462011194798496,5.3798466572825785e-06,4.1394732447197068e-11
0.049000000000000002,0.0028187370223681121,0.10931372646567714,0.010281873702236811,0.19451707518687983,0.0018918446269629127,0.00019451707518687982,5.4828826803235483e-06,4.2132796619184418e-11
0.049500000000000002,0.0028736148107479467,0.11019629867320468,0.010287361481074795,0.19441331032056294,0.0018898267614899751,0.00019441331032056292,5.5866468054028356e-06,4.287403422975481e-11
0.050000000000000003,0.0029289321881345244,0.11107207345395916,0.010292893218813453,0.19430882624376011,0.001887795997811388,0.00019430882624376012,5.6911301378990263e-06,4.3618340835510682e-11
0.050500000000000003,0.0029846857422914431,0.11194099678602681,0.010298468574229145,0.19420363188802592,0.0018857525319249937,0.00019420363188802592,5.7963237463616401e-06,4.4365612419112045e-11
0.051000000000000004,0.0030408720340768559,0.1128030150701235,0.010304087203407686,0.1940977362204947,0.001883696560296037,0.00019409773622049468,5.9022186637601583e-06,4.5115745145330995e-11
0.051500000000000004,0.0030974875976556284,0.11365807513290106,0.010309748759765563,0.19399114824263464,0.0018816282798247922,0.00019399114824263463,6.008805888729941e-06,4.5868635409332587e-11
0.052000000000000005,0.0031545289407131139,0.11450612423022709,0.010315452894071311,0.19388387698900522,0.0018795478878143855,0.00019388387698900521,6.1160763868147545e-06,4.6624180021328024e-11
0.052499999999999998,0.0032119925446705811,0.11534711005043854,0.010321199254467058,0.19377593152601832,0.0018774555819388069,0.0001937759315260183,6.2240210917056136e-06,4.738227606596718e-11
0.052999999999999999,0.003269874864902266,0.11618098071756874,0.010326987486490228,0.19366732095070333,0.0018753515602111365,0.00019366732095070331,6.3326309064756779e-06,4.8142820992971131e-11
0.053499999999999999,0.0033281723309540037,0.11700768479454696,0.0103328172330954,0.19355805438947654,0.0018732360209519781,0.00019355805438947654,6.4418967048109011e-06,4.8905712537511057e-11
0.053999999999999999,0.0033868813467634808,0.11782717128637166,0.010338688134676349,0.19344814099691476,0.0018711091627581105,0.00019344814099691475,6.5518093322361859e-06,4.9670849042080759e-11
0.0545,0.0034459982908820607,0.1186393896432559,0.010344599829088206,0.19333758995453421,0.0018689711844713801,0.00019333758995453419,6.6623596073367655e-06,5.0438129021968762e-11
0.055,0.0035055195166981625,0.11944428976374551,0.010350551951669817,0.19322641046957378,0.0018668222851478105,0.00019322641046957376,6.7735383229745482e-06,5.1207451675172144e-11
0.055500000000000001,0.0035654413526622097,0.12024182199780965,0.010356544135266221,0.19311461177378442,0.0018646626640269736,0.00019311461177378442,6.885336247499175e-06,5.1978716390270398e-11
0.056000000000000001,0.0036257601025131013,0.1210319371499034,0.01036257601025131,0.19300220312222313,0.0018624925205015937,0.00019300220312222312,6.9977441259535268e-06,5.2751823333419261e-11
0.056500000000000002,0.003686472045506223,0.12181458648200244,0.010368647204550623,0.1928891937920536,0.0018603120540874206,0.0001928891937920536,7.1107526812734412e-06,5.3526672940130949e-11
0.057000000000000002,0.0037475734366429481,0.12258972171660931,0.010374757343664295,0.19277559308135234,0.0018581214643933568,0.00019277559308135232,7.224352615481387e-06,5.4303166272722057e-11
0.057500000000000002,0.0038090605069016604,0.1233572950397316,0.010380906050690166,0.19266141030792122,0.0018559209510918583,0.00019266141030792119,7.338534610873862e-06,5.5081204932222135e-11
0.058000000000000003,0.0038709294634702352,0.12411725910383105,0.010387092946347024,0.19254665480810668,0.0018537107138896093,0.00019254665480810665,7.453289331202273e-06,5.586069106430292e-11
0.058500000000000003,0.0039331764899800028,0.12486956703074449,0.010393317648998,0.19243133593562553,0.0018514909524984784,0.00019243133593562552,7.5686074228470752e-06,5.6641527383842287e-11
0.059000000000000004,0.0039957977467411599,0.12561417241457531,0.010399579774674116,0.19231546306039782,0.0018492618666067614,0.00019231546306039778,7.6844795159849428e-06,5.7423617256239417e-11
0.059500000000000004,0.0040587893709796144,0.126351029324556,0.010405878937097962,0.19219904556738665,0.0018470236558507181,0.00019219904556738664,7.8008962257487385e-06,5.8206864607629298e-11
0.059999999999999998,0.0041221474770752678,0.12708009230788148,0.010412214747707527,0.19208209285544586,0.001844776519786406,0.00019208209285544585,7.9178481533800894e-06,5.8991174045161412e-11
0.060499999999999998,0.0041858681568016929,0.12780131639251271,0.01041858681568017,0.19196461433617487,0.0018425206578618178,0.00019196461433617485,8.0353258873743407e-06,5.9776450794319291e-11
0.060999999999999999,0.0042499474795672136,0.12851465708995094,0.010424994747956721,0.19184661943278161,0.0018402562693893268,0.00019184661943278159,8.1533200046176764e-06,6.0562600715861176e-11
0.061499999999999999,0.0043143814926573602,0.12922007039798175,0.010431438149265736,0.19172811757895331,0.0018379835535184469,0.00019172811757895328,8.2718210715162234e-06,6.1349530480308808e-11
0.062,0.0043791662214786933,0.12991751280338951,0.01043791662214787,0.19160911821773574,0.0018357027092089113,0.00019160911821773573,8.3908196451169365e-06,6.2137147313837539e-11
0.0625,0.0044442976698039769,0.13060694128464148,0.010444429766980397,0.19148963080042067,0.0018334139352040708,0.00019148963080042067,8.5103062742200627e-06,6.2925359250692154e-11
0.063,0.0045097718200186833,0.13128831331454136,0.010450977182001869,0.19136966478544193,0.0018311174300046202,0.00019136966478544191,8.6302715004830135e-06,6.3714075060342036e-11
0.063500000000000001,0.0045755846333688111,0.13196158686285284,0.010457558463336881,0.19124922963728036,0.0018288133918426598,0.00019124922963728035,8.7507058595154527e-06,6.45032041763304e-11
0.064000000000000001,0.0046417320502100349,0.13262672039889203,0.010464173205021004,0.19112833482537769,0.0018265020186560839,0.00019112833482537767,8.8715998819654285e-06,6.5292656880927471e-11
0.064500000000000002,0.0047082099902580922,0.13328367289408941,0.010470820999025809,0.19100698982305947,0.0018241835080633169,0.00019100698982305945,8.9929440945963823e-06,6.6082344152664559e-11
0.065000000000000002,0.0047750143528405113,0.13393240382452049,0.010477501435284052,0.19088520410646728,0.0018218580573383834,0.00019088520410646725,9.114729021354858e-06,6.6872177869621964e-11
0.065500000000000003,0.0048421410171495252,0.13457287317340574,0.010484214101714953,0.19076298715350065,0.0018195258633863329,0.00019076298715350065,9.2369451844287639e-06,6.7662070565483487e-11
0.066000000000000003,0.0049095858424962856,0.13520504143357881,0.010490958584249629,0.19064034844276825,0.0018171871227190045,0.00019064034844276824,9.359583105296017e-06,6.8451935724303894e-11
0.066500000000000004,0.0049773446685662751,0.13582886960992369,0.010497734466856628,0.190517297452549,0.0018148420314311514,0.00019051729745254899,9.4826333057634321e-06,6.9241687556892222e-11
0.067000000000000004,0.0050454133156759241,0.13644431922177991,0.010504541331567592,0.19039384365976311,0.001812490785176916,0.00019039384365976311,9.6060863089957026e-06,7.0031241171912431e-11
0.067500000000000004,0.0051137875850304501,0.13705135230531637,0.010511378758503045,0.19026999653895316,0.0018101335791466621,0.00019026999653895313,9.7299326405343334e-06,7.0820512521673298e-11
0.068000000000000005,0.0051824632589828465,0.13764993141587317,0.010518246325898284,0.19014576556127527,0.0018077706080441725,0.00019014576556127525,9.8541628293063898e-06,7.160941834114204e-11
0.068500000000000005,0.0052514361012940547,0.13824001963027113,0.010525143610129406,0.19002116019350068,0.0018054020660642025,0.00019002116019350068,9.9787674086229305e-06,7.2397876373255085e-11
0.069000000000000006,0.0053207018573942656,0.13882158054908969,0.010532070185739427,0.18989618989702789,0.0018030281468704038,0.0001898961898970279,1.0103736917167004e-05,7.3185805080926863e-11
0.069500000000000006,0.0053902562546453764,0.13939457829891194,0.010539025625464538,0.18977086412690491,0.0018006490435736103,0.0001897708641269049,1.0229061899971087e-05,7.3973123996027386e-11
0.070000000000000007,0.0054600950026045328,0.13995897753453762,0.010546009500260453,0.1896451923308628,0.001798264948710497,0.0001896451923308628,1.0354732909383837e-05,7.4759753343299614e-11
0.070500000000000007,0.0055302137932887871,0.14051474344116335,0.010553021379328878,0.18951918394835948,0.0017958760542226059,0.00018951918394835947,1.0480740506026072e-05,7.5545614436770881e-11
0.071000000000000008,0.0056006083014408497,0.14106184173653008,0.010560060830144085,0.18939284840963472,0.0017934825514357437,0.00018939284840963471,1.0607075259735842e-05,7.6330629434113333e-11
0.071500000000000008,0.0056712741847958605,0.14160023867303789,0.010567127418479587,0.18926619513477608,0.0017910846310397566,0.00018926619513477607,1.0733727750502515e-05,7.7114721399324372e-11
0.072000000000000008,0.0057422070843492733,0.14212990103982767,0.010574220708434928,0.18913923353279588,0.0017886824830686747,0.00018913923353279586,1.0860688569389782e-05,7.7897814336607969e-11
0.072499999999999995,0.0058134026246257162,0.14265079616482967,0.010581340262462572,0.18901197300071931,0.0017862762968812323,0.0001890119730007193,1.0987948319447453e-05,7.867983323103225e-11
0.072999999999999995,0.0058848564139489089,0.143162891916779,0.01058848564139489,0.18888442292268406,0.0017838662611417686,0.00018888442292268405,1.1115497616612027e-05,7.946070390961609e-11
0.073499999999999996,0.0059565640447125489,0.14366615670719751,0.010595656404471255,0.18875659266905079,0.0017814525638014977,0.00018875659266905079,1.1243327090595871e-05,8.0240353319155919e-11
0.073999999999999996,0.006028521093652193,0.14416055949234227,0.010602852109365219,0.18862849159552578,0.0017790353920801667,0.00018862849159552577,1.1371427385764996e-05,8.1018709214517601e-11
0.074499999999999997,0.0061007231221181148,0.14464606977512068,0.010610072312211812,0.18850012904229427,0.0017766149324480794,0.00018850012904229427,1.1499789162005337e-05,8.1795700378864996e-11
0.074999999999999997,0.0061731656763491021,0.14512265760697154,0.010617316567634911,0.18837151433316596,0.001774191370608507,0.00018837151433316593,1.1628403095577455e-05,8.257125659655491e-11
0.075499999999999998,0.0062458442877471685,0.14559029358971246,0.010624584428774717,0.1882426567747319,0.0017717648914804759,0.00018824265677473191,1.1757259879959618e-05,8.3345308456625445e-11
0.075999999999999998,0.0063187544731532191,0.14604894887735323,0.010631875447315323,0.18811356565553297,0.0017693356791819259,0.00018811356565553297,1.1886350226679195e-05,8.4117787815275995e-11
0.076499999999999999,0.0063918917351235803,0.14649859517787528,0.010639189173512358,0.18798425024524046,0.0017669039170132592,0.00018798425024524044,1.2015664866132306e-05,8.4888627231743301e-11
0.076999999999999999,0.0064652515622074273,0.14693920475497677,0.010646525156220743,0.18785471979384785,0.0017644697874412544,0.00018785471979384784,1.2145194548391689e-05,8.5657760456192425e-11
0.077499999999999999,0.0065388294292250708,0.14737075042978351,0.010653882942922507,0.18772498353087522,0.0017620334720833684,0.00018772498353087521,1.227493004400272e-05,8.6425122050245995e-11
0.078,0.0066126207975470853,0.14779320558252551,0.010661262079754709,0.18759505066458468,0.0017595951516924044,0.00018759505066458465,1.2404862144767573e-05,8.7190647757984631e-11
0.0785,0.0066866211153742893,0.14820654415417903,0.010668662111537429,0.1874649303812084,0.0017571550061415656,0.00018746493038120839,1.253498166451746e-05,8.7954274134946519e-11
0.079000000000000001,0.0067608258180185043,0.14861074064807397,0.010676082581801851,0.18733463184418819,0.0017547132144098763,0.00018733463184418818,1.2665279439872927e-05,8.8715938873388058e-11
0.079500000000000001,0.006835230328184139,0.14900577013146668,0.010683523032818415,0.18720416419342722,0.0017522699545679827,0.0001872041641934272,1.2795746330992189e-05,8.9475580595607825e-11
0.080000000000000002,0.0069098300562505256,0.14939160823707778,0.010690983005625054,0.18707353654455361,0.0017498254037643217,0.00018707353654455361,1.2926373222307459e-05,9.0233138914932944e-11
0.080500000000000002,0.0069846204005550392,0.14976823116459556,0.010698462040055505,0.18694275798819621,0.0017473797382116646,0.00018694275798819619,1.3057151023249274e-05,9.0988554518728316e-11
0.081000000000000003,0.0070595967476769599,0.15013561568214373,0.010705959674767696,0.18681183758927219,0.0017449331331740301,0.00018681183758927216,1.3188070668958791e-05,9.1741769029483216e-11
0.081500000000000003,0.0071347544727220161,0.15049373912771472,0.010713475447272202,0.18668078438628685,0.0017424857629539658,0.00018668078438628685,1.3319123120988044e-05,9.2492725091208655e-11
0.082000000000000003,0.0072100889396077075,0.1508425794105675,0.010721008893960771,0.18654960739064547,0.0017400378008801981,0.00018654960739064548,1.3450299367988148e-05,9.324136635927298e-11
0.082500000000000004,0.007285595501349257,0.15118211501259027,0.010728559550134926,0.18641831558597699,0.0017375894192956456,0.00018641831558597699,1.3581590426385466e-05,9.3987637525812869e-11
0.083000000000000004,0.0073612695003462706,0.15151232498962772,0.010736126950034628,0.18628691792747004,0.0017351407895457979,0.00018628691792747004,1.3712987341045724e-05,9.4731484223171568e-11
0.083500000000000005,0.007437106268670033,0.15183318897277304,0.010743710626867003,0.18615542334122084,0.0017326920819674572,0.00018615542334122083,1.3844481185926077e-05,9.547285307980307e-11
0.084000000000000005,0.0075131011283514531,0.15214468716962432,0.010751310112835146,0.18602384072359301,0.001730243465877835,0.00018602384072359302,1.3976063064715142e-05,9.6211691825304202e-11
0.084500000000000006,0.0075892493916696136,0.15244680036550554,0.010758924939166963,0.18589217894058988,0.0017277951095640142,0.00018589217894058986,1.4107724111461011e-05,9.69479491125377e-11
0.085000000000000006,0.0076655463614409471,0.15273950992465166,0.010766554636144095,0.18576044682723819,0.0017253471802727593,0.00018576044682723817,1.4239455491187247e-05,9.7681574565066059e-11
0.085500000000000007,0.0077419873313089617,0.15302279779135827,0.010774198733130897,0.18562865318698424,0.0017228998442006833,0.0001856286531869842,1.4371248400496903e-05,9.841251887710142e-11
0.086000000000000007,0.0078185675860345735,0.1532966464910954,0.010781856758603457,0.18549680679110175,0.0017204532664847664,0.00018549680679110173,1.4503094068164565e-05,9.9140733689838758e-11
0.086500000000000007,0.007895282401786944,0.15356103913158528,0.010789528240178694,0.18536491637811187,0.0017180076111932199,0.00018536491637811186,1.4634983755716458e-05,9.9866171667688849e-11
0.087000000000000008,0.0079721270464348758,0.15381595940384443,0.010797212704643488,0.18523299065321486,0.001715563041316699,0.00018523299065321486,1.4766908757998635e-05,1.0058878648641981e-10
0.087500000000000008,0.0080490967798387165,0.15406139158318971,0.010804909677983872,0.18510103828773397,0.0017131197187598578,0.00018510103828773397,1.4898860403733299e-05,1.0130853270949028e-10
0.087999999999999995,0.0081261868541427501,0.15429732053020817,0.010812618685414275,0.18496906791857073,0.0017106778043332414,0.00018496906791857072,1.5030830056063261e-05,1.0202536599980766e-10
0.088499999999999995,0.0082033925140680714,0.15452373169169106,0.010820339251406807,0.18483708814767244,0.0017082374577455216,0.00018483708814767244,1.5162809113084632e-05,1.0273924291474617e-10
0.088999999999999996,0.0082807089972059041,0.15474061110153145,0.01082807089972059,0.18470510754151126,0.0017057988375960616,0.00018470510754151125,1.5294789008367697e-05,1.0345012103828394e-10
0.089499999999999996,0.008358131534311369,0.15494794538158574,0.010835813153431137,0.18457313463057493,0.0017033621013678168,0.00018457313463057491,1.5426761211466122e-05,1.041579589471217e-10
0.089999999999999997,0.0084356553495976913,0.15514572174249891,0.010843565534959769,0.18444117790886946,0.0017009274054205618,0.00018444117790886944,1.5558717228414466e-05,1.0486271607176943e-10
0.090499999999999997,0.0085132756610307673,0.15533392798449339,0.010851327566103077,0.184309245833433,0.0016984949049844416,0.00018430924583343297,1.5690648602214079e-05,1.055643529337155e-10
0.090999999999999998,0.0085909876806241712,0.15551255249812165,0.010859098768062417,0.18417734682386161,0.0016960647541538502,0.00018417734682386159,1.582254691330744e-05,1.0626283095230326e-10
0.091499999999999998,0.0086687866147344746,0.1556815842649823,0.010866878661473447,0.1840454892618465,0.0016936371058816223,0.00018404548926184648,1.5954403780040985e-05,1.0695811251588169e-10
0.091999999999999998,0.008746667664356958,0.1558410128583998,0.010874666766435696,0.18391368149072251,0.0016912121119735466,0.00018391368149072251,1.6086210859116475e-05,1.0765016099874617e-10
0.092499999999999999,0.0088246260254216235,0.15599082844406742,0.010882462602542163,0.18378193181502839,0.0016887899230831869,0.00018378193181502837,1.6217959846030996e-05,1.0833894061544874e-10
0.092999999999999999,0.0089026568890895452,0.15613102178065422,0.010890265688908954,0.18365024850007777,0.0016863706887070159,0.00018365024850007777,1.6349642475505623e-05,1.0902441659359284e-10
0.0935,0.0089807554420494994,0.15626158422037481,0.01089807554420495,0.18351863977154201,0.0016839545571798501,0.000183518639771542,1.6481250521902827e-05,1.0970655515011641e-10
0.094,0.0090589168668148545,0.15638250770952289,0.010905891686681485,0.18338711381504402,0.0016815416756705956,0.00018338711381504403,1.6612775799632698e-05,1.1038532325412264e-10
0.094500000000000001,0.0091371363420207664,0.15649378478896808,0.010913713634202077,0.18325567877576293,0.0016791321901782803,0.00018325567877576293,1.6744210163548054e-05,1.110606890029626e-10
0.095000000000000001,0.0092154090427215476,0.15659540859461593,0.010921540904272154,0.18312434275805026,0.0016767262455283935,0.00018312434275805024,1.6875545509328512e-05,1.1173262122582384e-10
0.095500000000000002,0.0092937301406883326,0.15668737285783144,0.010929373014068834,0.18299311382505659,0.001674323985369506,0.00018299311382505659,1.700677377385357e-05,1.1240108982593167e-10
0.096000000000000002,0.0093720948047068663,0.15676967190582566,0.010937209480470687,0.18286199999836972,0.0016719255521701881,0.00018286199999836971,1.7137886935564843e-05,1.1306606542818348e-10
0.096500000000000002,0.0094504982008755435,0.15684230066200566,0.010945049820087555,0.18273100925766284,0.0016695310872162029,0.00018273100925766283,1.7268877014817446e-05,1.1372751970779751e-10
0.097000000000000003,0.0095289354929035727,0.15690525464628763,0.010952893549290358,0.1826001495403542,0.0016671407306079853,0.00018260014954035416,1.739973607422069e-05,1.1438542513281485e-10
0.097500000000000003,0.0096074018424093105,0.15695852997537321,0.010960740184240932,0.18246942874127683,0.0016647546212583948,0.00018246942874127682,1.7530456218968107e-05,1.1503975505557898e-10
0.098000000000000004,0.009685892409218716,0.15700212336298927,0.010968589240921872,0.18233885471235925,0.0016623728968907427,0.00018233885471235925,1.7661029597156946e-05,1.1569048378388654e-10
0.098500000000000004,0.0097644023516638961,0.15703603212009026,0.01097644023516639,0.18220843526231639,0.001659995694037087,0.00018220843526231637,1.7791448400097183e-05,1.1633758642852141e-10
0.099000000000000005,0.009842926826881794,0.15706025415502431,0.01098429268268818,0.18207817815635091,0.0016576231480367929,0.00018207817815635091,1.7921704862610167e-05,1.1698103891003096e-10
0.099500000000000005,0.0099214609911128879,0.15707478797366226,0.01099214609911129,0.18194809111586491,0.0016552553930353538,0.00018194809111586491,1.8051791263316967e-05,1.1762081810780386e-10
0.10000000000000001,0.0099999999999999985,0.15707963267948966,0.010999999999999999,0.18181818181818182,0.0016528925619834713,0.00018181818181818181,1.8181699924916546e-05,1.1825690162967713e-10
0.10050000000000001,0.010078539008887112,0.15707478797366226,0.011007853900888712,0.18168845789627816,0.0016505347866363818,0.00018168845789627813,1.8311423214453819e-05,1.1888926803216467e-10
0.10100000000000001,0.010157073173118208,0.15706025415502431,0.01101570731731182,0.18155892693852574,0.001648182197553446,0.0001815589269385257,1.8440953543577719e-05,1.1951789655957113e-10
0.10150000000000001,0.010235597648336101,0.15703603212009026,0.01102355976483361,0.18142959648844323,0.0016458349240979664,0.00018142959648844321,1.8570283368789354e-05,1.2014276742181875e-10
0.10200000000000001,0.010314107590781281,0.15700212336298927,0.011031410759078129,0.18130047404445809,0.001643493094437261,0.00018130047404445808,1.8699405191680374e-05,1.2076386152678488e-10
0.10250000000000001,0.010392598157590685,0.15695852997537321,0.011039259815759069,0.18117156705967777,0.0016411568355429655,0.00018117156705967774,1.8828311559161604e-05,1.2138116063615612e-10
0.10300000000000001,0.010471064507096426,0.15690525464628763,0.011047106450709642,0.18104288294167062,0.0016388262731915721,0.00018104288294167059,1.8956995063682107e-05,1.2199464728750121e-10
0.10350000000000001,0.010549501799124459,0.15684230066200566,0.011054950179912447,0.18091442905225644,0.0016365015319651963,0.00018091442905225643,1.9085448343438724e-05,1.2260430482476429e-10
0.10400000000000001,0.010627905195293134,0.15676967190582566,0.011062790519529313,0.18078621270730649,0.0016341827352525731,0.00018078621270730647,1.9213664082576233e-05,1.2321011728306836e-10
0.1045,0.010706269859311666,0.15668737285783144,0.011070626985931167,0.18065824117655221,0.0016318700052502654,0.00018065824117655222,1.9341635011378197e-05,1.238120695682863e-10
0.105,0.010784590957278446,0.15659540859461593,0.011078459095727845,0.180530521683404,0.0016295634629641001,0.000180530521683404,1.9469353906448668e-05,1.244101473113512e-10
0.1055,0.010862863657979232,0.15649378478896808,0.011086286365797924,0.18040306140477835,0.0016272632282108115,0.00018040306140477836,1.9596813590884754e-05,1.2500433687164447e-10
0.106,0.010941083133185141,0.15638250770952289,0.011094108313318514,0.18027586747093441,0.0016249694196198952,0.00018027586747093439,1.9724006934440272e-05,1.2559462532005521e-10
0.1065,0.011019244557950499,0.15626158422037481,0.01110192445579505,0.18014894696531897,0.001622682154635665,0.00018014894696531894,1.985092685368051e-05,1.2618100053045974e-10
0.107,0.011097343110910452,0.15613102178065422,0.011109734311091045,0.18002230692442073,0.001620401549519517,0.00018002230692442073,1.9977566312128246e-05,1.2676345101031504e-10
0.1075,0.011175373974578373,0.15599082844406742,0.011117537397457838,0.17989595433763278,0.0016181277193523828,0.00017989595433763278,2.0103918320401127e-05,1.273419660802297e-10
0.108,0.011253332335643042,0.1558410128583998,0.011125333233564304,0.1797698961471238,0.0016158607780373836,0.0001797698961471238,2.0229975936340526e-05,1.2791653565712353e-10
0.1085,0.011331213385265522,0.15568158426498233,0.011133121338526553,0.17964413924771758,0.0016136008383026671,0.00017964413924771757,2.0355732265131968e-05,1.2848715044735102e-10
0.109,0.011409012319375826,0.15551255249812165,0.011140901231937582,0.17951869048678101,0.0016113480117044337,0.00017951869048678099,2.0481180459417265e-05,1.2905380172647282e-10
0.1095,0.011486724338969228,0.15533392798449341,0.011148672433896924,0.17939355666411996,0.0016091024086301411,0.00017939355666411996,2.0606313719398457e-05,1.2961648156626054e-10
0.11,0.011564344650402306,0.15514572174249891,0.01115643446504023,0.17926874453188374,0.0016068641383018899,0.00017926874453188371,2.073112529293366e-05,1.3017518260769194e-10
0.1105,0.01164186846568863,0.15494794538158577,0.011164186846568863,0.17914426079447682,0.0016046333087799758,0.00017914426079447678,2.0855608475624984e-05,1.3072989821341684e-10
0.111,0.011719291002794095,0.15474061110153148,0.01117192910027941,0.1790201121084791,0.0016024100269666211,0.00017902011210847908,2.0979756610898571e-05,1.3128062233223187e-10
0.1115,0.011796607485931926,0.15452373169169106,0.011179660748593192,0.17889630508257354,0.0016001943986098611,0.00017889630508257352,2.1103563090076914e-05,1.3182734954990242e-10
0.112,0.011873813145857243,0.1542973205302082,0.011187381314585725,0.17877284627748125,0.0015979865283075971,0.00017877284627748125,2.1227021352443554e-05,1.3237007517386597e-10
0.1125,0.011950903220161282,0.15406139158318971,0.011195090322016129,0.17864974220590471,0.0015957865195118102,0.00017864974220590469,2.1350124885300283e-05,1.3290879500961537e-10
0.113,0.012027872953565125,0.15381595940384443,0.011202787295356512,0.17852699933247754,0.0015935944745329219,0.00017852699933247753,2.147286722401694e-05,1.3344350550977663e-10
0.1135,0.012104717598213058,0.15356103913158528,0.011210471759821306,0.17840462407372229,0.0015914104945443084,0.00017840462407372229,2.1595241952073962e-05,1.3397420373345136e-10
0.114,0.012181432413965425,0.15329664649109542,0.011218143241396543,0.17828262279801491,0.001589234679586963,0.00017828262279801489,2.1717242701097754e-05,1.3450088734282863e-10
0.1145,0.012258012668691034,0.15302279779135827,0.011225801266869104,0.17816100182555641,0.0015870671285742959,0.00017816100182555642,2.1838863150889047e-05,1.3502355451509352e-10
0.115,0.012334453638559053,0.15273950992465166,0.011233445363855905,0.17803976742835162,0.0015849079392970765,0.00017803976742835159,2.1960097029444314e-05,1.3554220408134058e-10
0.11550000000000001,0.012410750608330386,0.15244680036550554,0.01124107506083304,0.17791892583019425,0.0015827572084285084,0.00017791892583019425,2.2080938112970388e-05,1.3605683534700279e-10
0.11600000000000001,0.012486898871648548,0.15214468716962432,0.011248689887164855,0.17779848320665942,0.0015806150315294375,0.0001777984832066594,2.2201380225892394e-05,1.365674481901074e-10
0.11650000000000001,0.012562893731329966,0.15183318897277304,0.011256289373132996,0.17767844568510183,0.0015784815030536843,0.00017767844568510182,2.2321417240855102e-05,1.3707404305788782e-10
0.11700000000000001,0.012638730499653731,0.15151232498962772,0.011263873049965373,0.17755881934466125,0.0015763567163535022,0.00017755881934466123,2.244104307871783e-05,1.3757662091934972e-10
0.11750000000000001,0.012714404498650743,0.15118211501259027,0.011271440449865075,0.17743961021627375,0.0015742407636851576,0.00017743961021627374,2.2560251708543004e-05,1.3807518323477792e-10
0.11800000000000001,0.012789911060392295,0.1508425794105675,0.01127899110603923,0.1773208242826895,0.0015721337362146223,0.00017732082428268948,2.2679037147578488e-05,1.3856973200994643e-10
0.11850000000000001,0.012865245527277984,0.15049373912771472,0.011286524552727798,0.17720246747849649,0.0015700357240233805,0.00017720246747849651,2.2797393461233828e-05,1.3906026964704069e-10
0.11900000000000001,0.012940403252323039,0.15013561568214373,0.011294040325232305,0.17708454569015031,0.0015679468161143464,0.00017708454569015028,2.2915314763050466e-05,1.3954679923603689e-10
0.11950000000000001,0.013015379599444956,0.14976823116459556,0.011301537959944496,0.17696706475600976,0.0015658671004178874,0.00017696706475600976,2.3032795214666118e-05,1.4002932410408044e-10
0.12,0.01309016994374947,0.14939160823707781,0.011309016994374947,0.17685003046637837,0.0015637966637979475,0.00017685003046637835,2.3149829025773358e-05,1.4050784827288379e-10
0.1205,0.013164769671815861,0.14900577013146668,0.011316476967181587,0.1767334485635513,0.0015617355920582714,0.00017673344856355128,2.3266410454072586e-05,1.4098237611313695e-10
0.121,0.013239174181981492,0.148610740648074,0.011323917418198149,0.1766173247418682,0.001559683969948726,0.00017661732474186817,2.3382533805219429e-05,1.4145291238516506e-10
0.1215,0.01331337888462571,0.14820654415417905,0.011331337888462571,0.17650166464777081,0.0015576418811717072,0.00017650166464777079,2.349819343276675e-05,1.4191946244221636e-10
0.122,0.013387379202452912,0.14779320558252554,0.011338737920245291,0.1763864738798667,0.0015556094083886446,0.00017638647387986669,2.3613383738101342e-05,1.4238203194924721e-10
0.1225,0.013461170570774927,0.14737075042978351,0.011346117057077493,0.17627175798899747,0.0015535866332265845,0.00017627175798899745,2.3728099170375437e-05,1.4284062709637438e-10
0.123,0.013534748437792571,0.14693920475497677,0.011353474843779257,0.17615752247831251,0.0015515736362848587,0.00017615752247831249,2.384233422643313e-05,1.4329525436509397e-10
0.1235,0.013608108264876418,0.14649859517787531,0.011360810826487641,0.17604377280334743,0.0015495704971418304,0.00017604377280334741,2.3956083450731842e-05,1.4374592073495749e-10
0.124,0.013681245526846778,0.14604894887735323,0.011368124552684678,0.17593051437210752,0.0015475772943617163,0.00017593051437210749,2.4069341435258928e-05,1.4419263356159904e-10
0.1245,0.01375415571225283,0.14559029358971248,0.011375415571225284,0.17581775254515589,0.0015455941055014832,0.00017581775254515587,2.4182102819443548e-05,1.4463540056318283e-10
0.125,0.013826834323650896,0.14512265760697154,0.011382683432365089,0.17570549263570628,0.0015436210071178116,0.00017570549263570628,2.4294362290063893e-05,1.4507422981362692e-10
0.1255,0.01389927687788188,0.14464606977512071,0.011389927687788189,0.17559373990972021,0.0015416580747741231,0.0001755937399097202,2.4406114581149903e-05,1.4550912987812848e-10
0.126,0.013971478906347808,0.1441605594923423,0.011397147890634781,0.17548249958600889,0.0015397053830476805,0.00017548249958600887,2.4517354473881572e-05,1.459401095387251e-10
0.1265,0.01404343595528745,0.14366615670719751,0.011404343595528745,0.17537177683633909,0.0015377630055367359,0.00017537177683633908,2.4628076796482946e-05,1.46367177953537e-10
0.127,0.014115143586051086,0.14316289191677906,0.011411514358605108,0.17526157678554338,0.0015358310148677458,0.00017526157678554336,2.4738276424111925e-05,1.4679034469742462e-10
0.1275,0.014186597375374279,0.14265079616482973,0.011418659737537428,0.1751519045116344,0.001533909482702635,0.00017515190451163439,2.4847948278745991e-05,1.4720961959935829e-10
0.128,0.014257792915650727,0.14212990103982767,0.011425779291565073,0.17504276504592323,0.0015319984797461136,0.00017504276504592321,2.4957087329063941e-05,1.476250128271215e-10
0.1285,0.014328725815204136,0.14160023867303792,0.011432872581520414,0.17493416337314133,0.0015300980757530448,0.00017493416337314131,2.506568859032376e-05,1.4803653491102784e-10
0.129,0.014399391698559147,0.14106184173653011,0.011439939169855915,0.17482610443156663,0.001528208339535852,0.00017482610443156663,2.5173747124236719e-05,1.4844419662872455e-10
0.1295,0.014469786206711211,0.14051474344116335,0.011446978620671122,0.17471859311315308,0.0015263293389719769,0.00017471859311315308,2.5281258038837822e-05,1.4884800908311949e-10
0.13,0.014539904997395468,0.13995897753453765,0.011453990499739547,0.17461163426366366,0.001524461141011372,0.00017461163426366364,2.5388216488352688e-05,1.4924798365155922e-10
0.1305,0.014609743745354621,0.13939457829891194,0.011460974374535462,0.17450523268280707,0.0015226038116840316,0.00017450523268280706,2.5494617673060963e-05,1.4964413195872389e-10
0.13100000000000001,0.014679298142605733,0.13882158054908972,0.011467929814260574,0.17439939312437758,0.0015207574161075594,0.00017439939312437756,2.5600456839156418e-05,1.5003646600876444e-10
0.13150000000000001,0.014748563898705944,0.13824001963027116,0.011474856389870594,0.17429412029639829,0.0015189220184947678,0.00017429412029639827,2.5705729278603759e-05,1.5042499795152146e-10
0.13200000000000001,0.01481753674101715,0.1376499314158732,0.011481753674101716,0.17418941886126743,0.0015170976821613034,0.00017418941886126742,2.5810430328992321e-05,1.5080974024515555e-10
0.13250000000000001,0.014886212414969551,0.13705135230531637,0.011488621241496955,0.17408529343590773,0.0015152844695333048,0.00017408529343590772,2.5914555373386686e-05,1.5119070557822025e-10
0.13300000000000001,0.014954586684324075,0.13644431922177991,0.011495458668432408,0.17398174859191873,0.0015134824421550804,0.00017398174859191871,2.6018099840174374e-05,1.5156790690354339e-10
0.13350000000000001,0.015022655331433722,0.13582886960992371,0.011502265533143373,0.17387878885573199,0.0015116916606968112,0.00017387878885573199,2.6121059202910663e-05,1.5194135732980686e-10
0.13400000000000001,0.015090414157503713,0.13520504143357884,0.011509041415750371,0.173776418708769,0.0015099121849622699,0.00017377641870876899,2.6223428980160686e-05,1.5231107030789386e-10
0.13450000000000001,0.015157858982850474,0.13457287317340574,0.011515785898285048,0.17367464258760176,0.0015081440738965604,0.00017367464258760175,2.6325204735338833e-05,1.5267705940388409e-10
0.13500000000000001,0.015224985647159489,0.13393240382452051,0.01152249856471595,0.17357346488411593,0.0015063873855938709,0.0001735734648841159,2.6426382076545641e-05,1.530393384379671e-10
0.13550000000000001,0.015291790009741906,0.13328367289408941,0.01152917900097419,0.17347288994567647,0.0015046421773052391,0.00017347288994567649,2.6526956656402174e-05,1.5339792132181202e-10
0.13600000000000001,0.015358267949789966,0.13262672039889206,0.011535826794978997,0.17337292207529556,0.0015029085054463251,0.00017337292207529555,2.662692417188206e-05,1.5375282237705193e-10
0.13650000000000001,0.015424415366631186,0.13196158686285286,0.011542441536663119,0.17327356553180284,0.0015011864256051985,0.00017327356553180283,2.6726280364141257e-05,1.541040558948267e-10
0.13700000000000001,0.015490228179981318,0.13128831331454136,0.011549022817998132,0.17317482453001795,0.0014994759925501255,0.00017317482453001794,2.6825021018345604e-05,1.5445163643393865e-10
0.13750000000000001,0.015555702330196023,0.13060694128464145,0.011555570233019603,0.17307670324092497,0.0014977772602373601,0.00017307670324092495,2.6923141963496317e-05,1.5479557871920851e-10
0.13800000000000001,0.015620833778521304,0.12991751280338956,0.011562083377852131,0.17297920579184897,0.0014960902818189419,0.00017297920579184897,2.7020639072253449e-05,1.5513589756016035e-10
0.13850000000000001,0.015685618507342642,0.12922007039798175,0.011568561850734264,0.17288233626663446,0.0014944151096504834,0.00017288233626663445,2.7117508260757471e-05,1.5547260805769754e-10
0.13900000000000001,0.015750052520432788,0.12851465708995094,0.01157500525204328,0.17278609870582562,0.0014927517952989654,0.0001727860987058256,2.7213745488448996e-05,1.5580572538726237e-10
0.13950000000000001,0.015814131843198305,0.12780131639251274,0.011581413184319831,0.17269049710684845,0.0014911003895505214,0.00017269049710684842,2.7309346757886797e-05,1.5613526476834284e-10
0.14000000000000001,0.015877852522924729,0.1270800923078815,0.011587785252292473,0.17259553542419415,0.0014894609424182127,0.00017259553542419413,2.7404308114564157e-05,1.5646124169825374e-10
0.14050000000000001,0.015941210629020385,0.12635102932455602,0.011594121062902038,0.17250121756960463,0.0014878335031498033,0.00017250121756960459,2.7498625646723665e-05,1.5678367172513186e-10
0.14100000000000001,0.01600420225325884,0.12561417241457534,0.011600420225325885,0.17240754741225894,0.0014862181202355154,0.00017240754741225893,2.7592295485170531e-05,1.5710257051908673e-10
0.14150000000000001,0.016066823510019999,0.12486956703074448,0.011606682351002,0.17231452877896161,0.0014846148414157795,0.00017231452877896161,2.7685313803084514e-05,1.5741795386203621e-10
0.14200000000000002,0.016129070536529767,0.12411725910383103,0.011612907053652977,0.17222216545433183,0.0014830237136889621,0.0001722221654543318,2.7777676815830531e-05,1.5772983765109465e-10
0.14250000000000002,0.016190939493098338,0.12335729503973163,0.011619093949309834,0.17213046118099412,0.001481444783319086,0.0001721304611809941,2.7869380780768038e-05,1.5803823784097466e-10
0.14300000000000002,0.016252426563357052,0.12258972171660931,0.011625242656335705,0.17203941965977018,0.0014798780958435258,0.00017203941965977017,2.7960421997059269e-05,1.5834317053885476e-10
0.14350000000000002,0.016313527954493777,0.12181458648200244,0.011631352795449378,0.17194904454987173,0.0014783236960806885,0.0001719490445498717,2.8050796805476415e-05,1.5864465186546601e-10
0.14400000000000002,0.016374239897486896,0.12103193714990343,0.01163742398974869,0.17185933946909412,0.0014767816281376666,0.00017185933946909412,2.8140501588207792e-05,1.5894269807028845e-10
0.14449999999999999,0.016434558647337786,0.12024182199780971,0.011643455864733778,0.17177030799401147,0.0014752519354178776,0.00017177030799401144,2.822953276866312e-05,1.5923732541974281e-10
0.14499999999999999,0.016494480483301831,0.11944428976374558,0.011649448048330183,0.17168195366017169,0.0014737346606286668,0.00017168195366017166,2.8317886811277983e-05,1.5952855033610387e-10
0.14549999999999999,0.016554001709117937,0.1186393896432559,0.011655400170911795,0.17159427996229332,0.0014722298457888949,0.00017159427996229332,2.840556022131748e-05,1.5981638918066005e-10
0.14599999999999999,0.016613118653236513,0.11782717128637173,0.011661311865323652,0.1715072903544623,0.0014707375322364918,0.00017150729035446229,2.8492549544679257e-05,1.6010085844006062e-10
0.14649999999999999,0.016671827669045996,0.117007684794547,0.0116671827669046,0.17142098825032948,0.0014692577606359798,0.00017142098825032945,2.8578851367695899e-05,1.6038197463144805e-10
0.14699999999999999,0.01673012513509773,0.11618098071756879,0.011673012513509773,0.17133537702330895,0.0014677905709859708,0.00017133537702330892,2.8664462316936797e-05,1.6065975426518856e-10
0.14749999999999999,0.016788007455329414,0.1153471100504386,0.011678800745532942,0.17125046000677643,0.0014663360026266267,0.00017125046000677642,2.8749379059009559e-05,1.6093421400411429e-10
0.14799999999999999,0.016845471059286882,0.11450612423022713,0.011684547105928689,0.1711662404942686,0.0014648940942470893,0.00017116624049426856,2.883359830036103e-05,1.6120537038908462e-10
0.14849999999999999,0.016902512402344368,0.11365807513290112,0.011690251240234437,0.17108272173968195,0.0014634648838928721,0.00017108272173968193,2.8917116787077989e-05,1.6147324005921478e-10
0.14899999999999999,0.016959127965923141,0.11280301507012357,0.011695912796592314,0.17099990695747269,0.0014620484089732158,0.00017099990695747269,2.8999931304687619e-05,1.617378396773369e-10
0.14949999999999999,0.017015314257708553,0.11194099678602687,0.011701531425770855,0.17091779932285633,0.0014606447062684093,0.00017091779932285633,2.9082038677957762e-05,1.6199918588595433e-10
0.14999999999999999,0.017071067811865476,0.11107207345395917,0.011707106781186548,0.1708364019720075,0.0014592538119370664,0.00017083640197200749,2.9163435770697103e-05,1.6225729538516865e-10
0.15049999999999999,0.017126385189252052,0.11019629867320475,0.011712638518925206,0.17075571800225994,0.001457875761523366,0.00017075571800225994,2.9244119485555276e-05,1.6251218476327311e-10
0.151,0.017181262977631888,0.10931372646567715,0.01171812629776319,0.17067575047230626,0.0014565105899642472,0.00017067575047230625,2.9324086763823017e-05,1.6276387071698117e-10
0.1515,0.017235697791884493,0.10842441127258758,0.01172356977918845,0.17059650240239776,0.0014551583315965651,0.00017059650240239775,2.9403334585232383e-05,1.6301236984813858e-10
0.152,0.017289686274214115,0.10752840795108613,0.011728968627421413,0.17051797677454403,0.0014538190201641968,0.00017051797677454403,2.9481859967757139e-05,1.6325769881618936e-10
0.1525,0.017343225094356853,0.10662577177087826,0.011734322509435686,0.17044017653271248,0.0014524926888251097,0.00017044017653271247,2.955965996741334e-05,1.6349987417554543e-10
0.153,0.017396310949786095,0.10571655841081531,0.01173963109497861,0.17036310458302728,0.0014511793701583744,0.00017036310458302728,2.9636731678060203e-05,1.6373891250094749e-10
0.1535,0.01744894056591622,0.10480082395546014,0.011744894056591623,0.17028676379396832,0.0014498790961711377,0.0001702867637939683,2.9713072231201318e-05,1.6397483036374814e-10
0.154,0.017501110696304591,0.10387862489162743,0.01175011106963046,0.17021115699656955,0.0014485918983055421,0.00017021115699656955,2.9788678795786232e-05,1.6420764419638654e-10
0.1545,0.017552818122851838,0.10295001810489933,0.011755281812285185,0.17013628698461694,0.0014473178074455965,0.00017013628698461694,2.9863548578012533e-05,1.6443737051261703e-10
0.155,0.017604059656000311,0.10201506087611671,0.011760405965600032,0.17006215651484591,0.0014460568539239971,0.00017006215651484588,2.9937678821128396e-05,1.6466402570422122e-10
0.1555,0.017654832134930881,0.10107381087784539,0.011765483213493088,0.16998876830713819,0.001444809067528895,0.00016998876830713817,3.0011066805235746e-05,1.6488762607150113e-10
0.156,0.01770513242775789,0.100126326170819,0.011770513242775789,0.16991612504471801,0.001443574477510612,0.00016991612504471798,3.0083709847094024e-05,1.6510818797913331e-10
0.1565,0.017754957431722344,0.099172665200357252,0.011775495743172234,0.1698442293743477,0.0014423531125883017,0.00016984422937434769,3.0155605299924653e-05,1.6532572763932837e-10
0.157,0.017804304073383296,0.098212886792760995,0.011780430407338329,0.16977308390652257,0.0014411450009565575,0.00016977308390652256,3.0226750553216232e-05,1.6554026118975802e-10
0.1575,0.01785316930880745,0.097247050151683348,0.011785316930880745,0.1697026912156647,0.0014399501702919619,0.00016970269121566468,3.0297143032530533e-05,1.6575180476470584e-10
0.158,0.017901550123756903,0.096275214854477861,0.011790155012375691,0.16963305384031624,0.0014387686477595816,0.00016963305384031625,3.0366780199309347e-05,1.6596037439003519e-10
0.1585,0.017949443533875099,0.095297440848523374,0.01179494435338751,0.16956417428333179,0.0014376004600194058,0.00016956417428333178,3.0435659550682209e-05,1.6616598599674174e-10
0.159,0.017996846584870909,0.094313788447526276,0.011799684658487091,0.16949605501206946,0.0014364456332327238,0.00016949605501206946,3.0503778619275109e-05,1.6636865541078908e-10
0.1595,0.018043756352700845,0.093324318327800179,0.011804375635270085,0.16942869845858136,0.0014353041930684444,0.00016942869845858134,3.057113497302017e-05,1.6656839847169333e-10
0.16,0.018090169943749474,0.092329091524522858,0.011809016994374947,0.16936210701980281,0.0014341761647093569,0.00016936210701980282,3.0637726214966389e-05,1.667652307750251e-10
0.1605,0.018136084495007868,0.091328169427971423,0.011813608449500787,0.1692962830577405,0.0014330615728583294,0.00016929628305774048,3.0703549983091506e-05,1.6695916799428206e-10
0.161,0.01818149717425023,0.09032161377973566,0.011818149717425024,0.16923122889965947,0.0014319604417444465,0.00016923122889965945,3.0768603950114963e-05,1.6715022557256889e-10
0.1615,0.018226405180208599,0.089309486668909047,0.011822640518020861,0.16916694683826899,0.0014308727951290864,0.00016916694683826898,3.0832885823312108e-05,1.673384188987802e-10
0.16200000000000001,0.018270805742745616,0.088291850528259497,0.011827080574274562,0.16910343913190717,0.0014297986563119316,0.00016910343913190714,3.0896393344329632e-05,1.6752376320595648e-10
0.16250000000000001,0.018314696123025449,0.08726876813037765,0.011831469612302546,0.16904070800472401,0.0014287380481369182,0.00016904070800472402,3.095912428900226e-05,1.6770627370680949e-10
0.16300000000000001,0.018358073613682701,0.086240302583804884,0.011835807361368271,0.16897875564686374,0.001427690992998124,0.00016897875564686373,3.1021076467170818e-05,1.6788596543109184e-10
0.16350000000000001,0.018400935538989419,0.085206517329140627,0.011840093553898942,0.16891758421464501,0.0014266575128455844,0.00016891758421464501,3.1082247722501656e-05,1.6806285331368844e-10
0.16400000000000001,0.018443279255020151,0.084167476135128996,0.011844327925502015,0.16885719583074033,0.0014256376291910491,0.00016885719583074031,3.1142635932307479e-05,1.6823695219461655e-10
0.16450000000000001,0.018485102149815035,0.083123243094725172,0.011848510214981504,0.16879759258435362,0.0014246313631136715,0.00016879759258435359,3.1202239007369665e-05,1.6840827672415801e-10
0.16500000000000001,0.018526401643540923,0.082073882621141819,0.011852640164354092,0.16873877653139652,0.0014236387352656284,0.00016873877653139651,3.1261054891762059e-05,1.6857684141029314e-10
0.16550000000000001,0.0185671751886505,0.081019459443875827,0.011856717518865051,0.1686807496946629,0.0014226597658776755,0.00016868074969466287,3.1319081562676327e-05,1.6874266078810733e-10
0.16600000000000001,0.018607420270039438,0.079960038604715733,0.011860742027003945,0.16862351406400206,0.0014216944747646352,0.00016862351406400205,3.1376317030248888e-05,1.6890574904709649e-10
0.16650000000000001,0.018647134405201552,0.07889568545372902,0.011864713440520156,0.16856707159649015,0.0014207428813308115,0.00016856707159649013,3.1432759337389489e-05,1.6906612036320405e-10
0.16700000000000001,0.018686315144381911,0.077826465645231671,0.011868631514438191,0.16851142421659987,0.0014198050045753439,0.00016851142421659985,3.148840655961139e-05,1.692237887429668e-10
0.16750000000000001,0.018724960070727971,0.07675244513373794,0.011872496007072797,0.16845657381636861,0.0014188808630974819,0.00016845657381636859,3.1543256804863317e-05,1.6937876807094883e-10
0.16800000000000001,0.018763066800438634,0.075673690169891991,0.011876306680043865,0.16840252225556482,0.0014179704751018001,0.00016840252225556481,3.1597308213363092e-05,1.6953107208263641e-10
0.16850000000000001,0.018800632982911319,0.074590267296381532,0.011880063298291133,0.16834927136185265,0.0014170738584033348,0.00016834927136185262,3.1650558957433077e-05,1.6968071428312284e-10
0.16900000000000001,0.018837656300886935,0.073502243343832693,0.011883765630088694,0.16829682293095452,0.0014161910304326527,0.00016829682293095452,3.1703007241337383e-05,1.6982770808263376e-10
0.16950000000000001,0.018874134470592833,0.072409685426687923,0.011887413447059283,0.16824517872681222,0.0014153220082408493,0.00016824517872681221,3.1754651301120981e-05,1.6997206678975082e-10
0.17000000000000001,0.01891006524188368,0.071312660939065908,0.011891006524188369,0.16819434048174586,0.0014144668085044729,0.00016819434048174586,3.1805489404450638e-05,1.7011380348266273e-10
0.17050000000000001,0.01894544639838025,0.070211237550604669,0.011894544639838026,0.16814430989661114,0.0014136254475303801,0.00016814430989661112,3.1855519850457785e-05,1.7025293107692787e-10
0.17100000000000001,0.018980275757606156,0.069105483202286794,0.011898027575760617,0.16809508864095435,0.0014127979412605148,0.00016809508864095433,3.1904740969583316e-05,1.7038946233902683e-10
0.17150000000000001,0.019014551171122458,0.067995466102249089,0.011901455117112245,0.16804667835316575,0.0014119843052766172,0.00016804667835316572,3.1953151123424407e-05,1.7052340985248106e-10
0.17200000000000001,0.019048270524660193,0.066881254721574981,0.011904827052466019,0.16799908064063065,0.0014111845548048559,0.00016799908064063065,3.2000748704583254e-05,1.7065478607883929e-10
0.17250000000000001,0.019081431738250814,0.065762917790070735,0.011908143173825082,0.16795229707987872,0.0014103987047203918,0.0001679522970798787,3.2047532136517955e-05,1.7078360332379618e-10
0.17300000000000001,0.019114032766354452,0.064640524292026255,0.011911403276635445,0.16790632921673107,0.0014096267695518634,0.00016790632921673105,3.2093499873395368e-05,1.7090987356100946e-10
0.17350000000000002,0.019146071597986137,0.063514143461959396,0.011914607159798614,0.16786117856644506,0.0014088687634857976,0.00016786117856644505,3.2138650399946123e-05,1.7103360881157072e-10
0.17400000000000002,0.01917754625683981,0.06238384478034547,0.011917754625683981,0.16781684661385757,0.0014081247003709498,0.00016781684661385754,3.2182982231321727e-05,1.7115482071032454e-10
0.17450000000000002,0.019208454801410264,0.061249697969331288,0.011920845480141027,0.16777333481352527,0.0014073945937225624,0.00016777333481352526,3.222649391295385e-05,1.7127352087178667e-10
0.17500000000000002,0.019238795325112867,0.060111772988434647,0.011923879532511287,0.16773064458986364,0.0014066784567265574,0.00016773064458986363,3.226918402041576e-05,1.7138972059198851e-10
0.17550000000000002,0.019268565956401206,0.058970140030228275,0.01192685659564012,0.16768877733728291,0.001405976302243642,0.00016768877733728288,3.2311051159285998e-05,1.7150343110597507e-10
0.17599999999999999,0.019297764858882512,0.057824869516010742,0.011929776485888251,0.16764773442032235,0.0014052881428133468,0.00016764773442032234,3.2352093965014261e-05,1.7161466337774081e-10
0.17649999999999999,0.019326390231430939,0.056676032091461957,0.011932639023143093,0.16760751717378222,0.0014046139906579852,0.00016760751717378222,3.2392311102789571e-05,1.7172342819509736e-10
0.17699999999999999,0.019354440308298672,0.055523698622285803,0.011935444030829868,0.16756812690285311,0.0014039538576865341,0.0001675681269028531,3.2431701267410679e-05,1.7182973620355479e-10
0.17749999999999999,0.019381913359224841,0.0543679401898386,0.011938191335922485,0.16752956488324339,0.0014033077554984426,0.00016752956488324337,3.2470263183158846e-05,1.7193359776402012e-10
0.17799999999999999,0.019408807689542253,0.053208828086744688,0.011940880768954226,0.16749183236130399,0.0014026756953873579,0.00016749183236130399,3.2507995603672895e-05,1.7203502310187508e-10
0.17849999999999999,0.019435121640281935,0.052046433812498433,0.011943512164028194,0.16745493055415109,0.0014020576883447783,0.00016745493055415108,3.2544897311826661e-05,1.7213402223921351e-10
0.17899999999999999,0.019460853588275453,0.050880829069054022,0.011946085358827546,0.1674188606497862,0.0014014537450636265,0.00016741886064978618,3.2580967119608786e-05,1.7223060501517012e-10
0.17949999999999999,0.019486001946255046,0.049712085756402465,0.011948600194625505,0.16738362380721405,0.0014008638759417473,0.00016738362380721403,3.2616203868004944e-05,1.7232478100460535e-10
0.17999999999999999,0.019510565162951538,0.048540275968136683,0.011951056516295154,0.1673492211565579,0.0014002880910853259,0.00016734922115655787,3.2650606426882452e-05,1.7241655966040688e-10
0.18049999999999999,0.01953454172319001,0.047365471987004075,0.011953454172319002,0.16731565379917249,0.001399726400312227,0.00016731565379917248,3.2684173694877364e-05,1.7250595013730682e-10
0.18099999999999999,0.0195579301479833,0.046187746280448076,0.01195579301479833,0.16728292280775453,0.0013991788131552582,0.00016728292280775454,3.2716904599283978e-05,1.7259296146128825e-10
0.18149999999999999,0.019580728994623188,0.045007171496137727,0.011958072899462319,0.16725102922645066,0.0013986453388653529,0.00016725102922645065,3.2748798095946873e-05,1.726776024618226e-10
0.182,0.019602936856769428,0.043823820457486728,0.011960293685676943,0.16721997407096292,0.0013981259864146757,0.00016721997407096291,3.2779853169155413e-05,1.7275988165667321e-10
0.1825,0.01962455236453647,0.042637766159161351,0.011962455236453647,0.16718975832865177,0.0013976207644996492,0.00016718975832865176,3.2810068831540788e-05,1.7283980743485437e-10
0.183,0.01964557418457798,0.041449081762577451,0.011964557418457799,0.16716038295863642,0.0013971296815438992,0.00016716038295863642,3.2839444123975581e-05,1.729173879820925e-10
0.1835,0.01966600102016907,0.040257840591387838,0.011966600102016908,0.16713184889189289,0.001396652745701126,0.00016713184889189289,3.2867978115475877e-05,1.7299263121306344e-10
0.184,0.019685831611286311,0.03906411612695912,0.011968583161128631,0.16710415703134915,0.0013961899648578899,0.00016710415703134914,3.2895669903105992e-05,1.7306554485270768e-10
0.1845,0.019705064734685425,0.037867982003839347,0.011970506473468543,0.16707730825197786,0.0013957413466363212,0.00016707730825197783,3.292251861188573e-05,1.7313613642267779e-10
0.185,0.019723699203976767,0.036669512005215454,0.011972369920397677,0.16705130340088653,0.0013953068983967522,0.00016705130340088654,3.2948523394700271e-05,1.732044131735758e-10
0.1855,0.019741733869698491,0.03546878005836232,0.01197417338696985,0.16702614329740503,0.0013948866272402642,0.00016702614329740503,3.2973683432212682e-05,1.7327038227468857e-10
0.186,0.019759167619387473,0.034265860230082247,0.011975916761938748,0.16700182873317046,0.0013944805400111597,0.00016700182873317045,3.2997997932779065e-05,1.7333405046839837e-10
0.1865,0.019775999377647905,0.033060826722136498,0.011977599937764791,0.16697836047220921,0.0013940886432993521,0.00016697836047220921,3.3021466132366316e-05,1.7339542445642987e-10
0.187,0.019792228106217658,0.031853753866668208,0.011979222810621765,0.16695573925101681,0.0013937109434426754,0.00016695573925101678,3.3044087294472599e-05,1.7345451060169458e-10
0.1875,0.019807852804032303,0.030644716121616837,0.011980785280403231,0.16693396577863442,0.0013933474465291145,0.00016693396577863442,3.3065860710050442e-05,1.7351131512480245e-10
0.188,0.019822872507286888,0.029433788066125583,0.011982287250728689,0.16691304073672347,0.0013929981583989555,0.00016691304073672346,3.3086785697432565e-05,1.7356584395498411e-10
0.1885,0.019837286289495361,0.028221044395940822,0.011983728628949537,0.16689296477963678,0.0013926630846468539,0.00016689296477963677,3.3106861602260375e-05,1.7361810283851109e-10
0.189,0.019851093261547739,0.027006559918804803,0.011985109326154774,0.16687373853448756,0.0013923422306238256,0.00016687373853448755,3.3126087797415179e-05,1.7366809725060436e-10
0.1895,0.019864292571764953,0.025790409549840729,0.011986429257176495,0.16685536260121531,0.0013920356014391522,0.00016685536260121532,3.3144463682952155e-05,1.7371583251063081e-10
0.19,0.019876883405951378,0.02457266830693202,0.011987688340595139,0.16683783755264933,0.0013917432019622102,0.00016683783755264931,3.3161988686036988e-05,1.7376131368723562e-10
0.1905,0.019888864987445045,0.023353411306094467,0.011988886498744505,0.16682116393456917,0.0013914650368242198,0.00016682116393456917,3.3178662260885298e-05,1.7380454551025075e-10
0.191,0.019900236577165577,0.022132713756843093,0.011990023657716557,0.16680534226576252,0.0013912011104199086,0.00016680534226576248,3.3194483888704829e-05,1.738455326688506e-10
0.1915,0.019910997473659747,0.02091065095755288,0.011991099747365975,0.1667903730380802,0.0013909514269090973,0.00016679037303808018,3.3209453077640361e-05,1.7388427943885749e-10
0.192,0.019921147013144777,0.019687298290813639,0.011992114701314479,0.16677625671648857,0.0013907159902182046,0.00016677625671648855,3.3223569362721423e-05,1.7392079000800231e-10
0.1925,0.019930684569549266,0.018462731218780372,0.011993068456954928,0.16676299373911899,0.0013904948040416719,0.00016676299373911897,3.3236832305812763e-05,1.7395506824553156e-10
0.193,0.019939609554551797,0.017237025278518229,0.01199396095545518,0.16675058451731459,0.0013902878718433033,0.00016675058451731456,3.3249241495567643e-05,1.7398711778352253e-10
0.19350000000000001,0.019947921417617264,0.016010256077343341,0.011994792141761726,0.16673902943567404,0.0013900951968575286,0.00016673902943567401,3.3260796547383882e-05,1.7401694209142216e-10
0.19400000000000001,0.019955619646030799,0.014782499288158561,0.01199556196460308,0.16672832885209291,0.0013899167820905819,0.0001667283288520929,3.3271497103362739e-05,1.7404454434052181e-10
0.19450000000000001,0.019962703764929413,0.013553830644785965,0.011996270376492941,0.16671848309780191,0.001389752630321603,0.00016671848309780189,3.3281342832270584e-05,1.7406992751237745e-10
0.19500000000000001,0.019969173337331281,0.01232432593729489,0.011996917333733129,0.16670949247740227,0.0013896027441036522,0.00016670949247740228,3.329033342950339e-05,1.7409309431749452e-10
0.19550000000000001,0.0199750279641627,0.011094061007327171,0.01199750279641627,0.16670135726889873,0.0013894671257646503,0.00016670135726889871,3.3298468617054041e-05,1.7411404722920921e-10
0.19600000000000001,0.019980267284282715,0.0098631117434189002,0.011998026728428271,0.16669407772372899,0.00138934577740823,0.00016669407772372898,3.3305748143482475e-05,1.741327885243461e-10
0.19650000000000001,0.019984890974505381,0.0086315540763188883,0.011998489097450538,0.16668765406679112,0.001389238700914511,0.0001666876540667911,3.3312171783888643e-05,1.7414932024256051e-10
0.19700000000000001,0.019988898749619701,0.007399463974305201,0.01199888987496197,0.16668208649646757,0.0013891458979407947,0.00016668208649646757,3.3317739339888322e-05,1.7416364409147088e-10
0.19750000000000001,0.019992290362407232,0.0061669174384989204,0.011999229036240724,0.16667737518464656,0.0013890673699221714,0.00016667737518464654,3.3322450639591747e-05,1.7417576169738045e-10
0.19800000000000001,0.019995065603657318,0.0049339904981763293,0.011999506560365733,0.16667352027674062,0.0013890031180720532,0.0001666735202767406,3.3326305537585079e-05,1.7418567430034547e-10
0.19850000000000001,0.019997224302180008,0.0037007592060786395,0.011999722430218001,0.16667052189170226,0.0013889531433826201,0.00016667052189170225,3.3329303914914752e-05,1.7419338298456811e-10
0.19900000000000001,0.019998766324816605,0.0024672996337209859,0.01199987663248166,0.16666838012203677,0.0013889174466251871,0.00016666838012203676,3.3331445679074629e-05,1.7419888859030504e-10
0.19950000000000001,0.0199996915764479,0.0012336878666999759,0.011999969157644791,0.16666709503381225,0.0013888960283504898,0.00016666709503381224,3.3332730763996033e-05,1.7420219171386747e-10
0.20000000000000001,0.02,1.9236706937217901e-17,0.012,0.16666666666666666,0.0013888888888888887,0.00016666666666666666,3.3333159130040607e-05,1.7420329271439737e-10
