time_s,position_m,velocity_m_per_s,inductance_H,current_A,voltage_V,force_N,magnetic_energy_J,source_work_J,mechanical_work_J,joule_loss_J,closure_residual_J
0,0,0,0.01,0.20000000000000001,1,0,0.00020000000000000004,0,0,0,0
0.00050000000000000001,3.0842355210336515e-07,0.0012336878666998937,0.01,0.20000000000000001,1,0,0.00020000000000000004,0.0001,0,0.00010000000000000002,-1.3552527156068805e-20
0.001,1.233675183394123e-06,0.0024672996337209807,0.01,0.20000000000000001,1,0,0.00020000000000000004,0.00020000000000000001,0,0.00020000000000000004,-2.7105054312137611e-20
0.0015,2.775697819994427e-06,0.0037007592060786403,0.01,0.20000000000000001,1,0,0.00020000000000000004,0.00030000000000000003,0,0.00030000000000000008,-5.4210108624275222e-20
0.002,4.9343963426839996e-06,0.0049339904981763379,0.01,0.20000000000000001,1,0,0.00020000000000000004,0.00040000000000000002,0,0.00040000000000000007,-5.4210108624275222e-20
0.0025000000000000001,7.7096375927709912e-06,0.0061669174384989369,0.01,0.20000000000000001,1,0,0.00020000000000000004,0.00050000000000000001,0,0.00050000000000000012,-1.0842021724855044e-19
0.0030000000000000001,1.1101250380299855e-05,0.0073994639743051533,0.01,0.20000000000000001,1,0,0.00020000000000000004,0.00060000000000000006,0,0.00060000000000000016,-1.0842021724855044e-19
0.0035000000000000001,1.5109025494620677e-05,0.0086315540763188484,0.01,0.20000000000000001,1,0,0.00020000000000000004,0.0007000000000000001,0,0.0007000000000000001,0
0.0040000000000000001,1.9732715717284409e-05,0.0098631117434188672,0.01,0.20000000000000001,1,0,0.00020000000000000004,0.00080000000000000015,0,0.00080000000000000015,0
0.0045000000000000005,2.4972035837299566e-05,0.011094061007327145,0.01,0.20000000000000001,1,0,0.00020000000000000004,0.00090000000000000019,0,0.0009000000000000003,-1.0842021724855044e-19
0.0050000000000000001,3.0826662668720359e-05,0.012324325937294801,0.01,0.20000000000000001,1,0,0.00020000000000000004,0.001,0,0.0010000000000000002,-2.1684043449710089e-19
0.0054999999999999997,3.7296235070587436e-05,0.013553830644785882,0.01,0.20000000000000001,1,0,0.00020000000000000004,0.0010999999999999998,0,0.0011000000000000001,-2.1684043449710089e-19
0.0060000000000000001,4.4380353969200039e-05,0.014782499288158554,0.01,0.20000000000000001,1,0,0.00020000000000000004,0.0011999999999999999,0,0.0012000000000000003,-4.3368086899420177e-19
0.0065000000000000006,5.2078582382735216e-05,0.016010256077343341,0.01,0.20000000000000001,1,0,0.00020000000000000004,0.0012999999999999999,0,0.0013000000000000004,-4.3368086899420177e-19
0.0070000000000000001,6.0390445448202937e-05,0.017237025278518236,0.01,0.20000000000000001,1,0,0.00020000000000000004,0.0013999999999999998,0,0.0014000000000000002,-4.3368086899420177e-19
0.0074999999999999997,6.9315430450737076e-05,0.018462731218780316,0.01,0.20000000000000001,1,0,0.00020000000000000004,0.0014999999999999996,0,0.0015000000000000002,-6.5052130349130266e-19
0.0080000000000000002,7.8852986855221249e-05,0.019687298290813598,0.01,0.20000000000000001,1,0,0.00020000000000000004,0.0015999999999999996,0,0.0016000000000000003,-6.5052130349130266e-19
0.0085000000000000006,8.9002526340251629e-05,0.020910650957552838,0.01,0.20000000000000001,1,0,0.00020000000000000004,0.0016999999999999997,0,0.0017000000000000006,-8.6736173798840355e-19
0.0090000000000000011,9.9763422834424633e-05,0.022132713756843062,0.01,0.20000000000000001,1,0,0.00020000000000000004,0.0017999999999999997,0,0.0018000000000000006,-8.6736173798840355e-19
0.0094999999999999998,0.00011113501255495373,0.023353411306094366,0.01,0.20000000000000001,1,0,0.00020000000000000004,0.0018999999999999996,0,0.0019000000000000004,-8.6736173798840355e-19
0.01,0.0001231165940486223,0.02457266830693193,0.01,0.20000000000000001,1,0,0.00020000000000000004,0.0019999999999999996,0,0.0020000000000000005,-8.6736173798840355e-19
0.010500000000000001,0.00013570742823504567,0.025790409549840722,0.01,0.20000000000000001,1,0,0.00020000000000000004,0.0020999999999999999,0,0.0021000000000000007,-8.6736173798840355e-19
0.010999999999999999,0.00014890673845226022,0.027006559918804789,0.01,0.20000000000000001,1,0,0.00020000000000000004,0.0021999999999999997,0,0.0022000000000000001,-4.3368086899420177e-19
0.0115,0.00016271371050464057,0.028221044395940822,0.01,0.20000000000000001,1,0,0.00020000000000000004,0.0023,0,0.0023000000000000004,-4.3368086899420177e-19
0.012,0.00017712749271311278,0.029433788066125517,0.01,0.20000000000000001,1,0,0.00020000000000000004,0.0024000000000000002,0,0.0024000000000000007,-4.3368086899420177e-19
0.012500000000000001,0.0001921471959676957,0.030644716121616782,0.01,0.20000000000000001,1,0,0.00020000000000000004,0.0025000000000000005,0,0.0025000000000000005,0
0.013000000000000001,0.0002077718937823425,0.031853753866668159,0.01,0.20000000000000001,1,0,0.00020000000000000004,0.0026000000000000007,0,0.0026000000000000007,0
0.0135,0.00022400062235209295,0.033060826722136463,0.01,0.20000000000000001,1,0,0.00020000000000000004,0.0027000000000000006,0,0.0027000000000000006,0
0.014,0.00024083238061252567,0.034265860230082143,0.01,0.20000000000000001,1,0,0.00020000000000000004,0.0028000000000000008,0,0.0028000000000000004,4.3368086899420177e-19
0.014500000000000001,0.00025826613030150656,0.03546878005836223,0.01,0.20000000000000001,1,0,0.00020000000000000004,0.0029000000000000011,0,0.0029000000000000007,4.3368086899420177e-19
0.014999999999999999,0.00027630079602323441,0.036669512005215427,0.01,0.20000000000000001,1,0,0.00020000000000000004,0.0030000000000000009,0,0.0030000000000000005,4.3368086899420177e-19
0.0155,0.0002949352653145754,0.037867982003839333,0.01,0.20000000000000001,1,0,0.00020000000000000004,0.0031000000000000012,0,0.0031000000000000008,4.3368086899420177e-19
0.016,0.00031416838871368925,0.03906411612695912,0.01,0.20000000000000001,1,0,0.00020000000000000004,0.0032000000000000015,0,0.0032000000000000006,8.6736173798840355e-19
0.016500000000000001,0.00033399897983092729,0.040257840591387768,0.01,0.20000000000000001,1,0,0.00020000000000000004,0.0033000000000000017,0,0.0033000000000000008,8.6736173798840355e-19
0.017000000000000001,0.00035442581542201925,0.041449081762577389,0.01,0.20000000000000001,1,0,0.00020000000000000004,0.003400000000000002,0,0.0034000000000000011,8.6736173798840355e-19
0.017500000000000002,0.00037544763546352723,0.042637766159161289,0.01,0.20000000000000001,1,0,0.00020000000000000004,0.0035000000000000022,0,0.0035000000000000009,1.3010426069826053e-18
0.018000000000000002,0.00039706314323056935,0.04382382045748668,0.01,0.20000000000000001,1,0,0.00020000000000000004,0.0036000000000000025,0,0.0036000000000000012,1.3010426069826053e-18
0.018499999999999999,0.00041927100537680786,0.045007171496137616,0.01,0.20000000000000001,1,0,0.00020000000000000004,0.0037000000000000019,0,0.0037000000000000006,1.3010426069826053e-18
0.019,0.0004420698520166988,0.046187746280447979,0.01,0.20000000000000001,1,0,0.00020000000000000004,0.0038000000000000022,0,0.0038000000000000009,1.3010426069826053e-18
0.0195,0.00046545827680998799,0.047365471987004047,0.01,0.20000000000000001,1,0,0.00020000000000000004,0.0039000000000000024,0,0.0039000000000000007,1.7347234759768071e-18
0.02,0.00048943483704846468,0.048540275968136662,0.01,0.20000000000000001,1,0,0.00020000000000000004,0.0040000000000000027,0,0.004000000000000001,1.7347234759768071e-18
0.020500000000000001,0.00051399805374495401,0.049712085756402458,0.01,0.20000000000000001,1,0,0.00020000000000000004,0.0041000000000000029,0,0.0041000000000000012,1.7347234759768071e-18
0.021000000000000001,0.00053914641172454704,0.050880829069053952,0.01,0.20000000000000001,1,0,0.00020000000000000004,0.0042000000000000032,0,0.0042000000000000015,1.7347234759768071e-18
0.021500000000000002,0.00056487835971806403,0.052046433812498363,0.01,0.20000000000000001,1,0,0.00020000000000000004,0.0043000000000000035,0,0.0043000000000000009,2.6020852139652106e-18
0.021999999999999999,0.00059119231045774549,0.053208828086744618,0.01,0.20000000000000001,1,0,0.00020000000000000004,0.0044000000000000029,0,0.0044000000000000003,2.6020852139652106e-18
0.022499999999999999,0.00061808664077515842,0.054367940189838551,0.01,0.20000000000000001,1,0,0.00020000000000000004,0.0045000000000000031,0,0.0045000000000000005,2.6020852139652106e-18
0.023,0.00064555969170132618,0.055523698622285698,0.01,0.20000000000000001,1,0,0.00020000000000000004,0.0046000000000000034,0,0.0046000000000000008,2.6020852139652106e-18
0.0235,0.00067360976856905902,0.056676032091461846,0.01,0.20000000000000001,1,0,0.00020000000000000004,0.0047000000000000037,0,0.0047000000000000011,2.6020852139652106e-18
0.024,0.00070223514111748548,0.057824869516010652,0.01,0.20000000000000001,1,0,0.00020000000000000004,0.0048000000000000039,0,0.0048000000000000013,2.6020852139652106e-18
0.024500000000000001,0.0007314340435987921,0.058970140030228248,0.01,0.20000000000000001,1,0,0.00020000000000000004,0.0049000000000000042,0,0.0049000000000000007,3.4694469519536142e-18
0.025000000000000001,0.00076120467488713264,0.060111772988434634,0.01,0.20000000000000001,1,0,0.00020000000000000004,0.0050000000000000044,0,0.005000000000000001,3.4694469519536142e-18
0.025500000000000002,0.00079154519858973705,0.061249697969331329,0.01,0.20000000000000001,1,0,0.00020000000000000004,0.0051000000000000047,0,0.0051000000000000012,3.4694469519536142e-18
0.026000000000000002,0.00082245374316018867,0.06238384478034547,0.01,0.20000000000000001,1,0,0.00020000000000000004,0.005200000000000005,0,0.0052000000000000015,3.4694469519536142e-18
0.026499999999999999,0.00085392840201386382,0.063514143461959396,0.01,0.20000000000000001,1,0,0.00020000000000000004,0.0053000000000000044,0,0.0053000000000000009,3.4694469519536142e-18
0.027,0.00088596723364554712,0.064640524292026269,0.01,0.20000000000000001,1,0,0.00020000000000000004,0.0054000000000000046,0,0.0054000000000000012,3.4694469519536142e-18
0.0275,0.00091856826174918638,0.065762917790070749,0.01,0.20000000000000001,1,0,0.00020000000000000004,0.0055000000000000049,0,0.0055000000000000014,3.4694469519536142e-18
0.028000000000000001,0.0009517294753398042,0.06688125472157494,0.01,0.20000000000000001,1,0,0.00020000000000000004,0.0056000000000000051,0,0.0056000000000000008,4.3368086899420177e-18
0.028500000000000001,0.00098544882887754309,0.067995466102249061,0.01,0.20000000000000001,1,0,0.00020000000000000004,0.0057000000000000054,0,0.0057000000000000011,4.3368086899420177e-18
0.029000000000000001,0.0010197242423938436,0.069105483202286766,0.01,0.20000000000000001,1,0,0.00020000000000000004,0.0058000000000000057,0,0.0058000000000000013,4.3368086899420177e-18
0.029500000000000002,0.0010545536016197488,0.070211237550604655,0.01,0.20000000000000001,1,0,0.00020000000000000004,0.0059000000000000059,0,0.0059000000000000016,4.3368086899420177e-18
0.029999999999999999,0.0010899347581163211,0.07131266093906595,0.01,0.20000000000000001,1,0,0.00020000000000000004,0.0060000000000000053,0,0.006000000000000001,4.3368086899420177e-18
0.030499999999999999,0.0011258655294071674,0.072409685426687909,0.01,0.20000000000000001,1,0,0.00020000000000000004,0.0061000000000000056,0,0.0061000000000000013,4.3368086899420177e-18
0.031,0.0011623436991130653,0.073502243343832693,0.01,0.20000000000000001,1,0,0.00020000000000000004,0.0062000000000000059,0,0.0062000000000000015,4.3368086899420177e-18
0.0315,0.0011993670170886805,0.074590267296381532,0.01,0.20000000000000001,1,0,0.00020000000000000004,0.0063000000000000061,0,0.0063000000000000009,5.2041704279304213e-18
0.032000000000000001,0.0012369331995613641,0.075673690169892019,0.01,0.20000000000000001,1,0,0.00020000000000000004,0.0064000000000000064,0,0.0064000000000000012,5.2041704279304213e-18
0.032500000000000001,0.0012750399292720282,0.076752445133737884,0.01,0.20000000000000001,1,0,0.00020000000000000004,0.0065000000000000066,0,0.0065000000000000014,5.2041704279304213e-18
0.033000000000000002,0.0013136848556180869,0.077826465645231629,0.01,0.20000000000000001,1,0,0.00020000000000000004,0.0066000000000000069,0,0.0066000000000000017,5.2041704279304213e-18
0.033500000000000002,0.0013528655947984492,0.078895685453728992,0.01,0.20000000000000001,1,0,0.00020000000000000004,0.0067000000000000072,0,0.006700000000000002,5.2041704279304213e-18
0.034000000000000002,0.0013925797299605637,0.079960038604715705,0.01,0.20000000000000001,1,0,0.00020000000000000004,0.0068000000000000074,0,0.0068000000000000022,5.2041704279304213e-18
0.034500000000000003,0.0014328248113495035,0.081019459443875855,0.01,0.20000000000000001,1,0,0.00020000000000000004,0.0069000000000000077,0,0.0069000000000000016,6.0715321659188248e-18
0.035000000000000003,0.0014735983564590782,0.082073882621141805,0.01,0.20000000000000001,1,0,0.00020000000000000004,0.007000000000000008,0,0.0070000000000000019,6.0715321659188248e-18
0.035500000000000004,0.0015148978501849631,0.083123243094725172,0.01,0.20000000000000001,1,0,0.00020000000000000004,0.0071000000000000082,0,0.0071000000000000021,6.0715321659188248e-18
0.036000000000000004,0.0015567207449798492,0.084167476135128996,0.01,0.20000000000000001,1,0,0.00020000000000000004,0.0072000000000000085,0,0.0072000000000000024,6.0715321659188248e-18
0.036499999999999998,0.0015990644610105798,0.085206517329140613,0.01,0.20000000000000001,1,0,0.00020000000000000004,0.007300000000000007,0,0.0073000000000000009,6.0715321659188248e-18
0.036999999999999998,0.0016419263863172973,0.086240302583804829,0.01,0.20000000000000001,1,0,0.00020000000000000004,0.0074000000000000073,0,0.0074000000000000012,6.0715321659188248e-18
0.037499999999999999,0.0016853038769745476,0.087268768130377594,0.01,0.20000000000000001,1,0,0.00020000000000000004,0.0075000000000000075,0,0.0075000000000000015,6.0715321659188248e-18
0.037999999999999999,0.0017291942572543817,0.088291850528259455,0.01,0.20000000000000001,1,0,0.00020000000000000004,0.0076000000000000078,0,0.0076000000000000017,6.0715321659188248e-18
0.0385,0.0017735948197914009,0.089309486668909005,0.01,0.20000000000000001,1,0,0.00020000000000000004,0.0077000000000000081,0,0.0077000000000000011,6.9388939039072284e-18
0.039,0.0018185028257497659,0.090321613779735563,0.01,0.20000000000000001,1,0,0.00020000000000000004,0.0078000000000000083,0,0.0078000000000000014,6.9388939039072284e-18
0.0395,0.0018639155049921298,0.091328169427971381,0.01,0.20000000000000001,1,0,0.00020000000000000004,0.0079000000000000077,0,0.0079000000000000008,6.9388939039072284e-18
0.040000000000000001,0.0019098300562505255,0.092329091524522844,0.01,0.20000000000000001,1,0,0.00020000000000000004,0.0080000000000000071,0,0.0080000000000000019,5.2041704279304213e-18
0.040500000000000001,0.0019562436472991551,0.093324318327800165,0.01,0.20000000000000001,1,0,0.00020000000000000004,0.0081000000000000065,0,0.0081000000000000013,5.2041704279304213e-18
0.041000000000000002,0.002003153415129094,0.094313788447526276,0.01,0.20000000000000001,1,0,0.00020000000000000004,0.0082000000000000059,0,0.0082000000000000024,3.4694469519536142e-18
0.041500000000000002,0.0020505564661248998,0.095297440848523332,0.01,0.20000000000000001,1,0,0.00020000000000000004,0.0083000000000000053,0,0.0083000000000000018,3.4694469519536142e-18
0.042000000000000003,0.0020984498762430972,0.096275214854477806,0.01,0.20000000000000001,1,0,0.00020000000000000004,0.0084000000000000047,0,0.008400000000000003,1.7347234759768071e-18
0.042500000000000003,0.0021468306911925517,0.097247050151683334,0.01,0.20000000000000001,1,0,0.00020000000000000004,0.0085000000000000041,0,0.0085000000000000023,1.7347234759768071e-18
0.043000000000000003,0.0021956959266167019,0.098212886792760939,0.01,0.20000000000000001,1,0,0.00020000000000000004,0.0086000000000000035,0,0.0086000000000000017,1.7347234759768071e-18
0.043500000000000004,0.0022450425682776554,0.099172665200357238,0.01,0.20000000000000001,1,0,0.00020000000000000004,0.0087000000000000029,0,0.0087000000000000029,0
0.043999999999999997,0.0022948675722421065,0.10012632617081896,0.01,0.20000000000000001,1,0,0.00020000000000000004,0.0088000000000000023,0,0.0088000000000000005,1.7347234759768071e-18
0.044499999999999998,0.0023451678650691179,0.10107381087784538,0.01,0.20000000000000001,1,0,0.00020000000000000004,0.0089000000000000017,0,0.0089000000000000017,0
0.044999999999999998,0.0023959403439996908,0.1020150608761167,0.01,0.20000000000000001,1,0,0.00020000000000000004,0.0090000000000000011,0,0.0090000000000000011,0
0.045499999999999999,0.0024471818771481637,0.10295001810489932,0.01,0.20000000000000001,1,0,0.00020000000000000004,0.0091000000000000004,0,0.0091000000000000022,-1.7347234759768071e-18
0.045999999999999999,0.0024988893036954041,0.10387862489162737,0.01,0.20000000000000001,1,0,0.00020000000000000004,0.0091999999999999998,0,0.0092000000000000016,-1.7347234759768071e-18
0.0465,0.002551059434083779,0.10480082395546007,0.01,0.20000000000000001,1,0,0.00020000000000000004,0.0092999999999999992,0,0.009300000000000001,-1.7347234759768071e-18
0.047,0.0026036890502139022,0.10571655841081526,0.01,0.20000000000000001,1,0,0.00020000000000000004,0.0093999999999999986,0,0.0094000000000000021,-3.4694469519536142e-18
0.047500000000000001,0.0026567749056431436,0.1066257717708782,0.01,0.20000000000000001,1,0,0.00020000000000000004,0.009499999999999998,0,0.0095000000000000015,-3.4694469519536142e-18
0.048000000000000001,0.0027103137257858847,0.10752840795108611,0.01,0.20000000000000001,1,0,0.00020000000000000004,0.0095999999999999974,0,0.0096000000000000026,-5.2041704279304213e-18
0.048500000000000001,0.0027643022081155068,0.10842441127258756,0.01,0.20000000000000001,1,0,0.00020000000000000004,0.0096999999999999968,0,0.009700000000000002,-5.2041704279304213e-18
0.049000000000000002,0.0028187370223681121,0.10931372646567714,0.01,0.20000000000000001,1,0,0.00020000000000000004,0.0097999999999999962,0,0.0098000000000000014,-5.2041704279304213e-18
0.049500000000000002,0.0028736148107479467,0.11019629867320468,0.01,0.20000000000000001,1,0,0.00020000000000000004,0.0098999999999999956,0,0.0099000000000000025,-6.9388939039072284e-18
0.050000000000000003,0.0029289321881345244,0.11107207345395916,0.01,0.20000000000000001,1,0,0.00020000000000000004,0.009999999999999995,0,0.010000000000000002,-6.9388939039072284e-18
0.050500000000000003,0.0029846857422914431,0.11194099678602681,0.01,0.20000000000000001,1,0,0.00020000000000000004,0.010099999999999994,0,0.010100000000000003,-8.6736173798840355e-18
0.051000000000000004,0.0030408720340768559,0.1128030150701235,0.01,0.20000000000000001,1,0,0.00020000000000000004,0.010199999999999994,0,0.010200000000000002,-8.6736173798840355e-18
0.051500000000000004,0.0030974875976556284,0.11365807513290106,0.01,0.20000000000000001,1,0,0.00020000000000000004,0.010299999999999993,0,0.010300000000000004,-1.0408340855860843e-17
0.052000000000000005,0.0031545289407131139,0.11450612423022709,0.01,0.20000000000000001,1,0,0.00020000000000000004,0.010399999999999993,0,0.010400000000000003,-1.0408340855860843e-17
0.052499999999999998,0.0032119925446705811,0.11534711005043854,0.01,0.20000000000000001,1,0,0.00020000000000000004,0.010499999999999992,0,0.010500000000000002,-1.0408340855860843e-17
0.052999999999999999,0.003269874864902266,0.11618098071756874,0.01,0.20000000000000001,1,0,0.00020000000000000004,0.010599999999999991,0,0.010600000000000002,-1.0408340855860843e-17
0.053499999999999999,0.0033281723309540037,0.11700768479454696,0.01,0.20000000000000001,1,0,0.00020000000000000004,0.010699999999999991,0,0.010700000000000001,-1.0408340855860843e-17
0.053999999999999999,0.0033868813467634808,0.11782717128637166,0.01,0.20000000000000001,1,0,0.00020000000000000004,0.01079999999999999,0,0.010800000000000002,-1.214306433183765e-17
0.0545,0.0034459982908820607,0.1186393896432559,0.01,0.20000000000000001,1,0,0.00020000000000000004,0.01089999999999999,0,0.010900000000000002,-1.214306433183765e-17
0.055,0.0035055195166981625,0.11944428976374551,0.01,0.20000000000000001,1,0,0.00020000000000000004,0.010999999999999989,0,0.011000000000000003,-1.3877787807814457e-17
0.055500000000000001,0.0035654413526622097,0.12024182199780965,0.01,0.20000000000000001,1,0,0.00020000000000000004,0.011099999999999988,0,0.011100000000000002,-1.3877787807814457e-17
0.056000000000000001,0.0036257601025131013,0.1210319371499034,0.01,0.20000000000000001,1,0,0.00020000000000000004,0.011199999999999988,0,0.011200000000000002,-1.3877787807814457e-17
0.056500000000000002,0.003686472045506223,0.12181458648200244,0.01,0.20000000000000001,1,0,0.00020000000000000004,0.011299999999999987,0,0.011300000000000003,-1.5612511283791264e-17
0.057000000000000002,0.0037475734366429481,0.12258972171660931,0.01,0.20000000000000001,1,0,0.00020000000000000004,0.011399999999999987,0,0.011400000000000002,-1.5612511283791264e-17
0.057500000000000002,0.0038090605069016604,0.1233572950397316,0.01,0.20000000000000001,1,0,0.00020000000000000004,0.011499999999999986,0,0.011500000000000003,-1.7347234759768071e-17
0.058000000000000003,0.0038709294634702352,0.12411725910383105,0.01,0.20000000000000001,1,0,0.00020000000000000004,0.011599999999999985,0,0.011600000000000003,-1.7347234759768071e-17
0.058500000000000003,0.0039331764899800028,0.12486956703074449,0.01,0.20000000000000001,1,0,0.00020000000000000004,0.011699999999999985,0,0.011700000000000004,-1.9081958235744878e-17
0.059000000000000004,0.0039957977467411599,0.12561417241457531,0.01,0.20000000000000001,1,0,0.00020000000000000004,0.011799999999999984,0,0.011800000000000003,-1.9081958235744878e-17
0.059500000000000004,0.0040587893709796144,0.126351029324556,0.01,0.20000000000000001,1,0,0.00020000000000000004,0.011899999999999984,0,0.011900000000000003,-1.9081958235744878e-17
0.059999999999999998,0.0041221474770752678,0.12708009230788148,0.01,0.20000000000000001,1,0,0.00020000000000000004,0.011999999999999983,0,0.012000000000000002,-1.9081958235744878e-17
0.060499999999999998,0.0041858681568016929,0.12780131639251271,0.01,0.20000000000000001,1,0,0.00020000000000000004,0.012099999999999982,0,0.012100000000000001,-1.9081958235744878e-17
0.060999999999999999,0.0042499474795672136,0.12851465708995094,0.01,0.20000000000000001,1,0,0.00020000000000000004,0.012199999999999982,0,0.012200000000000003,-2.0816681711721685e-17
0.061499999999999999,0.0043143814926573602,0.12922007039798175,0.01,0.20000000000000001,1,0,0.00020000000000000004,0.012299999999999981,0,0.012300000000000002,-2.0816681711721685e-17
0.062,0.0043791662214786933,0.12991751280338951,0.01,0.20000000000000001,1,0,0.00020000000000000004,0.01239999999999998,0,0.012400000000000003,-2.2551405187698492e-17
0.0625,0.0044442976698039769,0.13060694128464148,0.01,0.20000000000000001,1,0,0.00020000000000000004,0.01249999999999998,0,0.012500000000000002,-2.2551405187698492e-17
0.063,0.0045097718200186833,0.13128831331454136,0.01,0.20000000000000001,1,0,0.00020000000000000004,0.012599999999999979,0,0.012600000000000002,-2.2551405187698492e-17
0.063500000000000001,0.0045755846333688111,0.13196158686285284,0.01,0.20000000000000001,1,0,0.00020000000000000004,0.012699999999999979,0,0.012700000000000003,-2.4286128663675299e-17
0.064000000000000001,0.0046417320502100349,0.13262672039889203,0.01,0.20000000000000001,1,0,0.00020000000000000004,0.012799999999999978,0,0.012800000000000002,-2.4286128663675299e-17
0.064500000000000002,0.0047082099902580922,0.13328367289408941,0.01,0.20000000000000001,1,0,0.00020000000000000004,0.012899999999999977,0,0.012900000000000003,-2.6020852139652106e-17
0.065000000000000002,0.0047750143528405113,0.13393240382452049,0.01,0.20000000000000001,1,0,0.00020000000000000004,0.012999999999999977,0,0.013000000000000003,-2.6020852139652106e-17
0.065500000000000003,0.0048421410171495252,0.13457287317340574,0.01,0.20000000000000001,1,0,0.00020000000000000004,0.013099999999999976,0,0.013100000000000002,-2.6020852139652106e-17
0.066000000000000003,0.0049095858424962856,0.13520504143357881,0.01,0.20000000000000001,1,0,0.00020000000000000004,0.013199999999999976,0,0.013200000000000003,-2.7755575615628914e-17
0.066500000000000004,0.0049773446685662751,0.13582886960992369,0.01,0.20000000000000001,1,0,0.00020000000000000004,0.013299999999999975,0,0.013300000000000003,-2.7755575615628914e-17
0.067000000000000004,0.0050454133156759241,0.13644431922177991,0.01,0.20000000000000001,1,0,0.00020000000000000004,0.013399999999999974,0,0.013400000000000004,-2.9490299091605721e-17
0.067500000000000004,0.0051137875850304501,0.13705135230531637,0.01,0.20000000000000001,1,0,0.00020000000000000004,0.013499999999999974,0,0.013500000000000003,-2.9490299091605721e-17
0.068000000000000005,0.0051824632589828465,0.13764993141587317,0.01,0.20000000000000001,1,0,0.00020000000000000004,0.013599999999999973,0,0.013600000000000004,-3.1225022567582528e-17
0.068500000000000005,0.0052514361012940547,0.13824001963027113,0.01,0.20000000000000001,1,0,0.00020000000000000004,0.013699999999999973,0,0.013700000000000004,-3.1225022567582528e-17
0.069000000000000006,0.0053207018573942656,0.13882158054908969,0.01,0.20000000000000001,1,0,0.00020000000000000004,0.013799999999999972,0,0.013800000000000003,-3.1225022567582528e-17
0.069500000000000006,0.0053902562546453764,0.13939457829891194,0.01,0.20000000000000001,1,0,0.00020000000000000004,0.013899999999999971,0,0.013900000000000004,-3.2959746043559335e-17
0.070000000000000007,0.0054600950026045328,0.13995897753453762,0.01,0.20000000000000001,1,0,0.00020000000000000004,0.013999999999999971,0,0.014000000000000004,-3.2959746043559335e-17
0.070500000000000007,0.0055302137932887871,0.14051474344116335,0.01,0.20000000000000001,1,0,0.00020000000000000004,0.01409999999999997,0,0.014100000000000005,-3.4694469519536142e-17
0.071000000000000008,0.0056006083014408497,0.14106184173653008,0.01,0.20000000000000001,1,0,0.00020000000000000004,0.01419999999999997,0,0.014200000000000004,-3.4694469519536142e-17
0.071500000000000008,0.0056712741847958605,0.14160023867303789,0.01,0.20000000000000001,1,0,0.00020000000000000004,0.014299999999999969,0,0.014300000000000004,-3.4694469519536142e-17
0.072000000000000008,0.0057422070843492733,0.14212990103982767,0.01,0.20000000000000001,1,0,0.00020000000000000004,0.014399999999999968,0,0.014400000000000005,-3.6429192995512949e-17
0.072499999999999995,0.0058134026246257162,0.14265079616482967,0.01,0.20000000000000001,1,0,0.00020000000000000004,0.014499999999999966,0,0.014500000000000002,-3.6429192995512949e-17
0.072999999999999995,0.0058848564139489089,0.143162891916779,0.01,0.20000000000000001,1,0,0.00020000000000000004,0.014599999999999965,0,0.014600000000000002,-3.6429192995512949e-17
0.073499999999999996,0.0059565640447125489,0.14366615670719751,0.01,0.20000000000000001,1,0,0.00020000000000000004,0.014699999999999965,0,0.014700000000000001,-3.6429192995512949e-17
0.073999999999999996,0.006028521093652193,0.14416055949234227,0.01,0.20000000000000001,1,0,0.00020000000000000004,0.014799999999999964,0,0.014800000000000002,-3.8163916471489756e-17
0.074499999999999997,0.0061007231221181148,0.14464606977512068,0.01,0.20000000000000001,1,0,0.00020000000000000004,0.014899999999999964,0,0.014900000000000002,-3.8163916471489756e-17
0.074999999999999997,0.0061731656763491021,0.14512265760697154,0.01,0.20000000000000001,1,0,0.00020000000000000004,0.014999999999999963,0,0.015000000000000003,-3.9898639947466563e-17
0.075499999999999998,0.0062458442877471685,0.14559029358971246,0.01,0.20000000000000001,1,0,0.00020000000000000004,0.015099999999999962,0,0.015100000000000002,-3.9898639947466563e-17
0.075999999999999998,0.0063187544731532191,0.14604894887735323,0.01,0.20000000000000001,1,0,0.00020000000000000004,0.015199999999999962,0,0.015200000000000003,-4.163336342344337e-17
0.076499999999999999,0.0063918917351235803,0.14649859517787528,0.01,0.20000000000000001,1,0,0.00020000000000000004,0.015299999999999961,0,0.015300000000000003,-4.163336342344337e-17
0.076999999999999999,0.0064652515622074273,0.14693920475497677,0.01,0.20000000000000001,1,0,0.00020000000000000004,0.015399999999999961,0,0.015400000000000002,-4.163336342344337e-17
0.077499999999999999,0.0065388294292250708,0.14737075042978351,0.01,0.20000000000000001,1,0,0.00020000000000000004,0.01549999999999996,0,0.015500000000000003,-4.3368086899420177e-17
0.078,0.0066126207975470853,0.14779320558252551,0.01,0.20000000000000001,1,0,0.00020000000000000004,0.015599999999999959,0,0.015600000000000003,-4.3368086899420177e-17
0.0785,0.0066866211153742893,0.14820654415417903,0.01,0.20000000000000001,1,0,0.00020000000000000004,0.015699999999999961,0,0.015700000000000002,-4.163336342344337e-17
0.079000000000000001,0.0067608258180185043,0.14861074064807397,0.01,0.20000000000000001,1,0,0.00020000000000000004,0.01579999999999996,0,0.015800000000000002,-4.163336342344337e-17
0.079500000000000001,0.006835230328184139,0.14900577013146668,0.01,0.20000000000000001,1,0,0.00020000000000000004,0.015899999999999959,0,0.015900000000000004,-4.5102810375396984e-17
0.080000000000000002,0.0069098300562505256,0.14939160823707778,0.01,0.20000000000000001,1,0,0.00020000000000000004,0.015999999999999959,0,0.016000000000000004,-4.5102810375396984e-17
0.080500000000000002,0.0069846204005550392,0.14976823116459556,0.01,0.20000000000000001,1,0,0.00020000000000000004,0.016099999999999958,0,0.016100000000000003,-4.5102810375396984e-17
0.081000000000000003,0.0070595967476769599,0.15013561568214373,0.01,0.20000000000000001,1,0,0.00020000000000000004,0.016199999999999957,0,0.016200000000000003,-4.5102810375396984e-17
0.081500000000000003,0.0071347544727220161,0.15049373912771472,0.01,0.20000000000000001,1,0,0.00020000000000000004,0.016299999999999957,0,0.016300000000000005,-4.8572257327350599e-17
0.082000000000000003,0.0072100889396077075,0.1508425794105675,0.01,0.20000000000000001,1,0,0.00020000000000000004,0.016399999999999956,0,0.016400000000000005,-4.8572257327350599e-17
0.082500000000000004,0.007285595501349257,0.15118211501259027,0.01,0.20000000000000001,1,0,0.00020000000000000004,0.016499999999999956,0,0.016500000000000004,-4.8572257327350599e-17
0.083000000000000004,0.0073612695003462706,0.15151232498962772,0.01,0.20000000000000001,1,0,0.00020000000000000004,0.016599999999999955,0,0.016600000000000004,-4.8572257327350599e-17
0.083500000000000005,0.007437106268670033,0.15183318897277304,0.01,0.20000000000000001,1,0,0.00020000000000000004,0.016699999999999954,0,0.016700000000000003,-4.8572257327350599e-17
0.084000000000000005,0.0075131011283514531,0.15214468716962432,0.01,0.20000000000000001,1,0,0.00020000000000000004,0.016799999999999954,0,0.016800000000000006,-5.2041704279304213e-17
0.084500000000000006,0.0075892493916696136,0.15244680036550554,0.01,0.20000000000000001,1,0,0.00020000000000000004,0.016899999999999953,0,0.016900000000000005,-5.2041704279304213e-17
0.085000000000000006,0.0076655463614409471,0.15273950992465166,0.01,0.20000000000000001,1,0,0.00020000000000000004,0.016999999999999953,0,0.017000000000000005,-5.2041704279304213e-17
0.085500000000000007,0.0077419873313089617,0.15302279779135827,0.01,0.20000000000000001,1,0,0.00020000000000000004,0.017099999999999952,0,0.017100000000000004,-5.2041704279304213e-17
0.086000000000000007,0.0078185675860345735,0.1532966464910954,0.01,0.20000000000000001,1,0,0.00020000000000000004,0.017199999999999951,0,0.017200000000000003,-5.2041704279304213e-17
0.086500000000000007,0.007895282401786944,0.15356103913158528,0.01,0.20000000000000001,1,0,0.00020000000000000004,0.017299999999999951,0,0.017300000000000006,-5.5511151231257827e-17
0.087000000000000008,0.0079721270464348758,0.15381595940384443,0.01,0.20000000000000001,1,0,0.00020000000000000004,0.01739999999999995,0,0.017400000000000006,-5.5511151231257827e-17
0.087500000000000008,0.0080490967798387165,0.15406139158318971,0.01,0.20000000000000001,1,0,0.00020000000000000004,0.01749999999999995,0,0.017500000000000005,-5.5511151231257827e-17
0.087999999999999995,0.0081261868541427501,0.15429732053020817,0.01,0.20000000000000001,1,0,0.00020000000000000004,0.017599999999999946,0,0.017600000000000001,-5.5511151231257827e-17
0.088499999999999995,0.0082033925140680714,0.15452373169169106,0.01,0.20000000000000001,1,0,0.00020000000000000004,0.017699999999999945,0,0.017700000000000004,-5.8980598183211441e-17
0.088999999999999996,0.0082807089972059041,0.15474061110153145,0.01,0.20000000000000001,1,0,0.00020000000000000004,0.017799999999999944,0,0.017800000000000003,-5.8980598183211441e-17
0.089499999999999996,0.008358131534311369,0.15494794538158574,0.01,0.20000000000000001,1,0,0.00020000000000000004,0.017899999999999944,0,0.017900000000000003,-5.8980598183211441e-17
0.089999999999999997,0.0084356553495976913,0.15514572174249891,0.01,0.20000000000000001,1,0,0.00020000000000000004,0.017999999999999943,0,0.018000000000000002,-5.8980598183211441e-17
0.090499999999999997,0.0085132756610307673,0.15533392798449339,0.01,0.20000000000000001,1,0,0.00020000000000000004,0.018099999999999943,0,0.018100000000000002,-5.8980598183211441e-17
0.090999999999999998,0.0085909876806241712,0.15551255249812165,0.01,0.20000000000000001,1,0,0.00020000000000000004,0.018199999999999942,0,0.018200000000000004,-6.2450045135165055e-17
0.091499999999999998,0.0086687866147344746,0.1556815842649823,0.01,0.20000000000000001,1,0,0.00020000000000000004,0.018299999999999941,0,0.018300000000000004,-6.2450045135165055e-17
0.091999999999999998,0.008746667664356958,0.1558410128583998,0.01,0.20000000000000001,1,0,0.00020000000000000004,0.018399999999999941,0,0.018400000000000003,-6.2450045135165055e-17
0.092499999999999999,0.0088246260254216235,0.15599082844406742,0.01,0.20000000000000001,1,0,0.00020000000000000004,0.01849999999999994,0,0.018500000000000003,-6.2450045135165055e-17
0.092999999999999999,0.0089026568890895452,0.15613102178065422,0.01,0.20000000000000001,1,0,0.00020000000000000004,0.018599999999999939,0,0.018600000000000002,-6.2450045135165055e-17
0.0935,0.0089807554420494994,0.15626158422037481,0.01,0.20000000000000001,1,0,0.00020000000000000004,0.018699999999999939,0,0.018700000000000005,-6.591949208711867e-17
0.094,0.0090589168668148545,0.15638250770952289,0.01,0.20000000000000001,1,0,0.00020000000000000004,0.018799999999999938,0,0.018800000000000004,-6.591949208711867e-17
0.094500000000000001,0.0091371363420207664,0.15649378478896808,0.01,0.20000000000000001,1,0,0.00020000000000000004,0.018899999999999938,0,0.018900000000000004,-6.591949208711867e-17
0.095000000000000001,0.0092154090427215476,0.15659540859461593,0.01,0.20000000000000001,1,0,0.00020000000000000004,0.018999999999999937,0,0.019000000000000003,-6.591949208711867e-17
0.095500000000000002,0.0092937301406883326,0.15668737285783144,0.01,0.20000000000000001,1,0,0.00020000000000000004,0.019099999999999936,0,0.019100000000000002,-6.591949208711867e-17
0.096000000000000002,0.0093720948047068663,0.15676967190582566,0.01,0.20000000000000001,1,0,0.00020000000000000004,0.019199999999999936,0,0.019200000000000005,-6.9388939039072284e-17
0.096500000000000002,0.0094504982008755435,0.15684230066200566,0.01,0.20000000000000001,1,0,0.00020000000000000004,0.019299999999999935,0,0.019300000000000005,-6.9388939039072284e-17
0.097000000000000003,0.0095289354929035727,0.15690525464628763,0.01,0.20000000000000001,1,0,0.00020000000000000004,0.019399999999999935,0,0.019400000000000004,-6.9388939039072284e-17
0.097500000000000003,0.0096074018424093105,0.15695852997537321,0.01,0.20000000000000001,1,0,0.00020000000000000004,0.019499999999999934,0,0.019500000000000003,-6.9388939039072284e-17
0.098000000000000004,0.009685892409218716,0.15700212336298927,0.01,0.20000000000000001,1,0,0.00020000000000000004,0.019599999999999933,0,0.019600000000000003,-6.9388939039072284e-17
0.098500000000000004,0.0097644023516638961,0.15703603212009026,0.01,0.20000000000000001,1,0,0.00020000000000000004,0.019699999999999933,0,0.019700000000000006,-7.2858385991025898e-17
0.099000000000000005,0.009842926826881794,0.15706025415502431,0.01,0.20000000000000001,1,0,0.00020000000000000004,0.019799999999999932,0,0.019800000000000005,-7.2858385991025898e-17
0.099500000000000005,0.0099214609911128879,0.15707478797366226,0.01,0.20000000000000001,1,0,0.00020000000000000004,0.019899999999999932,0,0.019900000000000004,-7.2858385991025898e-17
0.10000000000000001,0.0099999999999999985,0.15707963267948966,0.01,0.20000000000000001,1,0,0.00020000000000000004,0.019999999999999931,0,0.020000000000000004,-7.2858385991025898e-17
0.10050000000000001,0.010078539008887112,0.15707478797366226,0.01,0.20000000000000001,1,0,0.00020000000000000004,0.02009999999999993,0,0.020100000000000007,-7.6327832942979512e-17
0.10100000000000001,0.010157073173118208,0.15706025415502431,0.01,0.20000000000000001,1,0,0.00020000000000000004,0.02019999999999993,0,0.020200000000000006,-7.6327832942979512e-17
0.10150000000000001,0.010235597648336101,0.15703603212009026,0.01,0.20000000000000001,1,0,0.00020000000000000004,0.020299999999999929,0,0.020300000000000006,-7.6327832942979512e-17
0.10200000000000001,0.010314107590781281,0.15700212336298927,0.01,0.20000000000000001,1,0,0.00020000000000000004,0.020399999999999929,0,0.020400000000000005,-7.6327832942979512e-17
0.10250000000000001,0.010392598157590685,0.15695852997537321,0.01,0.20000000000000001,1,0,0.00020000000000000004,0.020499999999999928,0,0.020500000000000004,-7.6327832942979512e-17
0.10300000000000001,0.010471064507096426,0.15690525464628763,0.01,0.20000000000000001,1,0,0.00020000000000000004,0.020599999999999927,0,0.020600000000000007,-7.9797279894933126e-17
0.10350000000000001,0.010549501799124459,0.15684230066200566,0.01,0.20000000000000001,1,0,0.00020000000000000004,0.020699999999999927,0,0.020700000000000007,-7.9797279894933126e-17
0.10400000000000001,0.010627905195293134,0.15676967190582566,0.01,0.20000000000000001,1,0,0.00020000000000000004,0.020799999999999926,0,0.020800000000000006,-7.9797279894933126e-17
0.1045,0.010706269859311666,0.15668737285783144,0.01,0.20000000000000001,1,0,0.00020000000000000004,0.020899999999999922,0,0.020900000000000002,-7.9797279894933126e-17
0.105,0.010784590957278446,0.15659540859461593,0.01,0.20000000000000001,1,0,0.00020000000000000004,0.020999999999999922,0,0.021000000000000005,-8.3266726846886741e-17
0.1055,0.010862863657979232,0.15649378478896808,0.01,0.20000000000000001,1,0,0.00020000000000000004,0.021099999999999921,0,0.021100000000000004,-8.3266726846886741e-17
0.106,0.010941083133185141,0.15638250770952289,0.01,0.20000000000000001,1,0,0.00020000000000000004,0.02119999999999992,0,0.021200000000000004,-8.3266726846886741e-17
0.1065,0.011019244557950499,0.15626158422037481,0.01,0.20000000000000001,1,0,0.00020000000000000004,0.02129999999999992,0,0.021300000000000003,-8.3266726846886741e-17
0.107,0.011097343110910452,0.15613102178065422,0.01,0.20000000000000001,1,0,0.00020000000000000004,0.021399999999999919,0,0.021400000000000002,-8.3266726846886741e-17
0.1075,0.011175373974578373,0.15599082844406742,0.01,0.20000000000000001,1,0,0.00020000000000000004,0.021499999999999918,0,0.021500000000000005,-8.6736173798840355e-17
0.108,0.011253332335643042,0.1558410128583998,0.01,0.20000000000000001,1,0,0.00020000000000000004,0.021599999999999918,0,0.021600000000000005,-8.6736173798840355e-17
0.1085,0.011331213385265522,0.15568158426498233,0.01,0.20000000000000001,1,0,0.00020000000000000004,0.021699999999999917,0,0.021700000000000004,-8.6736173798840355e-17
0.109,0.011409012319375826,0.15551255249812165,0.01,0.20000000000000001,1,0,0.00020000000000000004,0.021799999999999917,0,0.021800000000000003,-8.6736173798840355e-17
0.1095,0.011486724338969228,0.15533392798449341,0.01,0.20000000000000001,1,0,0.00020000000000000004,0.021899999999999916,0,0.021900000000000003,-8.6736173798840355e-17
0.11,0.011564344650402306,0.15514572174249891,0.01,0.20000000000000001,1,0,0.00020000000000000004,0.021999999999999915,0,0.022000000000000006,-9.0205620750793969e-17
0.1105,0.01164186846568863,0.15494794538158577,0.01,0.20000000000000001,1,0,0.00020000000000000004,0.022099999999999915,0,0.022100000000000005,-9.0205620750793969e-17
0.111,0.011719291002794095,0.15474061110153148,0.01,0.20000000000000001,1,0,0.00020000000000000004,0.022199999999999914,0,0.022200000000000004,-9.0205620750793969e-17
0.1115,0.011796607485931926,0.15452373169169106,0.01,0.20000000000000001,1,0,0.00020000000000000004,0.022299999999999914,0,0.022300000000000004,-9.0205620750793969e-17
0.112,0.011873813145857243,0.1542973205302082,0.01,0.20000000000000001,1,0,0.00020000000000000004,0.022399999999999913,0,0.022400000000000003,-9.0205620750793969e-17
0.1125,0.011950903220161282,0.15406139158318971,0.01,0.20000000000000001,1,0,0.00020000000000000004,0.022499999999999912,0,0.022500000000000006,-9.3675067702747583e-17
0.113,0.012027872953565125,0.15381595940384443,0.01,0.20000000000000001,1,0,0.00020000000000000004,0.022599999999999912,0,0.022600000000000006,-9.3675067702747583e-17
0.1135,0.012104717598213058,0.15356103913158528,0.01,0.20000000000000001,1,0,0.00020000000000000004,0.022699999999999911,0,0.022700000000000005,-9.3675067702747583e-17
0.114,0.012181432413965425,0.15329664649109542,0.01,0.20000000000000001,1,0,0.00020000000000000004,0.022799999999999911,0,0.022800000000000004,-9.3675067702747583e-17
0.1145,0.012258012668691034,0.15302279779135827,0.01,0.20000000000000001,1,0,0.00020000000000000004,0.02289999999999991,0,0.022900000000000004,-9.3675067702747583e-17
0.115,0.012334453638559053,0.15273950992465166,0.01,0.20000000000000001,1,0,0.00020000000000000004,0.022999999999999909,0,0.023000000000000007,-9.7144514654701197e-17
0.11550000000000001,0.012410750608330386,0.15244680036550554,0.01,0.20000000000000001,1,0,0.00020000000000000004,0.023099999999999909,0,0.023100000000000006,-9.7144514654701197e-17
0.11600000000000001,0.012486898871648548,0.15214468716962432,0.01,0.20000000000000001,1,0,0.00020000000000000004,0.023199999999999908,0,0.023200000000000005,-9.7144514654701197e-17
0.11650000000000001,0.012562893731329966,0.15183318897277304,0.01,0.20000000000000001,1,0,0.00020000000000000004,0.023299999999999908,0,0.023300000000000005,-9.7144514654701197e-17
0.11700000000000001,0.012638730499653731,0.15151232498962772,0.01,0.20000000000000001,1,0,0.00020000000000000004,0.023399999999999907,0,0.023400000000000008,-1.0061396160665481e-16
0.11750000000000001,0.012714404498650743,0.15118211501259027,0.01,0.20000000000000001,1,0,0.00020000000000000004,0.023499999999999906,0,0.023500000000000007,-1.0061396160665481e-16
0.11800000000000001,0.012789911060392295,0.1508425794105675,0.01,0.20000000000000001,1,0,0.00020000000000000004,0.023599999999999906,0,0.023600000000000006,-1.0061396160665481e-16
0.11850000000000001,0.012865245527277984,0.15049373912771472,0.01,0.20000000000000001,1,0,0.00020000000000000004,0.023699999999999905,0,0.023700000000000006,-1.0061396160665481e-16
0.11900000000000001,0.012940403252323039,0.15013561568214373,0.01,0.20000000000000001,1,0,0.00020000000000000004,0.023799999999999905,0,0.023800000000000005,-1.0061396160665481e-16
0.11950000000000001,0.013015379599444956,0.14976823116459556,0.01,0.20000000000000001,1,0,0.00020000000000000004,0.023899999999999904,0,0.023900000000000008,-1.0408340855860843e-16
0.12,0.01309016994374947,0.14939160823707781,0.01,0.20000000000000001,1,0,0.00020000000000000004,0.0239999999999999,0,0.024000000000000004,-1.0408340855860843e-16
0.1205,0.013164769671815861,0.14900577013146668,0.01,0.20000000000000001,1,0,0.00020000000000000004,0.024099999999999899,0,0.024100000000000003,-1.0408340855860843e-16
0.121,0.013239174181981492,0.148610740648074,0.01,0.20000000000000001,1,0,0.00020000000000000004,0.024199999999999899,0,0.024200000000000003,-1.0408340855860843e-16
0.1215,0.01331337888462571,0.14820654415417905,0.01,0.20000000000000001,1,0,0.00020000000000000004,0.024299999999999898,0,0.024300000000000006,-1.0755285551056204e-16
0.122,0.013387379202452912,0.14779320558252554,0.01,0.20000000000000001,1,0,0.00020000000000000004,0.024399999999999897,0,0.024400000000000005,-1.0755285551056204e-16
0.1225,0.013461170570774927,0.14737075042978351,0.01,0.20000000000000001,1,0,0.00020000000000000004,0.024499999999999897,0,0.024500000000000004,-1.0755285551056204e-16
0.123,0.013534748437792571,0.14693920475497677,0.01,0.20000000000000001,1,0,0.00020000000000000004,0.024599999999999896,0,0.024600000000000004,-1.0755285551056204e-16
0.1235,0.013608108264876418,0.14649859517787531,0.01,0.20000000000000001,1,0,0.00020000000000000004,0.024699999999999896,0,0.024700000000000003,-1.0755285551056204e-16
0.124,0.013681245526846778,0.14604894887735323,0.01,0.20000000000000001,1,0,0.00020000000000000004,0.024799999999999895,0,0.024800000000000006,-1.1102230246251565e-16
0.1245,0.01375415571225283,0.14559029358971248,0.01,0.20000000000000001,1,0,0.00020000000000000004,0.024899999999999894,0,0.024900000000000005,-1.1102230246251565e-16
0.125,0.013826834323650896,0.14512265760697154,0.01,0.20000000000000001,1,0,0.00020000000000000004,0.024999999999999894,0,0.025000000000000005,-1.1102230246251565e-16
0.1255,0.01389927687788188,0.14464606977512071,0.01,0.20000000000000001,1,0,0.00020000000000000004,0.025099999999999893,0,0.025100000000000004,-1.1102230246251565e-16
0.126,0.013971478906347808,0.1441605594923423,0.01,0.20000000000000001,1,0,0.00020000000000000004,0.025199999999999893,0,0.025200000000000004,-1.1102230246251565e-16
0.1265,0.01404343595528745,0.14366615670719751,0.01,0.20000000000000001,1,0,0.00020000000000000004,0.025299999999999892,0,0.025300000000000007,-1.1449174941446927e-16
0.127,0.014115143586051086,0.14316289191677906,0.01,0.20000000000000001,1,0,0.00020000000000000004,0.025399999999999891,0,0.025400000000000006,-1.1449174941446927e-16
0.1275,0.014186597375374279,0.14265079616482973,0.01,0.20000000000000001,1,0,0.00020000000000000004,0.025499999999999891,0,0.025500000000000005,-1.1449174941446927e-16
0.128,0.014257792915650727,0.14212990103982767,0.01,0.20000000000000001,1,0,0.00020000000000000004,0.02559999999999989,0,0.025600000000000005,-1.1449174941446927e-16
0.1285,0.014328725815204136,0.14160023867303792,0.01,0.20000000000000001,1,0,0.00020000000000000004,0.02569999999999989,0,0.025700000000000004,-1.1449174941446927e-16
0.129,0.014399391698559147,0.14106184173653011,0.01,0.20000000000000001,1,0,0.00020000000000000004,0.025799999999999889,0,0.025800000000000007,-1.1796119636642288e-16
0.1295,0.014469786206711211,0.14051474344116335,0.01,0.20000000000000001,1,0,0.00020000000000000004,0.025899999999999888,0,0.025900000000000006,-1.1796119636642288e-16
0.13,0.014539904997395468,0.13995897753453765,0.01,0.20000000000000001,1,0,0.00020000000000000004,0.025999999999999888,0,0.026000000000000006,-1.1796119636642288e-16
0.1305,0.014609743745354621,0.13939457829891194,0.01,0.20000000000000001,1,0,0.00020000000000000004,0.026099999999999887,0,0.026100000000000005,-1.1796119636642288e-16
0.13100000000000001,0.014679298142605733,0.13882158054908972,0.01,0.20000000000000001,1,0,0.00020000000000000004,0.026199999999999887,0,0.026200000000000005,-1.1796119636642288e-16
0.13150000000000001,0.014748563898705944,0.13824001963027116,0.01,0.20000000000000001,1,0,0.00020000000000000004,0.026299999999999886,0,0.026300000000000007,-1.214306433183765e-16
0.13200000000000001,0.01481753674101715,0.1376499314158732,0.01,0.20000000000000001,1,0,0.00020000000000000004,0.026399999999999885,0,0.026400000000000007,-1.214306433183765e-16
0.13250000000000001,0.014886212414969551,0.13705135230531637,0.01,0.20000000000000001,1,0,0.00020000000000000004,0.026499999999999885,0,0.026500000000000006,-1.214306433183765e-16
0.13300000000000001,0.014954586684324075,0.13644431922177991,0.01,0.20000000000000001,1,0,0.00020000000000000004,0.026599999999999884,0,0.026600000000000006,-1.214306433183765e-16
0.13350000000000001,0.015022655331433722,0.13582886960992371,0.01,0.20000000000000001,1,0,0.00020000000000000004,0.026699999999999884,0,0.026700000000000005,-1.214306433183765e-16
0.13400000000000001,0.015090414157503713,0.13520504143357884,0.01,0.20000000000000001,1,0,0.00020000000000000004,0.026799999999999883,0,0.026800000000000008,-1.2490009027033011e-16
0.13450000000000001,0.015157858982850474,0.13457287317340574,0.01,0.20000000000000001,1,0,0.00020000000000000004,0.026899999999999882,0,0.026900000000000007,-1.2490009027033011e-16
0.13500000000000001,0.015224985647159489,0.13393240382452051,0.01,0.20000000000000001,1,0,0.00020000000000000004,0.026999999999999882,0,0.027000000000000007,-1.2490009027033011e-16
0.13550000000000001,0.015291790009741906,0.13328367289408941,0.01,0.20000000000000001,1,0,0.00020000000000000004,0.027099999999999881,0,0.027100000000000006,-1.2490009027033011e-16
0.13600000000000001,0.015358267949789966,0.13262672039889206,0.01,0.20000000000000001,1,0,0.00020000000000000004,0.027199999999999881,0,0.027200000000000009,-1.2836953722228372e-16
0.13650000000000001,0.015424415366631186,0.13196158686285286,0.01,0.20000000000000001,1,0,0.00020000000000000004,0.02729999999999988,0,0.027300000000000008,-1.2836953722228372e-16
0.13700000000000001,0.015490228179981318,0.13128831331454136,0.01,0.20000000000000001,1,0,0.00020000000000000004,0.027399999999999879,0,0.027400000000000008,-1.2836953722228372e-16
0.13750000000000001,0.015555702330196023,0.13060694128464145,0.01,0.20000000000000001,1,0,0.00020000000000000004,0.027499999999999879,0,0.027500000000000007,-1.2836953722228372e-16
0.13800000000000001,0.015620833778521304,0.12991751280338956,0.01,0.20000000000000001,1,0,0.00020000000000000004,0.027599999999999878,0,0.027600000000000006,-1.2836953722228372e-16
0.13850000000000001,0.015685618507342642,0.12922007039798175,0.01,0.20000000000000001,1,0,0.00020000000000000004,0.027699999999999877,0,0.027700000000000009,-1.3183898417423734e-16
0.13900000000000001,0.015750052520432788,0.12851465708995094,0.01,0.20000000000000001,1,0,0.00020000000000000004,0.027799999999999877,0,0.027800000000000009,-1.3183898417423734e-16
0.13950000000000001,0.015814131843198305,0.12780131639251274,0.01,0.20000000000000001,1,0,0.00020000000000000004,0.027899999999999876,0,0.027900000000000008,-1.3183898417423734e-16
0.14000000000000001,0.015877852522924729,0.1270800923078815,0.01,0.20000000000000001,1,0,0.00020000000000000004,0.027999999999999876,0,0.028000000000000008,-1.3183898417423734e-16
0.14050000000000001,0.015941210629020385,0.12635102932455602,0.01,0.20000000000000001,1,0,0.00020000000000000004,0.028099999999999875,0,0.028100000000000007,-1.3183898417423734e-16
0.14100000000000001,0.01600420225325884,0.12561417241457534,0.01,0.20000000000000001,1,0,0.00020000000000000004,0.028199999999999874,0,0.02820000000000001,-1.3530843112619095e-16
0.14150000000000001,0.016066823510019999,0.12486956703074448,0.01,0.20000000000000001,1,0,0.00020000000000000004,0.028299999999999874,0,0.028300000000000009,-1.3530843112619095e-16
0.14200000000000002,0.016129070536529767,0.12411725910383103,0.01,0.20000000000000001,1,0,0.00020000000000000004,0.028399999999999873,0,0.028400000000000009,-1.3530843112619095e-16
0.14250000000000002,0.016190939493098338,0.12335729503973163,0.01,0.20000000000000001,1,0,0.00020000000000000004,0.028499999999999873,0,0.028500000000000008,-1.3530843112619095e-16
0.14300000000000002,0.016252426563357052,0.12258972171660931,0.01,0.20000000000000001,1,0,0.00020000000000000004,0.028599999999999872,0,0.028600000000000007,-1.3530843112619095e-16
0.14350000000000002,0.016313527954493777,0.12181458648200244,0.01,0.20000000000000001,1,0,0.00020000000000000004,0.028699999999999871,0,0.02870000000000001,-1.3877787807814457e-16
0.14400000000000002,0.016374239897486896,0.12103193714990343,0.01,0.20000000000000001,1,0,0.00020000000000000004,0.028799999999999871,0,0.02880000000000001,-1.3877787807814457e-16
0.14449999999999999,0.016434558647337786,0.12024182199780971,0.01,0.20000000000000001,1,0,0.00020000000000000004,0.028899999999999867,0,0.028900000000000002,-1.3530843112619095e-16
0.14499999999999999,0.016494480483301831,0.11944428976374558,0.01,0.20000000000000001,1,0,0.00020000000000000004,0.028999999999999866,0,0.029000000000000005,-1.3877787807814457e-16
0.14549999999999999,0.016554001709117937,0.1186393896432559,0.01,0.20000000000000001,1,0,0.00020000000000000004,0.029099999999999866,0,0.029100000000000004,-1.3877787807814457e-16
0.14599999999999999,0.016613118653236513,0.11782717128637173,0.01,0.20000000000000001,1,0,0.00020000000000000004,0.029199999999999865,0,0.029200000000000004,-1.3877787807814457e-16
0.14649999999999999,0.016671827669045996,0.117007684794547,0.01,0.20000000000000001,1,0,0.00020000000000000004,0.029299999999999864,0,0.029300000000000003,-1.3877787807814457e-16
0.14699999999999999,0.01673012513509773,0.11618098071756879,0.01,0.20000000000000001,1,0,0.00020000000000000004,0.029399999999999864,0,0.029400000000000003,-1.3877787807814457e-16
0.14749999999999999,0.016788007455329414,0.1153471100504386,0.01,0.20000000000000001,1,0,0.00020000000000000004,0.029499999999999863,0,0.029500000000000005,-1.4224732503009818e-16
0.14799999999999999,0.016845471059286882,0.11450612423022713,0.01,0.20000000000000001,1,0,0.00020000000000000004,0.029599999999999863,0,0.029600000000000005,-1.4224732503009818e-16
0.14849999999999999,0.016902512402344368,0.11365807513290112,0.01,0.20000000000000001,1,0,0.00020000000000000004,0.029699999999999862,0,0.029700000000000004,-1.4224732503009818e-16
0.14899999999999999,0.016959127965923141,0.11280301507012357,0.01,0.20000000000000001,1,0,0.00020000000000000004,0.029799999999999861,0,0.029800000000000004,-1.4224732503009818e-16
0.14949999999999999,0.017015314257708553,0.11194099678602687,0.01,0.20000000000000001,1,0,0.00020000000000000004,0.029899999999999861,0,0.029900000000000003,-1.4224732503009818e-16
0.14999999999999999,0.017071067811865476,0.11107207345395917,0.01,0.20000000000000001,1,0,0.00020000000000000004,0.02999999999999986,0,0.030000000000000006,-1.457167719820518e-16
0.15049999999999999,0.017126385189252052,0.11019629867320475,0.01,0.20000000000000001,1,0,0.00020000000000000004,0.03009999999999986,0,0.030100000000000005,-1.457167719820518e-16
0.151,0.017181262977631888,0.10931372646567715,0.01,0.20000000000000001,1,0,0.00020000000000000004,0.030199999999999859,0,0.030200000000000005,-1.457167719820518e-16
0.1515,0.017235697791884493,0.10842441127258758,0.01,0.20000000000000001,1,0,0.00020000000000000004,0.030299999999999858,0,0.030300000000000004,-1.457167719820518e-16
0.152,0.017289686274214115,0.10752840795108613,0.01,0.20000000000000001,1,0,0.00020000000000000004,0.030399999999999858,0,0.030400000000000007,-1.4918621893400541e-16
0.1525,0.017343225094356853,0.10662577177087826,0.01,0.20000000000000001,1,0,0.00020000000000000004,0.030499999999999857,0,0.030500000000000006,-1.4918621893400541e-16
0.153,0.017396310949786095,0.10571655841081531,0.01,0.20000000000000001,1,0,0.00020000000000000004,0.030599999999999856,0,0.030600000000000006,-1.4918621893400541e-16
0.1535,0.01744894056591622,0.10480082395546014,0.01,0.20000000000000001,1,0,0.00020000000000000004,0.030699999999999856,0,0.030700000000000005,-1.4918621893400541e-16
0.154,0.017501110696304591,0.10387862489162743,0.01,0.20000000000000001,1,0,0.00020000000000000004,0.030799999999999855,0,0.030800000000000004,-1.4918621893400541e-16
0.1545,0.017552818122851838,0.10295001810489933,0.01,0.20000000000000001,1,0,0.00020000000000000004,0.030899999999999855,0,0.030900000000000007,-1.5265566588595902e-16
0.155,0.017604059656000311,0.10201506087611671,0.01,0.20000000000000001,1,0,0.00020000000000000004,0.030999999999999854,0,0.031000000000000007,-1.5265566588595902e-16
0.1555,0.017654832134930881,0.10107381087784539,0.01,0.20000000000000001,1,0,0.00020000000000000004,0.031099999999999853,0,0.031100000000000006,-1.5265566588595902e-16
0.156,0.01770513242775789,0.100126326170819,0.01,0.20000000000000001,1,0,0.00020000000000000004,0.031199999999999853,0,0.031200000000000006,-1.5265566588595902e-16
0.1565,0.017754957431722344,0.099172665200357252,0.01,0.20000000000000001,1,0,0.00020000000000000004,0.031299999999999856,0,0.031300000000000008,-1.5265566588595902e-16
0.157,0.017804304073383296,0.098212886792760995,0.01,0.20000000000000001,1,0,0.00020000000000000004,0.031399999999999859,0,0.031400000000000004,-1.457167719820518e-16
0.1575,0.01785316930880745,0.097247050151683348,0.01,0.20000000000000001,1,0,0.00020000000000000004,0.031499999999999861,0,0.031500000000000007,-1.457167719820518e-16
0.158,0.017901550123756903,0.096275214854477861,0.01,0.20000000000000001,1,0,0.00020000000000000004,0.031599999999999864,0,0.031600000000000003,-1.3877787807814457e-16
0.1585,0.017949443533875099,0.095297440848523374,0.01,0.20000000000000001,1,0,0.00020000000000000004,0.031699999999999867,0,0.031700000000000006,-1.3877787807814457e-16
0.159,0.017996846584870909,0.094313788447526276,0.01,0.20000000000000001,1,0,0.00020000000000000004,0.03179999999999987,0,0.031800000000000009,-1.3877787807814457e-16
0.1595,0.018043756352700845,0.093324318327800179,0.01,0.20000000000000001,1,0,0.00020000000000000004,0.031899999999999873,0,0.031900000000000005,-1.3183898417423734e-16
0.16,0.018090169943749474,0.092329091524522858,0.01,0.20000000000000001,1,0,0.00020000000000000004,0.031999999999999876,0,0.032000000000000008,-1.3183898417423734e-16
0.1605,0.018136084495007868,0.091328169427971423,0.01,0.20000000000000001,1,0,0.00020000000000000004,0.032099999999999879,0,0.032100000000000004,-1.2490009027033011e-16
0.161,0.01818149717425023,0.09032161377973566,0.01,0.20000000000000001,1,0,0.00020000000000000004,0.032199999999999881,0,0.032200000000000006,-1.2490009027033011e-16
0.1615,0.018226405180208599,0.089309486668909047,0.01,0.20000000000000001,1,0,0.00020000000000000004,0.032299999999999884,0,0.032300000000000009,-1.2490009027033011e-16
0.16200000000000001,0.018270805742745616,0.088291850528259497,0.01,0.20000000000000001,1,0,0.00020000000000000004,0.032399999999999887,0,0.032400000000000005,-1.1796119636642288e-16
0.16250000000000001,0.018314696123025449,0.08726876813037765,0.01,0.20000000000000001,1,0,0.00020000000000000004,0.03249999999999989,0,0.032500000000000008,-1.1796119636642288e-16
0.16300000000000001,0.018358073613682701,0.086240302583804884,0.01,0.20000000000000001,1,0,0.00020000000000000004,0.032599999999999893,0,0.032600000000000011,-1.1796119636642288e-16
0.16350000000000001,0.018400935538989419,0.085206517329140627,0.01,0.20000000000000001,1,0,0.00020000000000000004,0.032699999999999896,0,0.032700000000000007,-1.1102230246251565e-16
0.16400000000000001,0.018443279255020151,0.084167476135128996,0.01,0.20000000000000001,1,0,0.00020000000000000004,0.032799999999999899,0,0.03280000000000001,-1.1102230246251565e-16
0.16450000000000001,0.018485102149815035,0.083123243094725172,0.01,0.20000000000000001,1,0,0.00020000000000000004,0.032899999999999902,0,0.032900000000000006,-1.0408340855860843e-16
0.16500000000000001,0.018526401643540923,0.082073882621141819,0.01,0.20000000000000001,1,0,0.00020000000000000004,0.032999999999999904,0,0.033000000000000008,-1.0408340855860843e-16
0.16550000000000001,0.0185671751886505,0.081019459443875827,0.01,0.20000000000000001,1,0,0.00020000000000000004,0.033099999999999907,0,0.033100000000000011,-1.0408340855860843e-16
0.16600000000000001,0.018607420270039438,0.079960038604715733,0.01,0.20000000000000001,1,0,0.00020000000000000004,0.03319999999999991,0,0.033200000000000007,-9.7144514654701197e-17
0.16650000000000001,0.018647134405201552,0.07889568545372902,0.01,0.20000000000000001,1,0,0.00020000000000000004,0.033299999999999913,0,0.03330000000000001,-9.7144514654701197e-17
0.16700000000000001,0.018686315144381911,0.077826465645231671,0.01,0.20000000000000001,1,0,0.00020000000000000004,0.033399999999999916,0,0.033400000000000006,-9.0205620750793969e-17
0.16750000000000001,0.018724960070727971,0.07675244513373794,0.01,0.20000000000000001,1,0,0.00020000000000000004,0.033499999999999919,0,0.033500000000000009,-9.0205620750793969e-17
0.16800000000000001,0.018763066800438634,0.075673690169891991,0.01,0.20000000000000001,1,0,0.00020000000000000004,0.033599999999999922,0,0.033600000000000012,-9.0205620750793969e-17
0.16850000000000001,0.018800632982911319,0.074590267296381532,0.01,0.20000000000000001,1,0,0.00020000000000000004,0.033699999999999924,0,0.033700000000000008,-8.3266726846886741e-17
0.16900000000000001,0.018837656300886935,0.073502243343832693,0.01,0.20000000000000001,1,0,0.00020000000000000004,0.033799999999999927,0,0.033800000000000011,-8.3266726846886741e-17
0.16950000000000001,0.018874134470592833,0.072409685426687923,0.01,0.20000000000000001,1,0,0.00020000000000000004,0.03389999999999993,0,0.033900000000000007,-7.6327832942979512e-17
0.17000000000000001,0.01891006524188368,0.071312660939065908,0.01,0.20000000000000001,1,0,0.00020000000000000004,0.033999999999999933,0,0.034000000000000009,-7.6327832942979512e-17
0.17050000000000001,0.01894544639838025,0.070211237550604669,0.01,0.20000000000000001,1,0,0.00020000000000000004,0.034099999999999936,0,0.034100000000000012,-7.6327832942979512e-17
0.17100000000000001,0.018980275757606156,0.069105483202286794,0.01,0.20000000000000001,1,0,0.00020000000000000004,0.034199999999999939,0,0.034200000000000008,-6.9388939039072284e-17
0.17150000000000001,0.019014551171122458,0.067995466102249089,0.01,0.20000000000000001,1,0,0.00020000000000000004,0.034299999999999942,0,0.034300000000000011,-6.9388939039072284e-17
0.17200000000000001,0.019048270524660193,0.066881254721574981,0.01,0.20000000000000001,1,0,0.00020000000000000004,0.034399999999999945,0,0.034400000000000007,-6.2450045135165055e-17
0.17250000000000001,0.019081431738250814,0.065762917790070735,0.01,0.20000000000000001,1,0,0.00020000000000000004,0.034499999999999947,0,0.03450000000000001,-6.2450045135165055e-17
0.17300000000000001,0.019114032766354452,0.064640524292026255,0.01,0.20000000000000001,1,0,0.00020000000000000004,0.03459999999999995,0,0.034600000000000013,-6.2450045135165055e-17
0.17350000000000002,0.019146071597986137,0.063514143461959396,0.01,0.20000000000000001,1,0,0.00020000000000000004,0.034699999999999953,0,0.034700000000000009,-5.5511151231257827e-17
0.17400000000000002,0.01917754625683981,0.06238384478034547,0.01,0.20000000000000001,1,0,0.00020000000000000004,0.034799999999999956,0,0.034800000000000011,-5.5511151231257827e-17
0.17450000000000002,0.019208454801410264,0.061249697969331288,0.01,0.20000000000000001,1,0,0.00020000000000000004,0.034899999999999959,0,0.034900000000000007,-4.8572257327350599e-17
0.17500000000000002,0.019238795325112867,0.060111772988434647,0.01,0.20000000000000001,1,0,0.00020000000000000004,0.034999999999999962,0,0.03500000000000001,-4.8572257327350599e-17
0.17550000000000002,0.019268565956401206,0.058970140030228275,0.01,0.20000000000000001,1,0,0.00020000000000000004,0.035099999999999965,0,0.035100000000000013,-4.8572257327350599e-17
0.17599999999999999,0.019297764858882512,0.057824869516010742,0.01,0.20000000000000001,1,0,0.00020000000000000004,0.03519999999999996,0,0.035200000000000002,-4.163336342344337e-17
0.17649999999999999,0.019326390231430939,0.056676032091461957,0.01,0.20000000000000001,1,0,0.00020000000000000004,0.035299999999999963,0,0.035300000000000005,-4.163336342344337e-17
0.17699999999999999,0.019354440308298672,0.055523698622285803,0.01,0.20000000000000001,1,0,0.00020000000000000004,0.035399999999999966,0,0.035400000000000008,-4.163336342344337e-17
0.17749999999999999,0.019381913359224841,0.0543679401898386,0.01,0.20000000000000001,1,0,0.00020000000000000004,0.035499999999999969,0,0.035500000000000004,-3.4694469519536142e-17
0.17799999999999999,0.019408807689542253,0.053208828086744688,0.01,0.20000000000000001,1,0,0.00020000000000000004,0.035599999999999972,0,0.035600000000000007,-3.4694469519536142e-17
0.17849999999999999,0.019435121640281935,0.052046433812498433,0.01,0.20000000000000001,1,0,0.00020000000000000004,0.035699999999999975,0,0.035700000000000003,-2.7755575615628914e-17
0.17899999999999999,0.019460853588275453,0.050880829069054022,0.01,0.20000000000000001,1,0,0.00020000000000000004,0.035799999999999978,0,0.035800000000000005,-2.7755575615628914e-17
0.17949999999999999,0.019486001946255046,0.049712085756402465,0.01,0.20000000000000001,1,0,0.00020000000000000004,0.035899999999999981,0,0.035900000000000008,-2.7755575615628914e-17
0.17999999999999999,0.019510565162951538,0.048540275968136683,0.01,0.20000000000000001,1,0,0.00020000000000000004,0.035999999999999983,0,0.036000000000000004,-2.0816681711721685e-17
0.18049999999999999,0.01953454172319001,0.047365471987004075,0.01,0.20000000000000001,1,0,0.00020000000000000004,0.036099999999999986,0,0.036100000000000007,-2.0816681711721685e-17
0.18099999999999999,0.0195579301479833,0.046187746280448076,0.01,0.20000000000000001,1,0,0.00020000000000000004,0.036199999999999989,0,0.036200000000000003,-1.3877787807814457e-17
0.18149999999999999,0.019580728994623188,0.045007171496137727,0.01,0.20000000000000001,1,0,0.00020000000000000004,0.036299999999999992,0,0.036300000000000006,-1.3877787807814457e-17
0.182,0.019602936856769428,0.043823820457486728,0.01,0.20000000000000001,1,0,0.00020000000000000004,0.036399999999999995,0,0.036400000000000009,-1.3877787807814457e-17
0.1825,0.01962455236453647,0.042637766159161351,0.01,0.20000000000000001,1,0,0.00020000000000000004,0.036499999999999998,0,0.036500000000000005,-6.9388939039072284e-18
0.183,0.01964557418457798,0.041449081762577451,0.01,0.20000000000000001,1,0,0.00020000000000000004,0.036600000000000001,0,0.036600000000000008,-6.9388939039072284e-18
0.1835,0.01966600102016907,0.040257840591387838,0.01,0.20000000000000001,1,0,0.00020000000000000004,0.036700000000000003,0,0.036700000000000003,0
0.184,0.019685831611286311,0.03906411612695912,0.01,0.20000000000000001,1,0,0.00020000000000000004,0.036800000000000006,0,0.036800000000000006,0
0.1845,0.019705064734685425,0.037867982003839347,0.01,0.20000000000000001,1,0,0.00020000000000000004,0.036900000000000009,0,0.036900000000000009,0
0.185,0.019723699203976767,0.036669512005215454,0.01,0.20000000000000001,1,0,0.00020000000000000004,0.037000000000000012,0,0.037000000000000005,6.9388939039072284e-18
0.1855,0.019741733869698491,0.03546878005836232,0.01,0.20000000000000001,1,0,0.00020000000000000004,0.037100000000000015,0,0.037100000000000008,6.9388939039072284e-18
0.186,0.019759167619387473,0.034265860230082247,0.01,0.20000000000000001,1,0,0.00020000000000000004,0.037200000000000018,0,0.037200000000000004,1.3877787807814457e-17
0.1865,0.019775999377647905,0.033060826722136498,0.01,0.20000000000000001,1,0,0.00020000000000000004,0.037300000000000021,0,0.037300000000000007,1.3877787807814457e-17
0.187,0.019792228106217658,0.031853753866668208,0.01,0.20000000000000001,1,0,0.00020000000000000004,0.037400000000000024,0,0.03740000000000001,1.3877787807814457e-17
0.1875,0.019807852804032303,0.030644716121616837,0.01,0.20000000000000001,1,0,0.00020000000000000004,0.037500000000000026,0,0.037500000000000006,2.0816681711721685e-17
0.188,0.019822872507286888,0.029433788066125583,0.01,0.20000000000000001,1,0,0.00020000000000000004,0.037600000000000029,0,0.037600000000000008,2.0816681711721685e-17
0.1885,0.019837286289495361,0.028221044395940822,0.01,0.20000000000000001,1,0,0.00020000000000000004,0.037700000000000032,0,0.037700000000000004,2.7755575615628914e-17
0.189,0.019851093261547739,0.027006559918804803,0.01,0.20000000000000001,1,0,0.00020000000000000004,0.037800000000000035,0,0.037800000000000007,2.7755575615628914e-17
0.1895,0.019864292571764953,0.025790409549840729,0.01,0.20000000000000001,1,0,0.00020000000000000004,0.037900000000000038,0,0.03790000000000001,2.7755575615628914e-17
0.19,0.019876883405951378,0.02457266830693202,0.01,0.20000000000000001,1,0,0.00020000000000000004,0.038000000000000041,0,0.038000000000000006,3.4694469519536142e-17
0.1905,0.019888864987445045,0.023353411306094467,0.01,0.20000000000000001,1,0,0.00020000000000000004,0.038100000000000044,0,0.038100000000000009,3.4694469519536142e-17
0.191,0.019900236577165577,0.022132713756843093,0.01,0.20000000000000001,1,0,0.00020000000000000004,0.038200000000000046,0,0.038200000000000005,4.163336342344337e-17
0.1915,0.019910997473659747,0.02091065095755288,0.01,0.20000000000000001,1,0,0.00020000000000000004,0.038300000000000049,0,0.038300000000000008,4.163336342344337e-17
0.192,0.019921147013144777,0.019687298290813639,0.01,0.20000000000000001,1,0,0.00020000000000000004,0.038400000000000052,0,0.038400000000000011,4.163336342344337e-17
0.1925,0.019930684569549266,0.018462731218780372,0.01,0.20000000000000001,1,0,0.00020000000000000004,0.038500000000000055,0,0.038500000000000006,4.8572257327350599e-17
0.193,0.019939609554551797,0.017237025278518229,0.01,0.20000000000000001,1,0,0.00020000000000000004,0.038600000000000058,0,0.038600000000000009,4.8572257327350599e-17
0.19350000000000001,0.019947921417617264,0.016010256077343341,0.01,0.20000000000000001,1,0,0.00020000000000000004,0.038700000000000061,0,0.038700000000000005,5.5511151231257827e-17
0.19400000000000001,0.019955619646030799,0.014782499288158561,0.01,0.20000000000000001,1,0,0.00020000000000000004,0.038800000000000064,0,0.038800000000000008,5.5511151231257827e-17
0.19450000000000001,0.019962703764929413,0.013553830644785965,0.01,0.20000000000000001,1,0,0.00020000000000000004,0.038900000000000066,0,0.038900000000000011,5.5511151231257827e-17
0.19500000000000001,0.019969173337331281,0.01232432593729489,0.01,0.20000000000000001,1,0,0.00020000000000000004,0.039000000000000069,0,0.039000000000000007,6.2450045135165055e-17
0.19550000000000001,0.0199750279641627,0.011094061007327171,0.01,0.20000000000000001,1,0,0.00020000000000000004,0.039100000000000072,0,0.03910000000000001,6.2450045135165055e-17
0.19600000000000001,0.019980267284282715,0.0098631117434189002,0.01,0.20000000000000001,1,0,0.00020000000000000004,0.039200000000000075,0,0.039200000000000006,6.9388939039072284e-17
0.19650000000000001,0.019984890974505381,0.0086315540763188883,0.01,0.20000000000000001,1,0,0.00020000000000000004,0.039300000000000078,0,0.039300000000000009,6.9388939039072284e-17
0.19700000000000001,0.019988898749619701,0.007399463974305201,0.01,0.20000000000000001,1,0,0.00020000000000000004,0.039400000000000081,0,0.039400000000000011,6.9388939039072284e-17
0.19750000000000001,0.019992290362407232,0.0061669174384989204,0.01,0.20000000000000001,1,0,0.00020000000000000004,0.039500000000000084,0,0.039500000000000007,7.6327832942979512e-17
0.19800000000000001,0.019995065603657318,0.0049339904981763293,0.01,0.20000000000000001,1,0,0.00020000000000000004,0.039600000000000087,0,0.03960000000000001,7.6327832942979512e-17
0.19850000000000001,0.019997224302180008,0.0037007592060786395,0.01,0.20000000000000001,1,0,0.00020000000000000004,0.039700000000000089,0,0.039700000000000013,7.6327832942979512e-17
0.19900000000000001,0.019998766324816605,0.0024672996337209859,0.01,0.20000000000000001,1,0,0.00020000000000000004,0.039800000000000092,0,0.039800000000000009,8.3266726846886741e-17
0.19950000000000001,0.0199996915764479,0.0012336878666999759,0.01,0.20000000000000001,1,0,0.00020000000000000004,0.039900000000000095,0,0.039900000000000012,8.3266726846886741e-17
0.20000000000000001,0.02,1.9236706937217901e-17,0.01,0.20000000000000001,1,0,0.00020000000000000004,0.040000000000000098,0,0.040000000000000008,9.0205620750793969e-17
