time_s,specimen_temperature_rise_K,sensor_temperature_rise_K,input_work_J,heat_leak_J,energy_residual_J
0,0,0,0,0,0
0.5,0.024968776025398758,0.00061419818500718648,0.10000000000000001,0.00012489576835925307,-1.3004572221061821e-10
1,0.049875208073176872,0.0024146495696375503,0.20000000000000001,0.00049916744752582544,-2.597666994702541e-10
1.5,0.074719451808615694,0.0053404631801534652,0.30000000000000004,0.0011221923763734096,-3.8916385695572653e-10
2,0.099501662508319474,0.0093337253129588404,0.40000000000000002,0.001993349448484318,-5.1823780640100625e-10
2.5,0.12422199506118572,0.014339354312512542,0.5,0.0031120191082675661,-6.4698953443007023e-10
3,0.14888060396937339,0.020304962431824114,0.60000000000000009,0.0044775833470866479,-7.7541989149110258e-10
3.5,0.17347764334926841,0.02718072443013142,0.70000000000000007,0.0060894256993969812,-9.0352945871646773e-10
4,0.19801326693244697,0.034919252579228566,0.80000000000000004,0.0079469312388929948,-1.0313191533412036e-09
4.5,0.22248762806663636,0.043475477765814174,0.90000000000000002,0.010049486574664831,-1.158789767266577e-09
5,0.24690087971667332,0.052806536392621117,1,0.012396479847364672,-1.2859420420868739e-09
5.5,0.2712531744654601,0.06287166279547729,1.1000000000000001,0.014987300725382581,-1.4127771053723537e-09
6,0.29554466451491823,0.073632086907295946,1.2000000000000002,0.017821340401031956,-1.5392952953940942e-09
6.5,0.31977550168693958,0.085050936913102504,1.3,0.020897991586744488,-1.6654972435914406e-09
7,0.34394583742433527,0.097093146652673656,1.4000000000000001,0.024216648511274568,-1.791384502541904e-09
7.5,0.36805582279178234,0.10972536753925066,1.5,0.027776706915913267,-1.9169573775568161e-09
8,0.3921056084767679,0.12291588477408411,1.6000000000000001,0.03157756405071168,-2.0422168192646417e-09
8.5,0.41609534479053079,0.13663453764725775,1.7000000000000002,0.035618618670713746,-2.1671632891018255e-09
9,0.4400251816690009,0.15085264372558083,1.8,0.039899271032198473,-2.291797980558119e-09
9.5,0.46389526867373682,0.16554292673788162,1.9000000000000001,0.044418922888931525,-2.4161213446616259e-09
10,0.4877057549928599,0.18067944797745317,2,0.049176977488426227,-2.540134186324039e-09
10.5,0.51145678944198725,0.1962375410500683,2.1000000000000001,0.054172839568213761,-2.6638373382126268e-09
11,0.53514852046516137,0.21219374980442351,2.2000000000000002,0.05940591535212289,-2.7872318064670054e-09
11.5,0.55878109613577831,0.22852576928979573,2.3000000000000003,0.064875612546568776,-2.9103182502820957e-09
12,0.58235466415751291,0.24521238959327785,2.4000000000000004,0.070581340336851164,-3.0330975370196356e-09
12.5,0.60586937186524215,0.26223344241614543,2.5,0.076522509383461793,-3.1555696250462617e-09
13,0.62932536622596569,0.27956975025576036,2.6000000000000001,0.082698531818401019,-3.2777363184743891e-09
13.5,0.65272279383972465,0.29720307806596846,2.7000000000000002,0.089108821241503641,-3.399597950370925e-09
14,0.67606180094051782,0.31511608727507467,2.8000000000000003,0.095752792716773893,-3.5211550897251698e-09
14.5,0.6993425333972153,0.33329229204643651,2.9000000000000004,0.10262986276872964,-3.6424094990161748e-09
15,0.72256513671447098,0.35171601767230221,3,0.10973944937875556,-3.7633605259879133e-09
15.5,0.74572975603363134,0.37037236099684567,3.1000000000000001,0.11708097198146557,-3.8840091559633194e-09
16,0.76883653613364222,0.38924715276944188,3.2000000000000002,0.12465385146107431,-4.0043569710102034e-09
16.5,0.79188562143195462,0.40832692183403352,3.3000000000000003,0.13245751014777771,-4.1244040682730798e-09
17,0.81487715598542643,0.42759886106504608,3.4000000000000004,0.14049137181414237,-4.2441522796199393e-09
17.5,0.8378112834912238,0.44705079496467959,3.5,0.14875486167150437,-4.3636004254388183e-09
18,0.86068814728771814,0.4666711488405384,3.6000000000000001,0.15724740636637663,-4.4827508927092197e-09
18.5,0.88350789035538269,0.4864489194865218,3.7000000000000002,0.16596843397686575,-4.6016036814311434e-09
19,0.9062706553176858,0.50637364729368639,3.8000000000000003,0.1749173740090971,-4.7201599573387654e-09
19.5,0.92897658444198272,0.52643538972130477,3.9000000000000004,0.18409365739364952,-4.8384199424766905e-09
20,0.95162581964040427,0.54662469606180042,4,0.19349671648199851,-4.956384414001036e-09
20.5,0.97421850247074415,0.56693258343646913,4.1000000000000005,0.20312598504296836,-5.0740555646022756e-09
21,0.99675477413734381,0.58735051396193172,4.2000000000000002,0.21298089825919347,-5.1914314513901161e-09
21.5,1.0192347754919744,0.60787037303023372,4.2999999999999998,0.22306089272358803,-5.3085142392994555e-09
22,1.0416586470347176,0.62848444864829989,4.4000000000000004,0.23336540643582468,-5.4253054548869528e-09
22.5,1.0640265289148434,0.64918541178502709,4.5,0.24389387879882218,-5.5418042377297638e-09
23,1.0863385609316865,0.66996629767693494,4.6000000000000005,0.25464575061524153,-5.6580131690964208e-09
23.5,1.1085948825355194,0.69082048804557372,4.7000000000000002,0.26562046408399104,-5.7739314995863822e-09
24,1.1307956328284248,0.71174169418224409,4.8000000000000007,0.27681746279674013,-5.8895615051568484e-09
24.5,1.1529409505651644,0.73272394085773684,4.9000000000000004,0.28823619173444176,-6.0049008543394677e-09
25,1.1750309741540459,0.75376155101683717,5,0.29987609726386311,-6.1199533218925239e-09
25.5,1.1970658416577891,0.77484913121933285,5.1000000000000005,0.3117366271341267,-6.2347175755483875e-09
26,1.2190456907943867,0.79598155779110891,5.2000000000000002,0.32381723047325683,-6.3491963908646198e-09
26.5,1.2409706589379683,0.81715396365071857,5.3000000000000007,0.33611735778473822,-6.4633892127297088e-09
27,1.2628408831196558,0.83836172577845258,5.4000000000000004,0.34863646094408118,-6.5772959301213518e-09
27.5,1.2846565000284214,0.85960045329660506,5.5,0.36137399319539582,-6.6909187634855982e-09
28,1.3064176460119419,0.8808659761311044,5.6000000000000005,0.37432940914797436,-6.8042586565120189e-09
28.5,1.3281244570774504,0.90215433422617841,5.7000000000000002,0.38750216477288335,-6.917315165111404e-09
29,1.349777068892587,0.92346176728504203,5.8000000000000007,0.40089171739956275,-7.0300900656405929e-09
29.5,1.3713756167862459,0.94478470501101253,5.9000000000000004,0.41449752571243453,-7.1425823588988635e-09
30,1.3929202357494219,0.96611975782458281,6,0.4283190497475195,-7.254792822042333e-09
30.5,1.4144110604360534,0.98746370803328931,6.1000000000000005,0.44235575088906226,-7.3667248412512265e-09
31,1.4358482251638647,1.0088135014322563,6.2000000000000002,0.45660709186616516,-7.4783763071017972e-09
31.5,1.4572318639152051,1.0301662393144473,6.3000000000000007,0.47107253674943017,-7.5897501616850604e-09
32,1.4785621103378865,1.0515191708706007,6.4000000000000004,0.48575155094760936,-7.7008448506887817e-09
32.5,1.4998390977460185,1.072869685959873,6.5,0.50064360120426366,-7.8116622059809515e-09
33,1.521062959120842,1.0942153082331174,6.6000000000000005,0.5157481555944301,-7.9222024496061749e-09
33.5,1.5422338271115588,1.1155536885915607,6.7000000000000002,0.53106468352129743,-8.0324676909881987e-09
34,1.5633518340361632,1.1368825989645548,6.8000000000000007,0.54659265571288984,-8.1424581521716277e-09
34.5,1.5844171118822672,1.1581999263908438,6.9000000000000004,0.56233154421875797,-8.2521736111118571e-09
35,1.6054297923079264,1.1795036673885106,7,0.57828082240668122,-8.3616132906527696e-09
35.5,1.626390006642461,1.2007919225995589,7.1000000000000005,0.59443996495937412,-8.4707822978202785e-09
36,1.6472978858872798,1.2220628916957121,7.2000000000000002,0.61080844787120492,-8.5796761917222852e-09
36.5,1.6681535607166953,1.2433148685327089,7.3000000000000007,0.62738574844491968,-8.6882998573400982e-09
37,1.6889571614787435,1.2645462365409599,7.4000000000000004,0.64417134528837516,-8.7966510742276682e-09
37.5,1.7097088181959965,1.2857554643410529,7.5,0.66116471831128099,-8.9047329510094642e-09
38,1.7304086605663769,1.3069411015731158,7.6000000000000005,0.6783653487219482,-9.0125448215516712e-09
38.5,1.7510568179639663,1.3281017749296364,7.7000000000000002,0.69577271902404769,-9.1200873519881043e-09
39,1.7716534194398161,1.349236184381809,7.8000000000000007,0.71338631301337485,-9.2273613194748805e-09
39.5,1.7921985937227525,1.3703430995899424,7.9000000000000004,0.7312056157746234,-9.3343670570789072e-09
40,1.8126924692201816,1.3914213564889977,8,0.74923011367816872,-9.4411050088893944e-09
40.5,1.8331351740188917,1.4124698540406733,8.0999999999999996,0.76745929437685567,-9.5475771733077863e-09
41,1.8535268358858545,1.4334875511439316,8.2000000000000011,0.78589264680279713,-9.6537857707801322e-09
41.5,1.8738675822690232,1.454473463696262,8.3000000000000007,0.80452966116418079,-9.7597272485927533e-09
42,1.894157540298129,1.4754266617982825,8.4000000000000004,0.82336982894208133,-9.8654030500355816e-09
42.5,1.9143968367854751,1.4963462670947114,8.5,0.84241264288728324,-9.970816283733086e-09
43,1.9345855982267313,1.5172314502450868,8.5999999999999996,0.86165759701710942,-1.0075965173328427e-08
43.5,1.9547239508017213,1.5380814285178535,8.7000000000000011,0.88110418661226142,-1.0180854270736006e-08
44,1.9748120203752151,1.5588954635018415,8.8000000000000007,0.90075190821366125,-1.0285479135063724e-08
44.5,1.9948499324977127,1.5796728589293796,8.9000000000000004,0.9206002596193078,-1.0389841764713026e-08
45,2.0148378124062298,1.6004129586056326,9,0.94064873988113618,-1.0493944491152263e-08
45.5,2.0347757850250807,1.621115144438956,9.0999999999999996,0.96089684930188779,-1.0597788979715972e-08
46,2.05466397496666,1.6417788345673434,9.2000000000000011,0.98134408943198692,-1.0701374231203431e-08
46.5,2.0745025065322191,1.6624034815763045,9.3000000000000007,1.0019899630664255,-1.0804698691302406e-08
47,2.0942915037126446,1.6829885708036751,9.4000000000000004,1.0228339742416557,-1.0907766245793482e-08
47.5,2.1140310901892336,1.7035336187271521,9.5,1.043875628232489,-1.101057645058745e-08
48,2.133721389334466,1.724038171430502,9.6000000000000014,1.0651144315490062,-1.1113131304085755e-08
48.5,2.153362524212775,1.7445018031446191,9.7000000000000011,1.0865498919334717,-1.1215429474020766e-08
49,2.1729546175813184,1.7649241148597694,9.8000000000000007,1.1081815183572568,-1.1317470516303274e-08
49.5,2.1924977918907427,1.785304733005546,9.9000000000000004,1.1300088210177719,-1.1419257761602353e-08
50,2.211992169285951,1.8056433081952572,10,1.1520313113354042,-1.1520791876051817e-08
50.5,2.2314378716068664,1.8259395140315726,10.100000000000001,1.1742485019504649,-1.1622071083294827e-08
51,2.2508350203891907,1.8461930459704723,10.200000000000001,1.1966599067201404,-1.1723097825822038e-08
51.5,2.2701837368651674,1.8664036202406198,10.300000000000001,1.2192650407154597,-1.1823871437499633e-08
52,2.289484141964337,1.8865709728154922,10.4,1.2420634202182574,-1.1924394804907479e-08
52.5,2.3087363563142951,1.9066948584356691,10.5,1.2650545627181546,-1.202466504146571e-08
53,2.3279405002414428,1.9267750496788405,10.600000000000001,1.2882379869095406,-1.2124689474646289e-08
53.5,2.3470966937717437,1.9468113360752104,10.700000000000001,1.3116132126885669,-1.2224459444709623e-08
54,2.3662050566314683,1.9668035232660797,10.800000000000001,1.3351797611501455,-1.2323982057083072e-08
54.5,2.3852657082479474,1.9867514322034985,10.9,1.3589371545849547,-1.2423256201543609e-08
55,2.4042787677503155,2.0066548983889976,11,1.3828849164764563,-1.2522281878091235e-08
55.5,2.4232443539702562,2.0265137711494674,11.100000000000001,1.4070225714979141,-1.2621062639439629e-08
56,2.4421625854427456,2.0463279129484055,11.200000000000001,1.431349645509425,-1.2719593822652087e-08
56.5,2.4610335804067911,2.0660971987307852,11.300000000000001,1.4558656655549551,-1.2817881200888337e-08
57,2.4798574568061733,2.0858215152999038,11.4,1.4805701598593837,-1.291592344188075e-08
57.5,2.4986343322901812,2.1055007607246701,11.5,1.5054626578255554,-1.3013719879495511e-08
58,2.517364324214348,2.1251348437758253,11.600000000000001,1.5305426900313386,-1.311127095782183e-08
58.5,2.5360475496411827,2.1447236833897119,11.700000000000001,1.5558097882266901,-1.3208580007528781e-08
59,2.5546841253409065,2.1642672081582006,11.800000000000001,1.5812634853307304,-1.3305644364081104e-08
59.5,2.5732741677921771,2.1837653558435601,11.9,1.6069033154288237,-1.3402468246326293e-08
60,2.5918177931828215,2.2032180729170037,12,1.6327288137696658,-1.3499048323595275e-08
60.5,2.6103151174105577,2.2226253141197927,12.100000000000001,1.6587395167623804,-1.3595390369047777e-08
61,2.6287662560837228,2.2419870420457522,12.200000000000001,1.68493496197362,-1.3691489719747096e-08
61.5,2.6471713245219934,2.2613032267442223,12.300000000000001,1.7113146881246775,-1.3787349484317701e-08
62,2.665530437757107,2.2805738453423743,12.4,1.7378782350886008,-1.3882971661161037e-08
62.5,2.6838437105335822,2.2997988816859971,12.5,1.7646251438873202,-1.3978351143251189e-08
63,2.7021112573094319,2.318978325997838,12.600000000000001,1.7915549566887772,-1.407349659032775e-08
63.5,2.7203331922568843,2.3381121745526467,12.700000000000001,1.8186672168040634,-1.4168400452874153e-08
64,2.7385096292630906,2.3572004293680826,12.800000000000001,1.8459614686845673,-1.4263070946540779e-08
64.5,2.7566406819308424,2.3762430979107485,12.9,1.8734372579191267,-1.4357503852480136e-08
65,2.7747264635792783,2.3952401928165967,13,1.9010941312311884,-1.4451698282513803e-08
65.5,2.7927670872445916,2.414191731624995,13.100000000000001,1.9289316364759745,-1.4545660675935324e-08
66,2.8107626656807385,2.4330977365258022,13.200000000000001,1.9569493226376586,-1.4639388368209438e-08
66.5,2.8287133113601435,2.4519582341188184,13.300000000000001,1.9851467398265445,-1.4732882247514567e-08
67,2.8466191364744011,2.4707732551849859,13.4,2.013523439276256,-1.4826139871360056e-08
67.5,2.8644802529349755,2.489542834468812,13.5,2.0420789733409319,-1.4919165902682607e-08
68,2.8822967723739028,2.5082670104713967,13.600000000000001,2.070812895492427,-1.5011963228062086e-08
68.5,2.9000688061444886,2.5269458252536237,13.700000000000001,2.0997247603175229,-1.5104523853892715e-08
69,2.9177964653220001,2.5455793242489722,13.800000000000001,2.1288141235151423,-1.519685799422632e-08
69.5,2.9354798607043664,2.5641675560854873,13.9,2.1580805418935762,-1.5288958543635545e-08
70,2.9531191028128658,2.5827105724164667,14,2.1875235733677076,-1.5380829054834066e-08
70.5,2.9707143018928184,2.6012084277594436,14.100000000000001,2.2171427769562557,-1.5472472192357145e-08
71,2.9882655679142762,2.6196611793430611,14.200000000000001,2.2469377127790122,-1.5563883959401892e-08
71.5,3.0057730105727081,2.6380688869614364,14.300000000000001,2.2769079420540987,-1.5655069685038825e-08
72,3.0232367392896893,2.6564316128356613,14.4,2.3070530270952179,-1.5746025372465056e-08
72.5,3.04065686321358,2.6747494214821064,14.5,2.3373725313089255,-1.5836754574394263e-08
73,3.0580334912202116,2.6930223795871679,14.600000000000001,2.3678660191918959,-1.5927259067183286e-08
73.5,3.075366731913566,2.7112505558881517,14.700000000000001,2.3985330563282017,-1.6017535298118446e-08
74,3.092656693626453,2.729434021060019,14.800000000000001,2.4293732093865996,-1.6107589040359471e-08
74.5,3.1099034844211912,2.747572847607672,14.9,2.4603860461178222,-1.6197413188479004e-08
75,3.1271072120902783,2.7656671097635277,15,2.4915711353518728,-1.6287013959725982e-08
75.5,3.1442679841570675,2.7837168833901336,15.100000000000001,2.522928046995335,-1.6376396239081714e-08
76,3.1613859078764417,2.8017222458875404,15.200000000000001,2.554456352028684,-1.6465550256583583e-08
76.5,3.1784610902354782,2.8196832761052515,15.300000000000001,2.5861556225036031,-1.6554484894015786e-08
77,3.1954936379541237,2.8376000542584912,15.4,2.6180254315403113,-1.6643194378218595e-08
77.5,3.2124836574858562,2.8554726618485726,15.5,2.6500653533248926,-1.6731682705994899e-08
78,3.229431255018353,2.8733011815872036,15.600000000000001,2.682274963106634,-1.6819955206415216e-08
78.5,3.2463365364741543,2.8910856973245069,15.700000000000001,2.7146538371953803,-1.6908003441784558e-08
79,3.2631996075113241,2.908826293980582,15.800000000000001,2.7472015529588734,-1.6995830964816605e-08
79.5,3.2800205735241104,2.9265230574804466,15.9,2.7799176888201171,-1.7083441772314245e-08
80,3.2967995396436072,2.9441760746921664,16,2.8128018242547395,-1.717083186747459e-08
80.5,3.3135366107384061,2.961785433368048,16.100000000000001,2.8458535397883717,-1.7258005247100527e-08
81,3.3302318914152562,2.979351222088733,16.199999999999999,2.8790724169940165,-1.734495791438917e-08
81.5,3.3468854860197155,2.9968735302100313,16.300000000000001,2.9124580384894396,-1.7431699195213923e-08
82,3.3634974986368062,3.0143524478124126,16.400000000000002,2.9460099879345565,-1.7518220651879801e-08
82.5,3.3800680330916597,3.0317880656529592,16.5,2.9797278500288367,-1.7604524504832852e-08
83,3.3965971929501708,3.0491804751197114,16.600000000000001,3.0136112105087025,-1.7690615639054386e-08
83.5,3.4130850815196427,3.0665297681882708,16.699999999999999,3.0476596561449409,-1.7776487393206253e-08
84,3.4295318018494321,3.0838360373805496,16.800000000000001,3.0818727747401233,-1.7862149093161861e-08
84.5,3.4459374567315946,3.1010993757255569,16.900000000000002,3.1162501551260253,-1.7947598518475161e-08
85,3.4623021487015269,3.118319876722139,17,3.1507913871610627,-1.8032829895986424e-08
85.5,3.4786259800386077,3.1354976343035643,17.100000000000001,3.1854960617277208,-1.8117849887033799e-08
86,3.4949090527668347,3.1526327428038616,17.199999999999999,3.220363770730005,-1.8202655382992816e-08
86.5,3.5111514686554655,3.169725296925836,17.300000000000001,3.2553941070908836,-1.8287255265647673e-08
87,3.5273533292196539,3.1867753917106811,17.400000000000002,3.2905866647497475,-1.8371638876857332e-08
87.5,3.5435147357210797,3.2037831225090931,17.5,3.3259410386598702,-1.8455811101603103e-08
88,3.5596357891685866,3.2207485849538262,17.600000000000001,3.3614568247858791,-1.8539775936687874e-08
88.5,3.5757165903188111,3.2376718749336311,17.699999999999999,3.397133620101227,-1.8623528053041127e-08
89,3.591757239676812,3.254553088568477,17.800000000000001,3.4329710225856758,-1.8707076776536269e-08
89.5,3.6077578374967016,3.271392322186025,17.900000000000002,3.4689686312227823,-1.8790413225389102e-08
90,3.6237184837822674,3.2881896722992741,18,3.5051260459973923,-1.8873538287778047e-08
90.5,3.6396392782876004,3.3049452355853259,18.100000000000001,3.5414428678931396,-1.895646040139809e-08
91,3.6555203205177182,3.3216591088652239,18.199999999999999,3.5779186988899538,-1.9039172460821874e-08
91.5,3.6713617097291866,3.338331389084801,18.300000000000001,3.6145531419615708,-1.9121683347833596e-08
92,3.6871635449307405,3.3549621732964829,18.400000000000002,3.6513458010730551,-1.9203985068827478e-08
92.5,3.7029259248839002,3.3715515586420319,18.5,3.68829628117832,-1.9286079400160361e-08
93,3.718648948103592,3.3880996423361376,18.600000000000001,3.7254041882176616,-1.9367971670902762e-08
93.5,3.7343327128587624,3.4046065216508525,18.699999999999999,3.7626691291152934,-1.9449656107894953e-08
94,3.7499773171729918,3.4210722939008109,18.800000000000001,3.8000907117768921,-1.9531141592921131e-08
94.5,3.765582858825109,3.4374970564292049,18.900000000000002,3.8376685450871468,-1.9612419244197099e-08
95,3.7811494353497994,3.4538809065944651,19,3.8754022389073106,-1.9693491726258117e-08
95.5,3.7966771440382168,3.4702239417576308,19.100000000000001,3.9132914040727664,-1.977436792088838e-08
96,3.8121660819385914,3.486526259270355,19.200000000000003,3.951335652390596,-1.9855041166749743e-08
96.5,3.8276163458568355,3.5027879564635289,19.300000000000001,3.9895345966371507,-1.9935507911128525e-08
97,3.8430280323571484,3.5190091306365003,19.400000000000002,4.0278878505556284,-2.0015780144433393e-08
97.5,3.8584012377626218,3.5351898790468295,19.5,4.0663950288536661,-2.00958467644341e-08
98,3.8737360581558393,3.5513302989005844,19.600000000000001,4.1050557472009288,-2.0175715320647214e-08
98.5,3.8890325893794775,3.5674304873431426,19.700000000000003,4.1438696222267062,-2.0255386701251155e-08
99,3.9042909270369068,3.5834905414504581,19.800000000000001,4.1828362715175178,-2.0334855577175404e-08
99.5,3.919511166492788,3.5995105582207954,19.900000000000002,4.2219553136147248,-2.041412550113364e-08
100,3.9346934028736658,3.6154906345668913,20,4.2612263680121396,-2.0493197361304283e-08
100.5,3.9498377310685671,3.6314308673085236,20.100000000000001,4.3006490551536531,-2.057208003947153e-08
101,3.9649442457295949,3.6473313531654816,20.200000000000003,4.3402229964308665,-2.0650756660245406e-08
101.5,3.9800130412725117,3.6631921887508936,20.300000000000001,4.3799478141807144,-2.0729239658123788e-08
102,3.9950442118773406,3.6790134705649291,20.400000000000002,4.4198231316831107,-2.0807529033106675e-08
102.5,4.0100378514889465,3.6947952949888121,20.5,4.4598485731585971,-2.0885616791588291e-08
103,4.0249940538176254,3.7105377582791768,20.600000000000001,4.5000237637659861,-2.096351359170967e-08
103.5,4.0399129123396902,3.726240956562715,20.700000000000003,4.5403483296000209,-2.1041221209827654e-08
104,4.0547945202980564,3.7419049858311171,20.800000000000001,4.5808218976890487,-2.1118726323265946e-08
104.5,4.0696389707028215,3.757529941936284,20.900000000000002,4.6214440959926737,-2.1196042254700842e-08
105,4.0844463563318492,3.7731159205858154,21,4.6622145533994432,-2.1273160122348145e-08
105.5,4.0992167697313473,3.7886630173387168,21.100000000000001,4.7031328997245199,-2.135009236070573e-08
106,4.1139503032164484,3.8041713276013835,21.200000000000003,4.7441987657073819,-2.1426827423454142e-08
106.5,4.1286470488717839,3.8196409466237702,21.300000000000001,4.7854117830094935,-2.1503371527842319e-08
107,4.1433070985520617,3.83507196949581,21.400000000000002,4.8267715842120245,-2.1579730891119198e-08
107.5,4.1579305438826415,3.8504644911439998,21.5,4.8682778028135436,-2.1655890414251644e-08
108,4.1725174762601034,3.8658186063282205,21.600000000000001,4.9099300732277227,-2.1731865196272793e-08
108.5,4.1870679868528224,3.881134409638701,21.700000000000003,4.9517280307810649,-2.1807648131755286e-08
109,4.2015821666015363,3.8964119954931942,21.800000000000001,4.993671311710612,-2.1883243661591223e-08
109.5,4.216060106219917,3.9116514581342807,21.900000000000002,5.0357595531616832,-2.1958650897602183e-08
110,4.2305018961951335,3.9268528916268721,22,5.0779923931856015,-2.2033864510717649e-08
110.5,4.2449076267884198,3.9420163898558269,22.100000000000001,5.1203694707374252,-2.2108896935435496e-08
111,4.25927738803564,3.957142046523737,22.200000000000003,5.1628904256737034,-2.2183739289971527e-08
111.5,4.2736112697478479,3.9722299551488338,22.300000000000001,5.205554898750214,-2.2258395127039421e-08
112,4.2879093615118515,3.9872802090630364,22.400000000000002,5.2483625316197315,-2.2332864446639178e-08
112.5,4.3021717526907697,4.0022929014101027,22.5,5.2913129668297731,-2.2407148136949218e-08
113,4.3163985324245955,4.0172681251439215,22.600000000000001,5.3344058478203751,-2.2481244421612701e-08
113.5,4.3305897896307473,4.0322059730269055,22.700000000000003,5.3776408189218534,-2.2555160406056984e-08
114,4.3447456130046289,4.0471065376284745,22.800000000000001,5.421017525352597,-2.2628888096676292e-08
114.5,4.3588660910201833,4.0619699113236694,22.900000000000002,5.4645356132168352,-2.2702433710719561e-08
115,4.3729513119304428,4.0767961862918334,23,5.5081947295024376,-2.2775791030937853e-08
115.5,4.3870013637680856,4.0915854545154069,23.100000000000001,5.551994522078691,-2.2848968050936946e-08
116,4.4010163343459796,4.1063378077787869,23.200000000000003,5.5959346396941179,-2.292196654707368e-08
116.5,4.4149963112577382,4.1210533376672842,23.300000000000001,5.6400147319742731,-2.2994774973028598e-08
117,4.4289413818782606,4.1357321355661476,23.400000000000002,5.6842344494195496,-2.3067410204191674e-08
117.5,4.4428516333642856,4.1503742926596843,23.5,5.7285934434030006,-2.3139857141529774e-08
118,4.4567271526549295,4.1649798999304064,23.600000000000001,5.7730913661681562,-2.3212127331362353e-08
118.5,4.4705680264722334,4.179549048158302,23.700000000000003,5.8177278708268547,-2.3284214556440475e-08
119,4.4843743413217023,4.1940818279201117,23.800000000000001,5.8625026113570726,-2.3356118816764138e-08
119.5,4.4981461834928504,4.2085783295887147,23.900000000000002,5.9074152426007505,-2.3427849882295959e-08
120,4.5118836390597359,4.22303864333254,24,5.9524654202616603,-2.3499396206716483e-08
120.5,4.5006180178561017,4.2368486609300362,24,5.9975279051348727,-2.3440720475775834e-08
121,4.4893805255297297,4.2494364171246009,24,6.0424778744988892,-2.3382192182452854e-08
121.5,4.4781710918462556,4.2608628924421215,24,6.087315609291168,-2.3323809550390706e-08
122,4.4669896467466828,4.2711860899320984,24,6.1320413897476946,-2.3265574355946228e-08
122.5,4.4558361203469437,4.2804611803894099,24,6.1766554954047432,-2.3207482158227322e-08
123,4.4447104429374606,4.2887406404935078,24,6.2211582051006182,-2.3149539174482925e-08
123.5,4.433612544982716,4.2960743842105176,24,6.2655497969774032,-2.3091732970215162e-08
124,4.4225423571208076,4.302509887786675,24,6.3098305484826875,-2.3034082197170846e-08
124.5,4.4114998101630301,4.3080923086458167,24,6.3540007363713151,-2.2976564650889486e-08
125,4.4004848350934251,4.3128645984880984,24,6.398060636707104,-2.2919195430404216e-08
125.5,4.3894973630683625,4.3168676108728379,24,6.4420105248645747,-2.2861975423893455e-08
126,4.3785373254161097,4.3201402035544358,24,6.4858506755306733,-2.2804887755967229e-08
126.5,4.3676046536363931,4.3227193358273066,24,6.5295813627064785,-2.2747949302015513e-08
127,4.3566992793999804,4.3246401611232148,24,6.5732028597089318,-2.2691146739362011e-08
127.5,4.3458211345482445,4.3259361150925715,24,6.6167154391725287,-2.2634493390683019e-08
128,4.3349701510927465,4.3266389993899166,24,6.6601193730510362,-2.2577977709659081e-08
128.5,4.3241462612148043,4.3267790613731503,24,6.7034149326191796,-2.2521603249003874e-08
129,4.3133493972650703,4.3263850699157178,24,6.7466023884743489,-2.24653700087174e-08
129.5,4.3025794917631099,4.325484387521418,24,6.7896820105382831,-2.2409277100621239e-08
130,4.2918364773969797,4.3241030389220656,24,6.8326540680587584,-2.2353322748358551e-08
130.5,4.2811202870228033,4.3222657763296262,24,6.875518829611277,-2.2297509616464595e-08
131,4.2704308536643572,4.3199961415059231,24,6.9182765631007381,-2.2241833264047273e-08
131.5,4.2597681105126473,4.3173165248051522,24,6.9609275357631137,-2.2186297243820263e-08
132,4.2491319909254948,4.3142482213368352,24,7.0034720141671212,-2.2130899779426727e-08
132.5,4.2385224284271175,4.3108114843896592,24,7.0459102642158893,-2.2075640870866664e-08
133,4.2279393567077141,4.3070255762498038,24,7.0882425511486193,-2.2020524070853753e-08
133.5,4.2173827096230543,4.3029088165407527,24,7.1304691395422433,-2.1965539609425377e-08
134,4.206852421194057,4.2984786282055891,24,7.1725902933130756,-2.1910696368365734e-08
134.5,4.196348425606387,4.2937515812466511,24,7.2146062757184639,-2.1855988130425885e-08
135,4.1858706572100379,4.2887434343319617,24,7.2565173493584352,-2.1801413119248991e-08
135.5,4.1754190505189213,4.2834691743724838,24,7.2983237761773383,-2.1746976663905571e-08
136,4.1649935402104621,4.277943054169131,24,7.3400258174654738,-2.1692677876217203e-08
136.5,4.154594061125187,4.2721786282237044,24,7.381623733860736,-2.163851586800547e-08
137,4.1442205482663184,4.2661887868032995,24,7.4231177853502404,-2.1584486198378272e-08
137.5,4.1338729367993663,4.2599857883433154,24,7.4645082312719406,-2.1530594196406128e-08
138,4.1235511620517258,4.2535812902701782,24,7.5057953303162606,-2.1476836309375358e-08
138.5,4.1132551595122724,4.2469863783207673,24,7.5469793405277033,-2.1423207208215445e-08
139,4.1029848648309546,4.240211594431913,24,7.588060519306465,-2.1369716662889005e-08
139.5,4.0927402138183977,4.2332669632696796,24,7.6290391234100481,-2.1316361120682359e-08
140,4.0825211424455006,4.2261620174647927,24,7.6699154089548625,-2.1263135252524989e-08
140.5,4.0723275868430324,4.2189058216172883,24,7.7106896314178242,-2.1210046163844254e-08
141,4.0621594833012384,4.2115069951304189,24,7.7513620456379577,-2.1157088525569634e-08
141.5,4.0520167682694392,4.2039737339309395,24,7.7919329058179843,-2.1104258784987451e-08
142,4.0418993783556321,4.1963138311300332,24,7.8324024655259104,-2.1051561382989803e-08
142.5,4.0318072503260955,4.1885346966766033,24,7.8727709776966179,-2.0998999872290369e-08
143,4.021740321104998,4.1806433760520099,24,7.9130386946334381,-2.0946569811997051e-08
143.5,4.0116985277739996,4.1726465680530715,24,7.9532058680097348,-2.089426676121775e-08
144,4.0016818075718597,4.1645506417077218,24,7.9932727488704698,-2.0842091608130886e-08
144.5,3.9916900978940415,4.1563616523656997,24,8.0332395876337817,-2.0790052346342236e-08
145,3.9817233362923297,4.1480853570044323,24,8.0731066340925395,-2.0738141870424442e-08
145.5,3.971781460474431,4.1397272287884439,24,8.1128741374159112,-2.0686364621269604e-08
146,3.9618644083035894,4.1312924709186749,24,8.1525423461509323,-2.0634709940736684e-08
146.5,3.9519721177981966,4.1227860298063259,24,8.1921115082240288,-2.058318493425304e-08
147,3.9421045271314035,4.1142126076042107,24,8.231581870942593,-2.0531793154532352e-08
147.5,3.9322615746307381,4.1055766741269073,24,8.2709536809965201,-2.0480527496147261e-08
148,3.9224431987777142,4.0968824781895545,24,8.3102271844597517,-2.0429391511811446e-08
148.5,3.9126493382074514,4.0881340583936074,24,8.3494026267918127,-2.0378381648811228e-08
149,3.9028799317082878,4.0793352533865903,24,8.3884802528393472,-2.0327501459860287e-08
149.5,3.8931349182214046,4.0704897116213923,24,8.4274603068376397,-2.0276742063174424e-08
150,3.883414236840431,4.0616009006396432,24,8.4663430324121673,-2.022610878782416e-08
150.5,3.8737178268110797,4.0526721159022667,24,8.5051286725800725,-2.017560873923685e-08
151,3.8640456275307562,4.043706489189379,24,8.5438174697517439,-2.0125231259271459e-08
151.5,3.8543975785481814,4.0347069965904687,24,8.5824096657322908,-2.0074983453355344e-08
152,3.8447736195630213,4.0256764661049012,24,8.6209055017230583,-2.0024856439704308e-08
152.5,3.8351736904254978,4.0166175848717058,24,8.6593052183231531,-1.997485554738887e-08
153,3.8255977311360239,4.0075329060467491,24,8.6976090555309238,-1.9924980776409029e-08
153.5,3.8160456818448227,3.9984248553444832,24,8.7358172527454752,-1.9875233903121625e-08
154,3.8065174828515569,3.9892957372606541,24,8.7739300487681735,-1.9825598940315103e-08
154.5,3.7970130746049477,3.980147740991451,24,8.81194768180411,-1.9776098980628376e-08
155,3.787532397702416,3.9709829460640251,24,8.8498703894636161,-1.9726719813206728e-08
155.5,3.7780753928896975,3.9618033276923379,24,8.8876984087637396,-1.9677470319834356e-08
156,3.7686420010604849,3.9526107618718047,24,8.9254319761297261,-1.9628334513299706e-08
156.5,3.759232163256045,3.9434070302254467,24,8.963071327396495,-1.9579324828100653e-08
157,3.7498458206648646,3.9341938246136778,24,9.0006166978101128,-1.9530428829739321e-08
157.5,3.7404829146222687,3.9249727515192392,24,9.0380683220292628,-1.9481662505427266e-08
158,3.7311433866100656,3.9157453362182824,24,9.0754264341267206,-1.943301697338029e-08
158.5,3.7218271782561745,3.9065130267479944,24,9.1126912675908081,-1.9384494009955233e-08
159,3.7125342313342626,3.8972771976806957,24,9.1498630553268576,-1.9336091838795255e-08
159.5,3.7032644877633798,3.8880391537138683,24,9.1869420296586615,-1.9287819341684553e-08
160,3.6940178896076028,3.878800133085079,24,9.2239284223299336,-1.9239655202341055e-08
160.5,3.6847943790756603,3.8695613108203117,24,9.2608224645057451,-1.9191613631619475e-08
161,3.6755938985205807,3.860323801823915,24,9.2976243867739807,-1.9143696405876653e-08
161.5,3.6664163904393332,3.8510886638177571,24,9.3343344191467708,-1.9095896419685232e-08
162,3.6572617974724606,3.8418569001370786,24,9.3709527910619457,-1.9048211896688372e-08
162.5,3.6481300624037254,3.8326294623899644,24,9.4074797313844396,-1.9000658824097627e-08
163,3.6390211281597571,3.8234072529870633,24,9.4439154684077558,-1.8953215885630925e-08
163.5,3.6299349378096863,3.8141911275479421,24,9.4802602298553644,-1.8905890186715624e-08
164,3.6208714345647914,3.8049818971900513,24,9.5165142428821508,-1.8858683503708562e-08
164.5,3.6118305617781501,3.7957803307060534,24,9.5526777340758056,-1.8811594060252901e-08
165,3.6028122629442776,3.7865871566349192,24,9.5887509294582678,-1.876462185634864e-08
165.5,3.5938164816987768,3.7774030652320234,24,9.624734054487126,-1.871776689199578e-08
166,3.5848431618179841,3.7682287103431307,24,9.6606273340570361,-1.867102739083748e-08
166.5,3.5758922472186225,3.7590647111869568,24,9.696430992501103,-1.8624406905587421e-08
167,3.5669636819574468,3.7499116540507957,24,9.7321452535923108,-1.8577901883531922e-08
167.5,3.5580574102308935,3.7407700939034303,24,9.7677703405449066,-1.8531519430098342e-08
168,3.5491733763747377,3.7316405559293493,24,9.8033064760158037,-1.8485245334431966e-08
168.5,3.5403115248637365,3.7225235369881373,24,9.8387538821059586,-1.8439095583744347e-08
169,3.5314718003112899,3.7134195070026532,24,9.8741127803617825,-1.8393057743537611e-08
169.5,3.5226541474690922,3.7043289102795267,24,9.9093833917764975,-1.8347133590168596e-08
170,3.5138585112267817,3.695252166765187,24,9.9445659367915482,-1.8301324899994142e-08
170.5,3.5050848366116059,3.6861896732406638,24,9.979660635297952,-1.8255624567586892e-08
171,3.4963330687880689,3.6771418044580662,24,10.014667706637681,-1.8210043251087882e-08
171.5,3.4876031530575915,3.668108914221639,24,10.049587369605057,-1.8164577397783432e-08
172,3.4788950348581746,3.6590913364160693,24,10.084419842448078,-1.8119223454959865e-08
172.5,3.47020865976405,3.6500893859846251,24,10.119165342869819,-1.807398142261718e-08
173,3.4615439734853455,3.6411033598595752,24,10.153824088029763,-1.8028854853469056e-08
173.5,3.4529009218677427,3.6321335378472215,24,10.188396294545187,-1.7983841971158654e-08
174,3.4442794508921413,3.6231801834697368,24,10.222882178492496,-1.7938939222972294e-08
174.5,3.4356795066743211,3.6142435447659453,24,10.257281955408571,-1.7894144832553138e-08
175,3.4271010354645997,3.6053238550530158,24,10.291595840292132,-1.7849469458042222e-08
175.5,3.418543983647508,3.5964213336510014,24,10.325824047605071,-1.7804897112227991e-08
176,3.4100082977414408,3.5875361865720325,24,10.359966791273793,-1.7760443782322e-08
176.5,3.4014939243983346,3.5786686071758589,24,10.394024284690563,-1.7716098810183212e-08
177,3.39300081040333,3.5698187767934271,24,10.42799674071482,-1.7671860419454788e-08
177.5,3.3845289026744343,3.5609868653200198,24,10.461884371674525,-1.7627737491920925e-08
178,3.3760781482621973,3.5521730317794535,24,10.49568738936749,-1.7583721145797426e-08
178.5,3.367648494349377,3.5433774248607266,24,10.529406005062672,-1.7539820262868488e-08
179,3.3592398882506087,3.5346001834285161,24,10.563040429501537,-1.7496027737706754e-08
179.5,3.350852277412077,3.5258414370087285,24,10.596590872899348,-1.7452343570312223e-08
180,3.3424856094111872,3.5171013062503631,24,10.630057544946487,-1.7408764207971217e-08
180.5,3.3341398319562368,3.5083799033648355,24,10.663440654809758,-1.7365294979754253e-08
181,3.3258148928860889,3.4996773325438677,24,10.69674041113371,-1.7321934109304493e-08
181.5,3.3175107401698485,3.4909936903569614,24,10.729957022041924,-1.7278681596621936e-08
182,3.3092273219065338,3.4823290661294859,24,10.763090695138329,-1.7235535665349744e-08
182.5,3.3009645863247514,3.4736835423023118,24,10.796141637508487,-1.7192506973628952e-08
183,3.2927224817823797,3.465057194773884,24,10.8291100557209,-1.7149581310604844e-08
183.5,3.2845009567662373,3.4564500932255786,24,10.861996155828288,-1.7106762228991101e-08
184,3.2762999598917673,3.4478623014312215,24,10.894800143368887,-1.7064044399717204e-08
184.5,3.268119439902712,3.4392938775514477,24,10.927522223367719,-1.7021433151853671e-08
185,3.2599593456707927,3.4307448744137163,24,10.96016260033789,-1.6978939143541538e-08
185.5,3.2518196261953971,3.422215339778643,24,10.992721478281865,-1.6936546387569251e-08
186,3.2437002306032499,3.4137053165933393,24,11.025199060692742,-1.6894258436650489e-08
186.5,3.2356011081481046,3.4052148432323617,24,11.057595550555513,-1.6852068185357894e-08
187,3.2275222082104156,3.3967439537269173,24,11.089911150348343,-1.6809995173616699e-08
187.5,3.2194634802970343,3.3882926779828471,24,11.122146062043836,-1.6768026966929028e-08
188,3.2114248740408859,3.3798610419879966,24,11.1543004871103,-1.6726156459867525e-08
188.5,3.2034063392006531,3.3714490680094324,24,11.186374626512992,-1.6684396086930064e-08
189,3.1954078256604697,3.3630567747810214,24,11.218368680715386,-1.664273518997561e-08
189.5,3.187429283429597,3.3546841776818734,24,11.250282849680431,-1.660118087443152e-08
190,3.1794706626421219,3.3463312889060433,24,11.282117332871781,-1.6559731363940955e-08
190.5,3.1715319135566391,3.3379981176239557,24,11.313872329255062,-1.6518381329433396e-08
191,3.1636129865559384,3.3296846701359124,24,11.345548037299105,-1.647714142904988e-08
191.5,3.1557138321467035,3.321390950018138,24,11.377144654977192,-1.6435993899222012e-08
192,3.1478344009591903,3.3131169582616757,24,11.408662379768284,-1.6394954727161348e-08
192.5,3.1399746437469309,3.3048626934044645,24,11.440101408658263,-1.6354013254726851e-08
193,3.1321345113864161,3.2966281516569937,24,11.471461938141156,-1.6313180140059558e-08
193.5,3.1243139548767926,3.2884133270218183,24,11.502744164220378,-1.6272451830445789e-08
194,3.1165129253395589,3.2802182114071874,24,11.533948282409941,-1.6231822996815026e-08
194.5,3.1087313740182525,3.2720427947351638,24,11.565074487735695,-1.619129541552411e-08
195,3.1009692522781522,3.2638870650444352,24,11.596122974736522,-1.6150869086573039e-08
195.5,3.0932265116059754,3.2557510085880859,24,11.627093937465563,-1.6110535128177617e-08
196,3.0855031036095628,3.2476346099266111,24,11.657987569491432,-1.6070316632976755e-08
196.5,3.0777989800175929,3.2395378520163587,24,11.688804063899436,-1.6030192284688383e-08
197,3.0701140926792676,3.2314607162936397,24,11.719543613292764,-1.5990165636026177e-08
197.5,3.0624483935640145,3.2234031827547516,24,11.750206409793703,-1.5950238463346977e-08
198,3.0548018347611894,3.2153652300320505,24,11.780792645044823,-1.5910419648434981e-08
198.5,3.0471743684797774,3.2073468354663275,24,11.811302510210202,-1.5870687875008116e-08
199,3.0395659470480858,3.1993479751756015,24,11.841736195976594,-1.5831062682991615e-08
199.5,3.0319765229134603,3.1913686241205905,24,11.872093892554634,-1.5791524532460244e-08
200,3.0244060486419695,3.183408756166942,24,11.90237578968002,-1.5752101845123434e-08
200.5,3.0168544769181289,3.1754683441444271,24,11.932582076614715,-1.5712769751985434e-08
201,3.0093217605445903,3.1675473599032142,24,11.962712942148103,-1.56735353584736e-08
201.5,3.0018078524418517,3.1596457743674353,24,11.992768574598198,-1.5634395111874255e-08
202,2.9943127056479613,3.1517635575860412,24,12.022749161812801,-1.5595354341257917e-08
202.5,2.9868362733182279,3.143900678781252,24,12.052654891170674,-1.5556414822981424e-08
203,2.9793785087249254,3.1360571063945688,24,12.082485949582725,-1.5517573004331098e-08
203.5,2.9719393652570019,3.128232808130551,24,12.112242523493167,-1.547882533259326e-08
204,2.9645187964197852,3.1204277509984331,24,12.14192479888068,-1.5440178913195268e-08
204.5,2.9571167558346962,3.1126419013517221,24,12.171532961259592,-1.5401623087996086e-08
205,2.949733197238956,3.1048752249258191,24,12.201067195681008,-1.5363168515136749e-08
205.5,2.9423680744853034,3.0971276868738054,24,12.23052768673398,-1.5324806312833061e-08
206,2.9350213415416913,3.089399251800474,24,12.259914618546686,-1.5286548915582898e-08
206.5,2.9276929524910207,3.081689883794684,24,12.289228174787542,-1.5248375007104187e-08
207,2.9203828615308307,3.0739995464601129,24,12.318468538666368,-1.5210309456392679e-08
207.5,2.9130910229730338,3.0663282029445105,24,12.347635892935539,-1.5172325618095783e-08
208,2.9058173912436116,3.0586758159675069,24,12.376730419891105,-1.5134448361209252e-08
208.5,2.898561920882345,3.0510423478470425,24,12.405752301373962,-1.5096658145807851e-08
209,2.8913245665425187,3.0434277605245055,24,12.434701718770961,-1.5058963853675778e-08
209.5,2.8841052829906459,3.0358320155886211,24,12.463578853016058,-1.5021358379385674e-08
210,2.8769040251061786,3.0282550742981735,24,12.492383884591428,-1.4983857710149096e-08
210.5,2.8697207478812348,3.0206968976035919,24,12.521116993528619,-1.4946442306040808e-08
211,2.8625554064203058,3.0131574461674848,24,12.549778359409649,-1.4909128154272366e-08
211.5,2.8554079559399863,3.0056366803841374,24,12.578368161368157,-1.4871897491275377e-08
212,2.8482783517686849,2.9981345603980736,24,12.606886578090496,-1.4834764527904554e-08
212.5,2.8411665493463549,2.9906510461216729,24,12.635333787816858,-1.479772215873254e-08
213,2.8340725042242054,2.9831860972519282,24,12.663709968342401,-1.4760777489186694e-08
213.5,2.8269961720644341,2.9757396732863723,24,12.692015297018346,-1.4723918084769139e-08
214,2.8199375086399416,2.9683117335382105,24,12.720249950753086,-1.4687147498193553e-08
214.5,2.8128964698340555,2.960902237150699,24,12.748414106013296,-1.4650481716671493e-08
215,2.8058730116402635,2.9535111431108145,24,12.776507938825047,-1.4613899423920884e-08
215.5,2.7988670901619281,2.9461384102622459,24,12.804531624774878,-1.4577409501725924e-08
216,2.7918786616120173,2.9387839973177279,24,12.832485339010917,-1.4541013726443452e-08
216.5,2.7849076823128298,2.931447862870773,24,12.860369256243978,-1.4504703216289272e-08
217,2.7779541086957202,2.924129965406804,24,12.888183550748622,-1.4468497511188616e-08
217.5,2.771017897300835,2.9168302633137428,24,12.915928396364292,-1.4432368189432054e-08
218,2.7640990047768268,2.9095487148920682,24,12.943603966496363,-1.4396329461874302e-08
218.5,2.757197387880598,2.9022852783643529,24,12.97121043411723,-1.436037777580168e-08
219,2.7503130034770167,2.8950399118843482,24,12.998747971767408,-1.4324525565712065e-08
219.5,2.7434458085386608,2.8878125735455962,24,13.0262167515566,-1.4288756844393902e-08
220,2.7365957601455393,2.8806032213896118,24,13.053616945164762,-1.4253080493631387e-08
220.5,2.7297628154848264,2.8734118134136502,24,13.080948723843205,-1.4217489407997164e-08
221,2.7229469318505943,2.8662383075780888,24,13.108212258415625,-1.4181997798345947e-08
221.5,2.7161480666435529,2.8590826618134333,24,13.135407719279206,-1.4146582572038824e-08
222,2.7093661773707698,2.8519448340269675,24,13.162535276405665,-1.4111256163573671e-08
222.5,2.7026012216454118,2.8448247821090629,24,13.189595099342323,-1.4076029231091525e-08
223,2.6958531571864883,2.8377224639391798,24,13.216587357213163,-1.4040884011023991e-08
223.5,2.6891219418185743,2.8306378373915466,24,13.24351221871988,-1.4005822279727909e-08
224,2.6824075334715491,2.8235708603405643,24,13.270369852142952,-1.3970851142630636e-08
224.5,2.6757098901803396,2.8165214906659197,24,13.297160425342678,-1.3935963494304815e-08
225,2.6690289700846535,2.8094896862574457,24,13.323884105760218,-1.3901168216534643e-08
225.5,2.6623647314287195,2.8024754050197416,24,13.350541060418671,-1.3866451098465404e-08
226,2.6557171325610218,2.7954786048765277,24,13.377131455924077,-1.3831835232736012e-08
226.5,2.6490861319340491,2.7884992437748037,24,13.403655458466506,-1.3797297526707553e-08
227,2.642471688104024,2.7815372796887656,24,13.430113233821055,-1.3762848638521064e-08
227.5,2.6358737597306519,2.7745926706235542,24,13.456504947348906,-1.3728486791819705e-08
228,2.6292923055768567,2.7676653746187583,24,13.48283076399836,-1.3694213762960317e-08
228.5,2.6227272845085325,2.7607553497517916,24,13.509090848305856,-1.3660013564731344e-08
229,2.6161786554942736,2.7538625541410315,24,13.535285364397003,-1.3625902184344341e-08
229.5,2.6096463776051255,2.7469869459488594,24,13.561414475987613,-1.3591884950869826e-08
230,2.6031304100143338,2.7401284833844723,24,13.587478346384717,-1.3557947653453084e-08
230.5,2.5966307119970802,2.7332871247066008,24,13.613477138487591,-1.3524088515737276e-08
231,2.590147242930227,2.7264628282260457,24,13.639411014788768,-1.3490323524933956e-08
231.5,2.5836799622920736,2.719655552308097,24,13.665280137375067,-1.3456638470188409e-08
232,2.5772288296620944,2.7128652553748109,24,13.69108466792858,-1.3423042233284832e-08
232.5,2.5707938047206929,2.7060918959071838,24,13.716824767727708,-1.338952060336851e-08
233,2.5643748472489376,2.6993354324471772,24,13.742500597648162,-1.3356087791294158e-08
233.5,2.5579719171283246,2.6925958235996506,24,13.768112318163956,-1.3322745573418615e-08
234,2.5515849743405203,2.6858730280342034,24,13.793660089348439,-1.3289479738887167e-08
234.5,2.5452139789671131,2.6791670044868701,24,13.81914407087525,-1.325629739312717e-08
235,2.5388588911893581,2.6724777117617693,24,13.844564422019369,-1.3223198536138625e-08
235.5,2.5325196712879379,2.6658051087326209,24,13.869921301658067,-1.3190181391564693e-08
236,2.5261962796427069,2.6591491543442096,24,13.895214868271923,-1.3157249512119051e-08
236.5,2.5198886767324478,2.6525098076137397,24,13.920445279945817,-1.3124392239660665e-08
237,2.5135968231346215,2.6458870276321278,24,13.945612694369895,-1.309161845597373e-08
237.5,2.5073206795251215,2.6392807735652042,24,13.970717268840584,-1.3058929937415087e-08
238,2.5010602066780301,2.6326910046548715,24,13.995759160261553,-1.3026326683984735e-08
238.5,2.4948153654653709,2.6261176802201556,24,14.020738525144715,-1.2993801590255316e-08
239,2.4885861168568688,2.6195607596582384,24,14.045655519611168,-1.2961356432583671e-08
239.5,2.4823724219196972,2.6130202024453819,24,14.070510299392216,-1.2928994763683477e-08
240,2.4761742418182431,2.6064959681378337,24,14.095303019830316,-1.2896711254484217e-08
240.5,2.4699915378138604,2.5999880163726585,24,14.120033835880044,-1.2864514786770087e-08
241,2.4638242712646301,2.5934963068685146,24,14.144702902109085,-1.2832394702400052e-08
241.5,2.4576724036251161,2.5870207994263925,24,14.169310372699185,-1.2800351001374111e-08
242,2.4515358964461242,2.5805614539302901,24,14.193856401447112,-1.2768390789119621e-08
242.5,2.4454147113744646,2.5741182303478602,24,14.218341141765627,-1.2736514065636584e-08
243,2.4393088101527134,2.5676910887310171,24,14.242764746684438,-1.2704708396427122e-08
243.5,2.433218154618964,2.5612799892164562,24,14.267127368851154,-1.2672989768702791e-08
244,2.4271427067066025,2.5548848920262133,24,14.291429160532248,-1.2641342195252037e-08
244.5,2.4210824284440582,2.5485057574681163,24,14.315670273613984,-1.2609783439643252e-08
245,2.4150372819545742,2.5421425459362501,24,14.339850859603409,-1.2578293961951204e-08
245.5,2.4090072294559635,2.5357952179113443,24,14.363971069629262,-1.2546884420316928e-08
246,2.4029922332603784,2.5294637339611796,24,14.388031054442934,-1.2515553038383587e-08
246.5,2.396992255774073,2.5231480547409166,24,14.412030964419406,-1.2484301592508018e-08
247,2.3910072594971687,2.5168481409934351,24,14.435970949558195,-1.2453130082690222e-08
247.5,2.3850372070234203,2.510563953549612,24,14.459851159484286,-1.2422033179859682e-08
248,2.3790820610399788,2.5042954533286057,24,14.483671743449065,-1.2391019765800593e-08
248.5,2.3731417843271636,2.4980426013380832,24,14.507432850331261,-1.2360084511442437e-08
249,2.367216339758226,2.4918053586744611,24,14.531134628637876,-1.2329220311357858e-08
249.5,2.3613056902991181,2.4855836865230847,24,14.554777226505093,-1.2298434270974212e-08
250,2.3554097990082585,2.4793775461584211,24,14.578360791699234,-1.2267731719362018e-08
250.5,2.3495286290363122,2.473186898944209,24,14.601885471617649,-1.223710199838024e-08
251,2.343662143625945,2.4670117063335972,24,14.625351413289668,-1.2206552213456234e-08
251.5,2.3378103061116056,2.4608519298692713,24,14.648758763377506,-1.2176071706448965e-08
252,2.3319730799192895,2.4547075311835513,24,14.672107668177176,-1.2145665806428951e-08
252.5,2.3261504285663124,2.4485784719984878,24,14.695398273619411,-1.211533984246671e-08
253,2.3203423156610867,2.4424647141259213,24,14.718630725270566,-1.2085086709134885e-08
253.5,2.3145487049028874,2.4363662194675531,24,14.741805168333542,-1.2054908182790314e-08
254,2.3087695600816271,2.4302829500149752,24,14.764921747648684,-1.2024807816146676e-08
254.5,2.3030048450776341,2.4242148678497166,24,14.787980607694681,-1.1994782056490294e-08
255,2.297254523861417,2.4181619351432504,24,14.810981892589492,-1.1964839785605363e-08
255.5,2.2915185604934551,2.4121241141570025,24,14.833925746091218,-1.1934961463566651e-08
256,2.2857969191239551,2.4061013672423428,24,14.85681231159902,-1.1905159524872033e-08
256.5,2.2800895639926395,2.4000936568405846,24,14.879641732154008,-1.1875433969521509e-08
257,2.2743964594285213,2.3941009454829327,24,14.902414150440134,-1.1845781244801401e-08
257.5,2.2687175698496782,2.3881231957904765,24,14.925129708785084,-1.1816203127068547e-08
258,2.2630528597630333,2.3821603704741223,24,14.947788549161169,-1.1786697839966109e-08
258.5,2.2574022937641258,2.376212432334551,24,14.970390813186224,-1.1757272488921444e-08
259,2.2517658365369044,2.3702793442621566,24,14.992936642124469,-1.1727912863079837e-08
259.5,2.2461434528534916,2.3643610692369705,24,15.015426176887404,-1.1698629620582324e-08
260,2.2405351075739697,2.3584575703285937,24,15.037859558034702,-1.1669419208715226e-08
260.5,2.2349407656461642,2.3525688106961056,24,15.060236925775063,-1.1640279851121704e-08
261,2.229360392105419,2.3466947535879772,24,15.082558419967111,-1.1611213324158598e-08
261.5,2.2237939520743808,2.3408353623419789,24,15.104824180120255,-1.1582221404182746e-08
262,2.2182414107627819,2.3349906003850602,24,15.127034345395566,-1.1553305867550989e-08
262.5,2.2127027334672222,2.3291604312332659,24,15.14918905460665,-1.1524461385192808e-08
263,2.2071778855709496,2.3233448184916092,24,15.171288446220515,-1.1495686180751363e-08
263.5,2.2016668325436459,2.31754372585395,24,15.193332658358436,-1.1466980254226655e-08
264,2.1961695399412129,2.3117571171028857,24,15.2153218287968,-1.1438348934689202e-08
264.5,2.1906859734055528,2.3059849561096044,24,15.237256094967996,-1.1409792222139004e-08
265,2.185216098664359,2.3002272068337657,24,15.259135593961261,-1.1381303011148702e-08
265.5,2.1797598815308943,2.2944838333233681,24,15.280960462523536,-1.1352886630788817e-08
266,2.1743172879037846,2.2887547997145976,24,15.302730837060324,-1.1324537751988828e-08
266.5,2.168888283766802,2.2830400702316931,24,15.324446853636527,-1.1296265256532934e-08
267,2.1634728351886539,2.2773396091867921,24,15.346108647977321,-1.1268063815350615e-08
267.5,2.1580709083227676,2.271653380979787,24,15.367716355469001,-1.1239928099371355e-08
268,2.1526824694070843,2.2659813500981709,24,15.389270111159805,-1.1211858108595152e-08
268.5,2.1473074847638411,2.2603234811168829,24,15.410770049760776,-1.1183859172092525e-08
269,2.141945920799369,2.2546797386981385,24,15.432216305646595,-1.1155929513506635e-08
269.5,2.1365977440038719,2.2490500875912911,24,15.453609012856434,-1.1128078014621678e-08
270,2.1312629209512322,2.2434344926326428,24,15.474948305094784,-1.1100286911869262e-08
270.5,2.125941418298785,2.2378329187452994,24,15.496234315732286,-1.1072573968817778e-08
271,2.1206332027871229,2.2322453309389889,24,15.517467177806584,-1.1044924974612513e-08
271.5,2.1153382412398818,2.2266716943099016,24,15.538647024023122,-1.1017350587394503e-08
272,2.1100565005635339,2.2211119740405083,24,15.559773986756028,-1.0989836596309033e-08
272.5,2.1047879477471829,2.2155661353994018,24,15.580848198048873,-1.0962395435853978e-08
273,2.0995325498623574,2.210034143741102,24,15.60186978961555,-1.093502000060198e-08
273.5,2.0942902740628027,2.2045159645058998,24,15.622838892841074,-1.0907715619623559e-08
274,2.0890610875842777,2.1990115632196616,24,15.643755638782405,-1.0880484069275553e-08
274.5,2.0838449577443505,2.1935209054936688,24,15.664620158169278,-1.0853320020487445e-08
275,2.0786418519421925,2.1880439570244175,24,15.68543258140501,-1.0826219920545554e-08
275.5,2.0734517376583774,2.1825806835934491,24,15.706193038567307,-1.0799183769449883e-08
276,2.06827458245467,2.1771310510671693,24,15.7269016594091,-1.0772220448984626e-08
276.5,2.0631103539738369,2.1716950253966543,24,15.747558573359331,-1.0745321077365588e-08
277,2.0579590199394318,2.1662725726174736,24,15.768163909523782,-1.0718490983663287e-08
277.5,2.0528205481555997,2.1608636588495065,24,15.788717796685871,-1.0691730167877722e-08
278,2.0476949065068757,2.1554682502967495,24,15.809220363307459,-1.0665038630008894e-08
278.5,2.0425820629579832,2.150086313247134,24,15.829671737529656,-1.0638411040986284e-08
279,2.0374819855536339,2.1447178140723313,24,15.850072047173622,-1.0611842071739375e-08
279.5,2.0323946424183275,2.1393627192275817,24,15.870421419741348,-1.0585342380409202e-08
280,2.0273200017561512,2.1340209952514817,24,15.89071998241648,-1.0558915519709444e-08
280.5,2.0222580318505852,2.1286926087658209,24,15.910967862065108,-1.0532550831499066e-08
281,2.0172087010643018,2.1233775264753643,24,15.931165185236543,-1.0506250092134906e-08
281.5,2.0121719778389648,2.1180757151676852,24,15.951312078164117,-1.0480023959758e-08
282,2.0071478306950397,2.1127871417129667,24,15.971408666765985,-1.0453856447156795e-08
282.5,2.0021362282315929,2.1075117730638109,24,15.991455076645885,-1.0427744001617612e-08
283,1.997137139126087,2.1022495762550424,24,16.011451433093942,-1.0401709715779361e-08
283.5,1.9921505321342021,2.097000518403525,24,16.031397861087452,-1.037573937878733e-08
284,1.9871763760896286,2.0917645667079672,24,16.051294485291649,-1.0349836543355195e-08
284.5,1.9822146399038747,2.0865416884487331,24,16.071141430060504,-1.0323997656769279e-08
285,1.9772652925660719,2.0813318509876471,24,16.090938819437493,-1.0298219166315903e-08
285.5,1.972328303142783,2.0761350217677998,24,16.110686777156356,-1.0272511730136102e-08
286,1.9674036407778104,2.0709511683133606,24,16.130385426641894,-1.0246864690088842e-08
286.5,1.9624912746919971,2.0657802582293909,24,16.150034891010737,-1.0221274493460442e-08
287,1.9575911741830385,2.0606222592016357,24,16.169635293072098,-1.019574824567826e-08
287.5,1.9527033086252921,2.0554771389963458,24,16.189186755328549,-1.0170282394028618e-08
288,1.9478276474695786,2.0503448654600831,24,16.208689399976794,-1.0144891149366231e-08
288.5,1.9429641602430046,2.0452254065195214,24,16.228143348908425,-1.0119556748122704e-08
289,1.938112816548756,2.0401187301812671,24,16.247548723710683,-1.0094293401152754e-08
289.5,1.93327358606592,2.0350248045316519,24,16.266905645667233,-1.0069086897601665e-08
290,1.9284464385492912,2.0299435977365565,24,16.286214235758891,-1.0043944342896793e-08
290.5,1.9236313438291788,2.024875078041207,24,16.305474614664416,-1.0018869289751819e-08
291,1.9188282718112273,2.0198192137699902,24,16.32468690276124,-9.9938510800257063e-09
291.5,1.9140371924762221,2.0147759733262571,24,16.343851220126208,-9.9689039245731692e-09
292,1.9092580758799,2.0097453251921396,24,16.362967686536386,-9.9440136125394929e-09
292.5,1.9044908921527668,2.0047272379283489,24,16.382036421469749,-9.9191836966383562e-09
293,1.8997356114999091,1.9997216801739972,24,16.401057544105942,-9.8944212822971167e-09
293.5,1.8949922042008085,1.9947286206463932,24,16.420031173327054,-9.8697121586610592e-09
294,1.890260640609152,1.9897480281408635,24,16.438957427718325,-9.8450669838712201e-09
294.5,1.8855408911526519,1.9847798715305567,24,16.457836425568907,-9.8204857579275995e-09
295,1.8808329263328609,1.9798241197662527,24,16.476668284872595,-9.7959613754028396e-09
295.5,1.8761367167249796,1.9748807418761807,24,16.49545312332857,-9.7715115998653346e-09
296,1.8714522329776866,1.9699497069658163,24,16.514191058342139,-9.7471151150330115e-09
296.5,1.8667794458129423,1.9650309842177069,24,16.532882207025455,-9.7227754736195493e-09
297,1.8621183260258087,1.9601245428912755,24,16.551526686198255,-9.6985104391933419e-09
297.5,1.8574688444842762,1.9552303523226273,24,16.570124612388604,-9.6742915900449589e-09
298,1.852830972129067,1.9503483819243739,24,16.588676101833595,-9.6501366897427943e-09
298.5,1.8482046799734659,1.9454786011854353,24,16.607181270480087,-9.6260492910005269e-09
299,1.8435899391031318,1.9406209796708609,24,16.625640233985461,-9.6020116302497627e-09
299.5,1.8389867206759183,1.9357754870216279,24,16.6440531077183,-9.5780272602041805e-09
300,1.8343949959216932,1.9309420929544743,24,16.662420006759106,-9.5541210498595319e-09
300.5,1.8298147361421639,1.9261207672616907,24,16.680741045901069,-9.530275235647423e-09
301,1.8252459127106935,1.9213114798109565,24,16.699016339650743,-9.506482712140496e-09
301.5,1.8206884970721191,1.9165142005451337,24,16.717246002228777,-9.4827470320524299e-09
302,1.8161424607425776,1.9117288994820933,24,16.735430147570618,-9.4590717480969033e-09
302.5,1.8116077753093274,1.9069555467145314,24,16.753568889327237,-9.4354533075602376e-09
303,1.8070844124305712,1.9021941124097701,24,16.77166234086582,-9.4118952631561115e-09
303.5,1.8025723438352745,1.8974445668095958,24,16.789710615270501,-9.3884011675982038e-09
304,1.7980715413229946,1.8927068802300475,24,16.807713825343065,-9.3649568100317993e-09
304.5,1.7935819767636998,1.8879810230612613,24,16.825672083603624,-9.3415764013116132e-09
305,1.7891036220976,1.883266965767266,24,16.843585502291351,-9.3182492832966091e-09
305.5,1.7846364493349611,1.8785646788858124,24,16.861454193365166,-9.2949896668415022e-09
306,1.7801804305559408,1.8738741330281794,24,16.879278268504457,-9.2717797883778985e-09
306.5,1.7757355379104052,1.8691952988790073,24,16.897057839109749,-9.2486303060468344e-09
307,1.7713017436177623,1.8645281471960979,24,16.91479301630341,-9.22554121984831e-09
307.5,1.7668790199667841,1.8598726488102537,24,16.932483910930362,-9.2025018716412887e-09
308,1.7624673393154318,1.8552287746250711,24,16.95013063355875,-9.1795229195668071e-09
308.5,1.7580666740906867,1.8505964956167844,24,16.967733294480649,-9.1566043636248651e-09
309,1.7536769967883776,1.8459757828340768,24,16.985292003712747,-9.1337426511017838e-09
309.5,1.7492982799730079,1.8413666073978918,24,17.002806870997038,-9.1109306765702058e-09
310,1.7449304962775809,1.8367689405012655,24,17.020278005801494,-9.0881826508848462e-09
310.5,1.7405736184034364,1.8321827534091373,24,17.037705517320763,-9.0654914686183474e-09
311,1.736227619120073,1.8276080174581883,24,17.05508951447684,-9.0428677879117458e-09
311.5,1.7318924712649819,1.8230447040566453,24,17.072430105919786,-9.0202867397692899e-09
312,1.7275681477434732,1.8184927846841017,24,17.089727400028352,-8.9977554296183371e-09
312.5,1.7232546215285112,1.8139522308913616,24,17.106981504910664,-8.9752916210272815e-09
313,1.7189518656605429,1.8094230143002425,24,17.124192528404947,-8.9528811031414079e-09
313.5,1.7146598532473316,1.8049051066034005,24,17.141360578080153,-8.9305203232470376e-09
314,1.710378557463784,1.8003984795641692,24,17.158485761236641,-8.9082234921988857e-09
314.5,1.706107951551787,1.7959031050163672,24,17.175568184906869,-8.8859835045695945e-09
315,1.7018480088200425,1.7914189548641257,24,17.192607955856033,-8.8637968076454854e-09
315.5,1.6975987026438926,1.7869460010817235,24,17.209605180582763,-8.8416669541402371e-09
316,1.693360006465161,1.7824842157134011,24,17.226559965319765,-8.8195903913401708e-09
316.5,1.6891318937919815,1.7780335708731911,24,17.243472416034503,-8.7975706719589652e-09
317,1.6849143381986353,1.7735940387447489,24,17.260342638429847,-8.7756113487102994e-09
317.5,1.6807073133253896,1.769165591581169,24,17.27717073794474,-8.7537017634531367e-09
318,1.6765107928783234,1.7647482017048235,24,17.293956819754865,-8.7318419161874772e-09
318.5,1.6723247506291683,1.7603418415071737,24,17.310700988773281,-8.7100460177680361e-09
319,1.6681491604151502,1.7559464834486231,24,17.3274033496511,-8.6882998573400982e-09
319.5,1.6639839961388123,1.7515621000583197,24,17.344064006778137,-8.6666140930447e-09
320,1.65982923176787,1.7471886639339997,24,17.360683064283556,-8.6449638558860897e-09
320.5,1.6556848413350274,1.7428261477418072,24,17.37726062603652,-8.6233704621463403e-09
321,1.6515507989378326,1.7384745242161417,24,17.393796795646832,-8.6018374645391305e-09
321.5,1.6474270787385077,1.7341337661594594,24,17.410291676465611,-8.5803577576371026e-09
322,1.6433136549637872,1.7298038464421355,24,17.426745371585923,-8.558927788726578e-09
322.5,1.6392105019047616,1.7254847380022662,24,17.443157983843399,-8.5375546632349142e-09
323,1.635117593916708,1.7211764138455177,24,17.45952961581693,-8.5162383811621112e-09
323.5,1.6310349054189368,1.7168788470449536,24,17.47586036982927,-8.4949824952218478e-09
324,1.6269624108946363,1.7125920107408685,24,17.492150347947682,-8.4737727945594088e-09
324.5,1.6229000848906985,1.708315878140608,24,17.508399651984593,-8.452612831888473e-09
325,1.6188479020175759,1.7040504225184243,24,17.524608383498194,-8.4315026072090404e-09
325.5,1.6148058369491078,1.699795617215285,24,17.540776643793116,-8.4104527786621475e-09
326,1.6107738644223808,1.6955514356387269,24,17.556904533921031,-8.3894455826794001e-09
326.5,1.6067519592375472,1.6913178512626752,24,17.572992154681305,-8.36850588825655e-09
327,1.6027400962576905,1.6870948376272885,24,17.589039606621629,-8.3476088263978454e-09
327.5,1.5987382504086511,1.6828823683387837,24,17.605046990038623,-8.3267721606716805e-09
328,1.5947463966788815,1.6786804170692813,24,17.621014404978489,-8.3059852329370187e-09
328.5,1.5907645101192838,1.6744889575566342,24,17.63694195123762,-8.2852444904801814e-09
329,1.5867925658430524,1.6703079636042659,24,17.65282972836324,-8.2645499333011685e-09
329.5,1.5828305390255197,1.6661374090810073,24,17.668677835654002,-8.243919324968374e-09
330,1.5788784049040121,1.6619772679209328,24,17.684486372160617,-8.2233349019134039e-09
330.5,1.574936138777673,1.6578275141231993,24,17.700255436686504,-8.2028037695636158e-09
331,1.5710037160073291,1.653688121751876,24,17.715985127788365,-8.1823188224916521e-09
331.5,1.5670811120153232,1.6495590649357972,24,17.731675543776817,-8.1618907188385492e-09
332,1.5631683022853684,1.6454403178683874,24,17.747326782717014,-8.1415123531769495e-09
332.5,1.5592652623623922,1.6413318548075049,24,17.762938942429251,-8.1211801727931743e-09
333,1.5553719678523832,1.6372336500752827,24,17.77851212048957,-8.1008977304009022e-09
333.5,1.5514883944222335,1.6331456780579661,24,17.794046414230401,-8.0806650260001334e-09
334,1.5476145177995981,1.6290679132057519,24,17.809541920741111,-8.0604962704455829e-09
334.5,1.5437503137727413,1.6250003300326297,24,17.824998736868675,-8.0403594893141417e-09
335,1.5398957581903678,1.6209429031162266,24,17.840416959218246,-8.0202831043152401e-09
335.5,1.5360508269614952,1.6168956070976401,24,17.855796684153756,-8.0002635627351992e-09
336,1.5322154960552909,1.6128584166812869,24,17.871138007798542,-7.9802937591466616e-09
336.5,1.5283897415009262,1.6088313066347419,24,17.886441026035921,-7.9603736935496272e-09
337,1.5245735393874238,1.6048142517885813,24,17.901705834509816,-7.9404891550893808e-09
337.5,1.5207668658634992,1.6008072270362259,24,17.916932528625338,-7.920665012761674e-09
338,1.5169696971374407,1.5968102073337764,24,17.93212120354935,-7.9008870557117916e-09
338.5,1.5131820094769246,1.5928231676998754,24,17.947271954211132,-7.8811694947944488e-09
339,1.5094037792088972,1.5888460832155333,24,17.962384875302916,-7.8614945664412517e-09
339.5,1.5056349827194015,1.5848789290239793,24,17.977460061280528,-7.8418658233658789e-09
340,1.5018755964534485,1.5809216803305004,24,17.992497606363916,-7.8222903709956881e-09
340.5,1.4981255969148641,1.5769743124023066,24,18.007497604537789,-7.8027539984759642e-09
341,1.4943849606661352,1.5730368005683513,24,18.022460149552192,-7.7832673639477434e-09
341.5,1.4906536643282751,1.5691091202191894,24,18.037385334923066,-7.7638340201247047e-09
342,1.4869316845806679,1.565191246806819,24,18.052273253932867,-7.7444610724342056e-09
342.5,1.4832189981609343,1.5612831558445395,24,18.067123999631146,-7.7251165464531368e-09
343,1.4795155818647645,1.5573848229067799,24,18.08193766483511,-7.7058324166046077e-09
343.5,1.4758214125457965,1.5534962236289616,24,18.096714342130216,-7.6865980247475818e-09
344,1.4721364671154618,1.5496173337073387,24,18.111454123870743,-7.6674098181683803e-09
344.5,1.4684607225428392,1.5457481288988504,24,18.126157102180382,-7.6482606914396456e-09
345,1.4647941558545128,1.5418885850209669,24,18.140823368952784,-7.6291648554160929e-09
345.5,1.4611367441344276,1.5380386779515369,24,18.155453015852174,-7.6101152046703646e-09
346,1.4574884645237516,1.5341983836286381,24,18.170046134313878,-7.5911152919161395e-09
346.5,1.4538492942207215,1.5303676780504318,24,18.184602815544956,-7.5721580117260601e-09
347,1.4502192104805145,1.5265465372750047,24,18.199123150524699,-7.5532433641001262e-09
347.5,1.4465981906150907,1.5227349374202195,24,18.213607230005252,-7.5343855598930531e-09
348,1.4429862119930714,1.5189328546635803,24,18.228055144512158,-7.5155561773954105e-09
348.5,1.43938325203957,1.51514026524206,24,18.242466984344926,-7.496794296457665e-09
349,1.4357892882360819,1.5113571454519761,24,18.256842839577597,-7.4780750480840652e-09
349.5,1.43220429812032,1.5075834716488199,24,18.271182800059318,-7.4594019849882898e-09
350,1.4286282592860813,1.503819220247129,24,18.285486955414903,-7.4407715544566599e-09
350.5,1.4250611493831125,1.5000643677203236,24,18.299755395045352,-7.4221979673438909e-09
351,1.4215029461169699,1.4963188906005715,24,18.31398820812846,-7.4036599073679099e-09
351.5,1.4179536272488651,1.4925827654786357,24,18.328185483619361,-7.3851786908107897e-09
352,1.4144131705955498,1.4888559690037262,24,18.342347310251082,-7.3667187905357423e-09
352.5,1.4108815540291504,1.4851384778833587,24,18.356473776535072,-7.3483263918205921e-09
353,1.4073587554770572,1.4814302688832077,24,18.370564970761791,-7.3299801783832663e-09
353.5,1.4038447529217688,1.4777313188269616,24,18.384620981001245,-7.3116801502237649e-09
354,1.4003395244007564,1.4740416045961702,24,18.398641895103552,-7.2934227546284092e-09
354.5,1.3968430480063265,1.4703611031301183,24,18.412627800699468,-7.275225755165593e-09
355,1.3933553018854976,1.4666897914256589,24,18.426578785200952,-7.2570571774122072e-09
355.5,1.3898762642398399,1.4630276465370917,24,18.440494935801706,-7.2389347849366459e-09
356,1.3864059133253583,1.4593746455759975,24,18.454376339477708,-7.2208585777389089e-09
356.5,1.3829442274523469,1.4557307657111149,24,18.46822308298778,-7.2028321085326752e-09
357,1.3794911849852589,1.4520959841681886,24,18.482035252874113,-7.1848518246042659e-09
357.5,1.3760467643425685,1.4484702782298218,24,18.495812935462816,-7.1669106205263233e-09
358,1.3726109439966336,1.4448536252353463,24,18.509556216864453,-7.1490120490125264e-09
358.5,1.3691837024735678,1.4412460025806704,24,18.523265182974566,-7.1311632154902327e-09
359,1.3657650183530983,1.4376473877181439,24,18.536939919474246,-7.1133605672457634e-09
359.5,1.3623548702684394,1.4340577581564169,24,18.550580511830638,-7.0956041042791185e-09
360,1.3589532369061557,1.4304770914602933,24,18.564187045297491,-7.0778867211629404e-09
360.5,1.3555600970060251,1.4269053652506001,24,18.577759604915684,-7.0602155233245867e-09
361,1.3521754293609156,1.4233425572040366,24,18.591298275513758,-7.042579852623021e-09
361.5,1.3487992128166377,1.4197886450530435,24,18.604803141708441,-7.0250081307676737e-09
362,1.3454314262718343,1.4162436065856632,24,18.618274287905194,-7.0074683833354356e-09
362.5,1.3420720486778217,1.4127074196453915,24,18.631711798298735,-6.9899783738947008e-09
363,1.3387210590384839,1.4091800621310515,24,18.64511575687354,-6.9725238915907539e-09
363.5,1.33537843641012,1.4056615119966516,24,18.658486247404397,-6.9551226999919891e-09
364,1.3320441599013364,1.402151747251243,24,18.671823353456912,-6.937742824675297e-09
364.5,1.3287182086728837,1.3986507459587862,24,18.685127158388042,-6.9204233454911446e-09
365,1.3254005619375597,1.395158486238012,24,18.698397745346604,-6.9031571570121741e-09
365.5,1.3220911989600648,1.3916749462622899,24,18.711635197273822,-6.8859193902426341e-09
366,1.3187900990568657,1.3882001042594805,24,18.724839596903809,-6.8687278087509185e-09
366.5,1.3154972415960797,1.3847339385118183,24,18.738011026764102,-6.8515788598233485e-09
367,1.3122126059973347,1.3812764273557496,24,18.751149569176192,-6.8344689907462453e-09
367.5,1.3089361717316512,1.377827549181827,24,18.764255306256,-6.81739464880593e-09
368,1.3056679183212996,1.3743872824345447,24,18.777328319914428,-6.8003735975707968e-09
368.5,1.3024078253396878,1.3709556056122327,24,18.790368691857857,-6.7833916261861305e-09
369,1.2991558724112249,1.367532497266895,24,18.803376503588645,-6.7664558400792885e-09
369.5,1.2959120392111929,1.3641179360040976,24,18.816351836405666,-6.7495626865365921e-09
370,1.2926763054656245,1.3607119004828228,24,18.829294771404779,-6.7327228236990777e-09
370.5,1.2894486509511749,1.3573143694153353,24,18.842205389479396,-6.7159042771436361e-09
371,1.2862290554949904,1.3539253215670577,24,18.855083771320903,-6.6991354685796978e-09
371.5,1.2830174989745862,1.3505447357564311,24,18.867929997419232,-6.6824235034346202e-09
372,1.2798139613177302,1.347172590854786,24,18.880744148063346,-6.6657328545716155e-09
372.5,1.276618422502299,1.3438088657862028,24,18.893526303341712,-6.6490919437001139e-09
373,1.2734308625561628,1.3404535395273882,24,18.906276543142859,-6.6324901126790792e-09
373.5,1.2702512615570623,1.3371065911075455,24,18.918994947155809,-6.6159415723632264e-09
374,1.2670795996324848,1.3337679996082414,24,18.931681594870646,-6.5994143483294465e-09
374.5,1.2639158569595264,1.3304377441632615,24,18.944336565578954,-6.5829404150008486e-09
375,1.2607600137647896,1.3271158039585025,24,18.956959938374343,-6.5664984560953599e-09
375.5,1.2576120503242407,1.3238021582318247,24,18.969551792152927,-6.5501097878950532e-09
376,1.2544719469631014,1.3204967862729386,24,18.982112205613838,-6.5337566468315345e-09
376.5,1.2513396840557149,1.317199667423254,24,18.994641257259701,-6.5174390329048038e-09
377,1.2482152420254273,1.3139107810757684,24,19.00713902539712,-6.5011711569695763e-09
377.5,1.2450986013444663,1.3106301066749335,24,19.019605588137207,-6.4849281500301004e-09
378,1.2419897425338142,1.3073576237165208,24,19.032041023396001,-6.4687419865094853e-09
378.5,1.2388886461630975,1.3040933117475069,24,19.044445408895019,-6.4525913501256582e-09
379,1.2357952928504528,1.3008371503659255,24,19.056818822161709,-6.4364797935922979e-09
379.5,1.2327096632624102,1.2975891192207616,24,19.069161340529945,-6.4204144223367621e-09
380,1.229631738113774,1.2943491980118136,24,19.081473041140512,-6.4043916836453718e-09
380.5,1.2265614981675066,1.291117366489555,24,19.093754000941573,-6.3884009193770908e-09
381,1.2234989242345948,1.2878936044550375,24,19.106004296689175,-6.3724456822455977e-09
381.5,1.2204439971739403,1.2846778917597277,24,19.118224004947692,-6.3565472885329655e-09
382,1.2173966978922435,1.2814702083054215,24,19.130413202090356,-6.340670211102406e-09
382.5,1.2143570073438701,1.2782705340440845,24,19.14257196429968,-6.324839318949671e-09
383,1.2113249065307468,1.2750788489777403,24,19.154700367567965,-6.3090475066474028e-09
383.5,1.2083003765022307,1.2718951331583481,24,19.16679848769779,-6.2932876687682437e-09
384,1.2052833983550011,1.268719366687673,24,19.178866400302415,-6.2775811215942667e-09
384.5,1.2022739532329361,1.2655515297171664,24,19.190904180806356,-6.2618994434160413e-09
385,1.1992720223269924,1.262391602447833,24,19.202911904445767,-6.2462639505156403e-09
385.5,1.196277586875091,1.259239565130124,24,19.214889646268961,-6.2306746428930637e-09
386,1.1932906281620026,1.2560953980637901,24,19.226837481136872,-6.2151173096935963e-09
386.5,1.1903111275192231,1.252959081597778,24,19.238755483723502,-6.1996061617719533e-09
387,1.1873390663248671,1.2498305961301028,24,19.250643728516405,-6.1841269882734196e-09
387.5,1.18437442600354,1.2467099221077191,24,19.26250228981716,-6.168679789197995e-09
388,1.1814171880262307,1.243597040026402,24,19.274331241741798,-6.1532787754003948e-09
388.5,1.1784673339101932,1.2404919304306317,24,19.286130658221325,-6.1379026305985462e-09
389,1.1755248452188276,1.2373945739134609,24,19.29790061300211,-6.1225797765018797e-09
389.5,1.172589703561572,1.2343049511164033,24,19.30964117964642,-6.1072924495420011e-09
390,1.1696618905937797,1.2312230427293027,24,19.321352431532834,-6.0920477551462682e-09
390.5,1.1667413880166109,1.2281488294902285,24,19.333034441856714,-6.076842140601002e-09
391,1.1638281775769173,1.2250822921853333,24,19.34468728363067,-6.0616613950514875e-09
391.5,1.1609222410671203,1.2220234116487481,24,19.356311029684996,-6.0465232820661186e-09
392,1.158023560325109,1.2189721687624626,24,19.367905752668136,-6.0314278016448952e-09
392.5,1.1551321172341202,1.2159285444561974,24,19.379471525047155,-6.0163642956467811e-09
393,1.1522478937226239,1.2128925197072906,24,19.391008419108164,-6.0013398694991338e-09
393.5,1.1493708717642139,1.2098640755405796,24,19.40251650695679,-5.9863545232019533e-09
394,1.1465010333774934,1.206843193028277,24,19.413995860518611,-5.9714153621825972e-09
394.5,1.1436383606259657,1.2038298532898573,24,19.425446551539633,-5.9565046228726715e-09
395,1.1407828356179124,1.2008240374919392,24,19.436868651586707,-5.941643621554249e-09
395.5,1.1379344405062959,1.1978257268481611,24,19.448262232048009,-5.9268074892315781e-09
396,1.1350931574886367,1.194834902619073,24,19.459627364133446,-5.9120068840456952e-09
396.5,1.1322589688069087,1.1918515461120158,24,19.470964118875127,-5.8972382532829215e-09
397,1.1294318567474182,1.1888756386810035,24,19.482272567127804,-5.8825229132253298e-09
397.5,1.1266118036407118,1.1859071617265968,24,19.493552779569328,-5.8678253367361322e-09
398,1.1237987918614429,1.1829460966958125,24,19.504804826701051,-5.8531774982384377e-09
398.5,1.1209928038282833,1.1799924250819807,24,19.516028778848298,-5.83856873959121e-09
399,1.1181938220037955,1.1770461284246458,24,19.527224706160816,-5.824002613508128e-09
399.5,1.1154018288943357,1.1741071883094447,24,19.538392678613196,-5.8094613564207975e-09
400,1.1126168070499372,1.1711755863679914,24,19.549532766005289,-5.7949627318976127e-09
