time_s,target_FS,reference_FS,absolute_error_FS,weight_per_s,min_target_FS,min_reference_FS,max_target_FS,max_reference_FS
0,0.20000000000000001,0.050000000000000003,0.0001,-0.25974025974025972,0.19990000000000002,0.050100000000000006,0.2001,0.0499
0.050000000000000003,0.18096748360719192,0.055258545903782388,0.0001,-0.23376623376623373,0.18086748360719193,0.055358545903782391,0.18106748360719191,0.055158545903782386
0.10000000000000001,0.16374615061559639,0.061070137908008498,0.0001,-0.20779220779220778,0.1636461506155964,0.061170137908008501,0.16384615061559638,0.060970137908008495
0.15000000000000002,0.14816364413634359,0.067492940378800159,0.0001,-0.18181818181818177,0.1480636441363436,0.067592940378800162,0.14826364413634358,0.067392940378800156
0.20000000000000001,0.13406400920712788,0.074591234882063526,0.0001,-0.15584415584415581,0.13396400920712789,0.074691234882063529,0.13416400920712787,0.074491234882063523
0.25,0.12130613194252669,0.082436063535006418,0.0001,-0.12987012987012986,0.12120613194252669,0.082536063535006421,0.1214061319425267,0.082336063535006415
0.30000000000000004,0.10976232721880529,0.091105940019525461,0.0001,-0.10389610389610386,0.10966232721880528,0.091205940019525464,0.10986232721880529,0.091005940019525458
0.35000000000000003,0.099317060758281894,0.10068763537352383,0.0001,-0.077922077922077893,0.099217060758281891,0.10078763537352384,0.099417060758281897,0.10058763537352383
0.40000000000000002,0.089865792823444313,0.1112770464246234,0.0001,-0.051948051948051931,0.08976579282344431,0.1113770464246234,0.089965792823444315,0.11117704642462339
0.45000000000000001,0.081313931948119825,0.1229801555578475,0.0001,-0.025974025974025965,0.081213931948119822,0.1230801555578475,0.081413931948119828,0.1228801555578475
0.5,0.07357588823428847,0.13591409142295227,0.0001,0,0.073675888234288472,0.13581409142295228,0.073475888234288467,0.13601409142295226
0.55000000000000004,0.066574216739615916,0.15020830119732168,0.0001,0.025974025974025993,0.066674216739615919,0.15010830119732169,0.066474216739615913,0.15030830119732166
0.60000000000000009,0.060238842382440407,0.16600584613682742,0.0001,0.051948051948051986,0.060338842382440409,0.16590584613682743,0.060138842382440404,0.16610584613682741
0.65000000000000002,0.054506358606802523,0.18346483338096223,0.0001,0.07792207792207792,0.054606358606802526,0.18336483338096224,0.05440635860680252,0.18356483338096222
0.70000000000000007,0.049319392788321287,0.20275999834223379,0.0001,0.10389610389610392,0.04941939278832129,0.2026599983422338,0.049219392788321284,0.20285999834223378
0.75,0.044626032029685965,0.22408445351690323,0.0001,0.12987012987012986,0.044726032029685968,0.22398445351690324,0.044526032029685962,0.22418445351690322
0.80000000000000004,0.040379303598931077,0.24765162121975576,0.0001,0.15584415584415584,0.04047930359893108,0.24755162121975577,0.040279303598931074,0.24775162121975575
0.85000000000000009,0.036536704810546924,0.27369736958636004,0.0001,0.18181818181818185,0.036636704810546927,0.27359736958636005,0.036436704810546922,0.27379736958636003
0.90000000000000002,0.033059777644317306,0.30248237322064736,0.0001,0.20779220779220778,0.033159777644317309,0.30238237322064737,0.032959777644317304,0.30258237322064735
0.95000000000000007,0.029913723844527007,0.33429472211396355,0.0001,0.23376623376623376,0.030013723844527006,0.33419472211396356,0.029813723844527008,0.33439472211396354
1,0.027067056647322542,0.36945280494653254,0.0001,0.25974025974025972,0.027167056647322541,0.36935280494653255,0.026967056647322542,0.36955280494653253
