trial,low_per_s,high_per_s,covers_true_alpha
0,3.9937516254602126,4.0092280214741107,1
1,3.9927272007406875,4.008194547985898,1
2,3.9929289708232463,4.0084039943392833,1
3,3.9909154169867356,4.0063750239233862,1
4,3.9921244790114931,4.0075888198204455,1
5,3.9931479576240942,4.0086232334707272,1
6,3.9903935618418611,4.0058499332467008,1
7,3.9913465178164214,4.0068087606905651,1
8,3.9916880357403746,4.0071534860337854,1
9,3.991280272060306,4.0067410138737509,1
10,3.9937703796851003,4.0092471382317711,1
11,3.9932068532194487,4.0086833840051943,1
12,3.9932285627300628,4.0087026921413536,1
13,3.9931640313154735,4.0086391547121725,1
14,3.991641088321622,4.0071058636490431,1
15,3.9895463777587623,4.0049989909931112,1
16,3.9935948942561224,4.0090690720835083,1
17,3.9914758192963729,4.0069417776180796,1
18,3.9939946938408921,4.0094713968605467,1
19,3.9910772645155719,4.0065399847484464,1
20,3.9924099090321516,4.0078801544283218,1
21,3.9937017033900548,4.0091818096336809,1
22,3.9934344382540634,4.0089058777316922,1
23,3.9926313485087173,4.0081005425320173,1
24,3.9925683413289863,4.0080411837289116,1
25,3.9931254421252,4.0085984077725643,1
26,3.9912554710818657,4.0067223888788357,1
27,3.9913359347907829,4.0068000286181968,1
28,3.9933503258245788,4.0088257282578876,1
29,3.9932051685908463,4.0086789142813846,1
30,3.9940660446313849,4.0095465398578192,1
31,3.9925813188185306,4.0080513346769759,1
32,3.9935248448643788,4.0089997175789289,1
33,3.9920895329567725,4.0075577330163785,1
34,3.9935476679248847,4.0090228710050155,1
35,3.9919280235006189,4.0073961253484809,1
36,3.9910098304492063,4.0064711187713309,1
37,3.9920047422254679,4.0074745776457643,1
38,3.9915267967085404,4.0069905037085869,1
39,3.9933602209091168,4.0088360035253716,1
40,3.9925064723216748,4.0079765166056127,1
41,3.9908357678409279,4.0062956920447723,1
42,3.9918874948896144,4.0073543501007176,1
43,3.9931788864386419,4.0086554141462276,1
44,3.9912559599518227,4.0067209524670586,1
45,3.9924688190552144,4.0079406171858336,1
46,3.9916518475708367,4.007118220927314,1
47,3.9921522010214012,4.0076219252998415,1
48,3.9914931671875906,4.0069569359021777,1
49,3.9931075683658457,4.0085807948288403,1
50,3.9916352191727151,4.0071047118191512,1
51,3.9923319420963228,4.0077988774976925,1
52,3.9921326279891494,4.0076029150044601,1
53,3.9935676652428631,4.009045732891992,1
54,3.9902264143027644,4.005680605951536,1
55,3.9938920209089135,4.0093739122607621,1
56,3.9922515512402392,4.0077154263547126,1
57,3.9919945683040612,4.0074573167069509,1
58,3.9925292989109327,4.0079984528484323,1
59,3.9923138325477341,4.0077811079735266,1
60,3.9941737003207609,4.0096546870500624,1
61,3.9928082476897564,4.0082790574912197,1
62,3.9921536889589087,4.0076235480397733,1
63,3.9918362658831246,4.0073052466874017,1
64,3.9930187614394601,4.008491113813295,1
65,3.9931687200039265,4.0086472082203928,1
66,3.9901205427182891,4.0055779949009356,1
67,3.9932510164207926,4.0087264807390888,1
68,3.9918844350593004,4.0073490239294935,1
69,3.9913823132225099,4.006846270920378,1
70,3.9927924346221775,4.0082636100831657,1
71,3.9931098782292844,4.0085813204906495,1
72,3.9937714718831758,4.0092478473264466,1
73,3.9912624261432654,4.006723498591187,1
74,3.9907470886739964,4.0062078959928495,1
75,3.9906867002015476,4.0061475248052449,1
76,3.9921855115323601,4.0076556943676245,1
77,3.991549849157833,4.0070196490110748,1
78,3.9932677997815369,4.0087407942122875,1
79,3.9930196805209182,4.0084935899366982,1
80,3.9925417864493467,4.0080119848599747,1
81,3.9920004003289833,4.0074676101166755,1
82,3.9925362036489989,4.0080030365185326,1
83,3.9930910523099721,4.008564953418416,1
84,3.9917992594170366,4.0072617883751693,1
85,3.9914793334353296,4.0069477820619186,1
86,3.9922163593667825,4.007682885132021,1
87,3.9934690927119996,4.0089415369196013,1
88,3.9930219811383196,4.0084923125263749,1
89,3.9946073006061109,4.0100905996609795,1
90,3.9913323441698925,4.0067970124858157,1
91,3.9921349499170704,4.0076065825184166,1
92,3.9915349638906288,4.0069970348374433,1
93,3.9911826262155756,4.0066467389392262,1
94,3.9922206230731723,4.0076879118001321,1
95,3.9915496171913154,4.0070161887145614,1
96,3.992955927715347,4.0084289552754795,1
97,3.9925896001136367,4.0080576525213472,1
98,3.9917214723788366,4.0071856869129991,1
99,3.9909149063764784,4.0063762913138374,1
100,3.9913653101480806,4.006828221910312,1
101,3.9918768604455734,4.0073414926638877,1
102,3.9934437617047589,4.0089222898080337,1
103,3.9921373992180378,4.0076061601843245,1
104,3.9898791413700581,4.0053345865467946,1
105,3.9924387907950893,4.0079075825445969,1
106,3.9932216678457637,4.0086936283654335,1
107,3.9938520020942212,4.009332835251092,1
108,3.9916485690907999,4.0071165859816462,1
109,3.9923064110689515,4.0077759248057081,1
110,3.9932911421890704,4.0087681803508319,1
111,3.9918470634718339,4.0073150682869736,1
112,3.9929296504751144,4.0084039621398917,1
113,3.9938277801706419,4.0093054964209101,1
114,3.9917898888631407,4.0072545240252389,1
115,3.9926668493363162,4.0081393277755835,1
116,3.9931334332812289,4.0086055197385422,1
117,3.9912457414962428,4.0067082063012585,1
118,3.992085944398668,4.0075512036533905,1
119,3.9929996283886759,4.0084679234252514,1
120,3.9912049307312927,4.0066692133609978,1
121,3.9911547744215725,4.0066155984889527,1
122,3.9911081051963038,4.0065732214404655,1
123,3.9936510870456643,4.0091280347582279,1
124,3.9917262023408497,4.0071902600847764,1
125,3.9926057443123488,4.0080735640246212,1
126,3.990836344083811,4.0062938164248649,1
127,3.9913865406345277,4.0068516503954204,1
