time_s,target_amplitude_FS,reference_amplitude_FS,target_center_truth_FS,reference_center_truth_FS,residual_RMS_FS
0.0039375,0.19709290263700374,0.057179538419201661,0.1984311853153975,0.050395304468425398,2.5646339133411896e-05
0.0119375,0.19327560591537271,0.060115022902398237,0.19528155061983579,0.051208114480141002,2.6225080348201251e-05
0.0199375,0.1896544345420734,0.062507716973550537,0.19218190906773952,0.052034034048830481,2.2822013622156679e-05
0.027937500000000001,0.18623476781129669,0.06435209817477501,0.18913146713394299,0.052873274614414094,2.324101676359987e-05
0.035937499999999997,0.18311254964787177,0.06561555307282442,0.18612944388865155,0.053726051027060046,2.2755634218221341e-05
0.043937499999999997,0.18023233120446874,0.066191500783611273,0.18317507079751921,0.054592581602187287,2.1316434931200427e-05
0.051937499999999998,0.17760115419958095,0.066283365643409128,0.18026759152489968,0.055473088176355524,2.0703153633343113e-05
0.059937499999999998,0.17524971847472393,0.065822791159531463,0.17740626174022037,0.056367796164056516,1.7881966315791623e-05
0.067937499999999998,0.17303340889876243,0.064844747125997956,0.17459034892742953,0.057276934615421465,1.665098611531852e-05
0.075937500000000005,0.17116540172934908,0.063571936161263304,0.17181913219746836,0.058200736274859069,1.5033430419270934e-05
0.083937499999999998,0.16933881263037914,0.061975626839985226,0.16909190210371927,0.05913943764063935,1.4906973678211987e-05
0.091937500000000005,0.16758223775075162,0.060263490631291487,0.16640796046038386,0.060093279025438588,1.3359252032095482e-05
0.099937499999999999,0.16589241566532478,0.058628129327615443,0.16376662016374344,0.061062504617860572,1.2916185304773966e-05
0.10793750000000001,0.16406942796377016,0.05713891493959411,0.16116720501625664,0.062047362544950246,1.5799067230504864e-05
0.1159375,0.16226083786496098,0.056092703037978524,0.15860904955344934,0.063048104935715665,1.6034654667197747e-05
0.12393750000000001,0.16024248131548879,0.055584068722477592,0.15609149887355203,0.064064987985674268,1.6369631287207529e-05
0.13193750000000001,0.15805365614306371,0.055790418742463148,0.15361390846984133,0.065098272022440465,1.6296759133771714e-05
0.13993749999999999,0.15566368674966521,0.056688038453124305,0.15117564406564279,0.066148221572370783,1.918342803680801e-05
0.1479375,0.15300452794716557,0.058343376717628556,0.14877608145195273,0.067215105428284211,1.8499259961726032e-05
0.15593750000000001,0.15021447414114025,0.060595984236099069,0.14641460632763703,0.068299196718274502,2.0501358845221474e-05
0.16393750000000001,0.1471397829823923,0.063358207584811643,0.14409061414216703,0.069400772975632546,2.1876382732304334e-05
0.17193749999999999,0.14396263435766962,0.066465511963826995,0.141803509940851,0.07052011620989633,2.1676287860883338e-05
0.1799375,0.1406610297955104,0.069767334357599353,0.13955270821252266,0.071657512979046989,2.2255885409167092e-05
0.18793750000000001,0.13731155937236628,0.0730974535295522,0.13733763273964714,0.072813254462869195,2.3866601556974299e-05
0.19593749999999999,0.13396761808096011,0.076348005860042409,0.1351577164508059,0.073987636537494739,2.2534548632481989e-05
0.20393749999999999,0.13073769832639914,0.079390258611774206,0.13301240127552375,0.075180959851148477,2.0984403476455135e-05
0.2119375,0.12761128254093554,0.082187390131759977,0.13090113800139935,0.076393529901115906,2.2567808098180717e-05
0.21993750000000001,0.12473548129897373,0.084622496884141085,0.12882338613350419,0.077625657111952101,1.9844508120215224e-05
0.22793749999999999,0.12218145857455619,0.086606668520470637,0.12677861375601265,0.07887765691495216,2.0584951810233678e-05
0.23593749999999999,0.1199352405366738,0.088197059077743195,0.12476629739602885,0.080149849828903302,1.8872415704660702e-05
0.2439375,0.11808627745722784,0.089337000777440029,0.12278592188957456,0.081442561542139427,1.6664102394838788e-05
0.25193749999999998,0.11655904272541118,0.090048202655607382,0.12083698024970457,0.082756122995919112,1.2527234279392649e-05
0.25993749999999999,0.1154410965291596,0.090429634062058326,0.1189189735367152,0.084090870469148371,1.2891114766547601e-05
0.2679375,0.114550539816418,0.090435453251201087,0.11703141073041289,0.08544714566446994,1.0432245534329758e-05
0.2759375,0.11395497471669441,0.090246825505583855,0.11517380860441058,0.086825295795740942,9.4395550097264459e-06
0.28393750000000001,0.11346183284555873,0.089870634425104373,0.11334569160241892,0.088225673676921579,9.5460721793227754e-06
0.29193750000000002,0.11308864812789128,0.089508750111737923,0.11154659171650137,0.089648637812397416,8.7517814156748437e-06
0.29993750000000002,0.11267277862859569,0.089199600732616749,0.10977604836726154,0.091094552488758515,9.7402834690265907e-06
0.30793749999999998,0.11217378873257119,0.08911275230826135,0.10803360828593248,0.092563787868058689,1.058175513023293e-05
0.31593749999999998,0.11146356478539862,0.089307318214969039,0.10631882539833717,0.094056720082579093,1.2872585159580355e-05
0.32393749999999999,0.11056940896179507,0.089917829507014102,0.10463126071069134,0.09557373133112014,1.3848139336256997e-05
0.3319375,0.1093219139179518,0.090973277762700561,0.10297048219721852,0.097115209976846417,1.6115694965641208e-05
0.3399375,0.10772247817442629,0.092466577517638177,0.1013360646895491,0.098681550646709804,1.8627009963294339e-05
0.34793750000000001,0.10580950999270287,0.094463342865950123,0.099727589767874963,0.10027315433247619,1.8850179732386754e-05
0.35593750000000002,0.10356191857743263,0.096779641733506963,0.098144645653831658,0.10189042849338151,1.9323346692961545e-05
0.36393750000000002,0.101015871189895,0.09947255192886291,0.09658682710508093,0.10353378716044347,2.1016980931943475e-05
0.37193749999999998,0.09816216142894725,0.10245059925023112,0.095053735311566481,0.10520365104245583,2.237407260896811e-05
0.37993749999999998,0.095111854037363802,0.10555465783348389,0.093544977793416348,0.10690044763369218,2.3589858956865054e-05
0.38793749999999999,0.091930631374370325,0.10874519522994365,0.092060168300465983,0.10862461132334672,2.2006230910229962e-05
0.3959375,0.088730969030098084,0.11190909489285494,0.090598926713376104,0.11037658350674029,2.1875156361505696e-05
0.4039375,0.085593902875870265,0.11500633234884515,0.089160878946319994,0.11215681269832006,2.1968734978769676e-05
0.41193750000000001,0.08273738026147151,0.11782712774594709,0.087745656851215589,0.11396575464648158,2.231426230935357e-05
0.41993750000000002,0.080109505875530423,0.12052983175300588,0.086352898123477462,0.11580387245024287,2.0331937044970611e-05
0.42793750000000003,0.077886237870449723,0.12294651818788385,0.084982246209264936,0.11767163667780037,1.9262470344603064e-05
0.43593749999999998,0.076218258802338193,0.12509736311498135,0.083633350214202318,0.1195695254869969,1.673611225992174e-05
0.44393749999999998,0.075077020197287556,0.12694113830504927,0.082305864813548041,0.12149802474773269,1.7176929434564074e-05
0.45193749999999999,0.074518154155334235,0.12852484917934709,0.080999450163789621,0.12345762816635081,1.4874054426523313e-05
0.4599375,0.074392693765042359,0.12976854660438814,0.079713771815641904,0.1254488374120285,1.3404177037009961e-05
0.46793750000000001,0.074737896819079316,0.13091815417804423,0.078448500628426177,0.12747216224520747,1.2203514424840267e-05
0.47593750000000001,0.075427858789692423,0.13190781144385785,0.077203312685808406,0.12952812064809507,1.0190999171639739e-05
0.48393750000000002,0.076228397474706,0.13276300336639255,0.075977889212874822,0.13161723895727093,9.4285034028937873e-06
0.49193750000000003,0.077129716053658426,0.13366517411455212,0.074771916494523846,0.13374005199843153,1.0139475947975963e-05
0.49993749999999998,0.077967574039149154,0.13470758800210111,0.073585085795153327,0.135897103223309,1.1885144783245826e-05
0.50793750000000004,0.07857407595785329,0.13584708732294284,0.072417093279622466,0.13808894484879736,1.2039168505610452e-05
0.51593750000000005,0.07887157145344656,0.13725486042005097,0.07126763993546846,0.14031613799832318,1.3521595706725362e-05
0.52393749999999994,0.078834859927700715,0.13891377765221347,0.070136431496357607,0.1425792528454963,1.6628955061317369e-05
0.53193749999999995,0.078291913897009208,0.1408985451310574,0.069023178366751495,0.14487886876007736,1.8259484569617087e-05
0.53993749999999996,0.077325924110719563,0.14321058741690051,0.067927595547769087,0.14721557445629954,1.788713760468638e-05
0.54793749999999997,0.075828459383076932,0.14583712543373553,0.066849402564225308,0.14958996814358272,1.9567412162437336e-05
0.55593749999999997,0.073846381304983652,0.14873829724112156,0.065788323392827947,0.15200265767967835,2.1487682865782718e-05
0.56393749999999998,0.07136383776792353,0.15191428625248965,0.064744086391514188,0.15445426072628421,2.2463445893841596e-05
0.57193749999999999,0.068533355395805171,0.15520505536236401,0.063716424229908711,0.15694540490716938,2.4331599817077146e-05
0.57993749999999999,0.065282374828390319,0.15873475673271048,0.062705073820885693,0.15947672796884926,2.4458218173953339e-05
0.5879375,0.06185517466650281,0.16223955694948161,0.061709776253217052,0.16204887794385223,2.3318975357979783e-05
0.59593750000000001,0.058279103288960632,0.1657954717946622,0.060730276725289772,0.16466251331661927,2.3755917673084043e-05
0.60393750000000002,0.054780495012304052,0.169283307848998,0.059766324479875281,0.16731830319207994,2.2508946745522442e-05
0.61193750000000002,0.051466340378336875,0.17274687461603766,0.05881767273993424,0.17001692746694658,2.4182887200324887e-05
0.61993750000000003,0.048545021019182323,0.17610514720602913,0.05788407864544029,0.1727590770037718,2.2670608826755576e-05
0.62793750000000004,0.046338374245862735,0.1792687587018697,0.056965303191206511,0.17554545380781295,2.2442943309298329e-05
0.63593750000000004,0.044882398064975876,0.18226100347408578,0.05606111116569884,0.17837677120674933,2.1764147059784625e-05
0.64393750000000005,0.044322392645885458,0.18510180634465204,0.055171271090820623,0.18125375403329794,2.2085385468910649e-05
0.65193749999999995,0.044702749718779876,0.18776436935567828,0.054295555162652935,0.18417713881077466,2.1832636694234377e-05
0.65993749999999995,0.045864670503934293,0.19032713000488036,0.053433739193135522,0.1871476739416483,1.8047672393980404e-05
0.66793749999999996,0.047589212873594168,0.19268698943424492,0.05258560255267352,0.19016611989913557,1.646893997317675e-05
0.67593749999999997,0.049757077855856466,0.19502781443967154,0.051750928113654948,0.19323324942188641,1.7183818920807436e-05
0.68393749999999998,0.052091201538532736,0.19735810400248069,0.050929502194864952,0.19634984771180949,1.5392098576455502e-05
0.69193749999999998,0.05430158370336282,0.19965677241423843,0.050121114506782208,0.19951671263508788,1.8034807614878057e-05
0.69993749999999999,0.056361126799644903,0.20208617607983986,0.049325558097743652,0.20273465492643747,1.8815415693145032e-05
0.7079375,0.05803137800767439,0.20467625299322673,0.04854262930096373,0.20600449839665913,2.0127922762375512e-05
0.7159375,0.059262546257801925,0.20746762776830216,0.04777212768239459,0.20932708014353923,2.2454386946284007e-05
0.72393750000000001,0.059951942619305212,0.21044486113018118,0.047013855989413884,0.21270325076615079,2.4333433489319279e-05
0.73193750000000002,0.060034605748276494,0.21370203818216213,0.046267620100326999,0.21613387458261171,2.4189667154060033e-05
0.73993750000000003,0.059420788106559277,0.2172024075028533,0.045533228974670853,0.21961982985135503,2.5218253815056871e-05
0.74793750000000003,0.058179081916885013,0.22097655293982202,0.044810494604306479,0.22316200899596761,2.7367532389091865e-05
0.75593750000000004,0.056324654426140437,0.22486547232610632,0.044099231965287949,0.22676131883365566,2.8091748053567548e-05
0.76393750000000005,0.053793499216612743,0.22899425377578023,0.043399258970495194,0.23041868080739489,2.9322437823814656e-05
0.77193750000000005,0.050709571040906815,0.23327349117374485,0.042710396423018729,0.23413503122182472,2.9957527274164832e-05
0.77993749999999995,0.047091555444085942,0.23763702816505347,0.042032467970284267,0.23791132148294769,2.7217398697441141e-05
0.78793749999999996,0.043018758932392098,0.24213839704077927,0.041365300058905465,0.24174851834169442,2.8842967833894986e-05
0.79593749999999996,0.038620983399817586,0.24666218574819793,0.04070872189025336,0.24564760414141718,3.1782009399957478e-05
0.80393749999999997,0.034087382470670016,0.25118813436694376,0.04006256537673096,0.24960957706937503,2.9963334341445172e-05
0.81193749999999998,0.029572498697501996,0.25574674063226777,0.039426665098741896,0.25363545141227534,3.018692729911978e-05
0.81993749999999999,0.025573856043943036,0.26021039526388973,0.0388008582623421,0.25772625781593678,2.9255810601117347e-05
0.82793749999999999,0.022385485675023787,0.26466524254834434,0.038184984657563703,0.2618830435491401,3.2345516677289551e-05
0.8359375,0.020798960264560434,0.26902276157984711,0.037578886617400338,0.26610687277173484,3.1168096673923882e-05
0.84393750000000001,0.021058084152372401,0.27328142980912035,0.036982408977443613,0.27039882680706984,2.9302675350773248e-05
0.85193750000000001,0.023116096084957401,0.27751622020206107,0.036395399036160098,0.2747600044188182,2.8794170607550432e-05
0.85993750000000002,0.026420047112586845,0.2816775520397436,0.03581770651579895,0.27919152209226655,2.9073725814365378e-05
0.86793750000000003,0.030293198248440265,0.28573878131015001,0.035249183523919946,0.28369451432014148,2.7341344941861808e-05
0.87593750000000004,0.034377246032863906,0.28981993099172021,0.034689684515532247,0.2882701338930459,2.7478971289722229e-05
0.88393750000000004,0.038344959010981429,0.2939209250836588,0.034139066255834065,0.29291955219457971,2.8403371216171804e-05
0.89193750000000005,0.041944866055059503,0.29803752281070017,0.033597187783543793,0.29764395950122025,2.7561236676604089e-05
0.89993749999999995,0.045129692804341606,0.30234464978065556,0.033063910374813127,0.30244456528703978,2.8862305124366189e-05
0.90793749999999995,0.04772427583005151,0.30672160672832066,0.032539097507712979,0.3073225985333376,3.1222013213757406e-05
0.91593749999999996,0.04967788730812063,0.31139493216198932,0.032022614827283184,0.31227930804326531,3.0572708596280717e-05
0.92393749999999997,0.050940672480806914,0.31607812967600796,0.031514330111136836,0.31731596276152813,3.3051744284642767e-05
0.93193749999999997,0.051491108164771628,0.32117082117855261,0.031014113235610669,0.32243385209924091,3.4997081358252435e-05
0.93993749999999998,0.051222040841345233,0.32636913148035984,0.030521836142452675,0.32763428626402491,3.5018716692081356e-05
0.94793749999999999,0.050247753454823317,0.33179353868168715,0.030037372806038489,0.33291859659542777,3.8324766992042199e-05
0.9559375,0.048505957467815657,0.33744019512684476,0.029560599201108158,0.33828813590575407,3.9371131099493836e-05
0.9639375,0.046056320596785695,0.34319779966025338,0.029091393271014971,0.34374427882639219,3.6674104318121512e-05
0.97193750000000001,0.042848858675949286,0.34915394402819622,0.02862963489647832,0.34928842215972805,4.0719327152857628e-05
0.97993750000000002,0.039045730607421905,0.35516525874159061,0.028175205864832478,0.35492198523673352,4.0309323120036475e-05
0.98793750000000002,0.034562523750727776,0.36134741086430822,0.027727989839763541,0.36064641028032346,3.9804175593801713e-05
0.99593750000000003,0.029656186009519667,0.36747686199989532,0.027287872331526665,0.36646316277457219,4.1201331265225721e-05
