kind,bin,frequency_Hz,raw_peak_amplitude_FS,linear_peak_amplitude_FS,quadratic_peak_amplitude_FS2
two-tone,0,0.0,5.066394805908203e-07,5.06639480590836e-07,0.0009952187201633933
two-tone,1,11.71875,2.9616630443124684e-07,2.956592066386546e-07,6.222406120780334e-09
two-tone,2,23.4375,4.428255389210518e-07,4.398158607468789e-07,0.0009952169826424214
two-tone,3,35.15625,2.5888097030683445e-08,2.549717463014677e-08,2.4508678327556636e-09
two-tone,4,46.875,2.4466503171082683e-07,2.3820986549924103e-07,8.63019123457747e-09
two-tone,5,58.59375,2.7251593754708634e-07,2.6152357856161216e-07,3.6187945556585075e-09
two-tone,6,70.3125,1.80494574303548e-07,1.7027818887704312e-07,1.0149252672390031e-08
two-tone,7,82.03125,3.5259456821979707e-07,3.26220902050729e-07,4.006873266431483e-09
two-tone,8,93.75,1.237973681982522e-07,1.1209343328330457e-07,2.7523405305579253e-08
two-tone,9,105.46875,3.3082507851982686e-07,2.926290670767937e-07,8.826762102956466e-09
two-tone,10,117.1875,4.516688107522737e-08,3.8969956098973765e-08,1.7385289640432465e-08
two-tone,11,128.90625,1.5899487337077527e-07,1.3364120274270622e-07,8.345303575351024e-09
two-tone,12,140.625,3.962749701689515e-08,3.241644803366017e-08,2.510670403811549e-10
two-tone,13,152.34375,3.529927256909671e-08,2.808067889600643e-08,1.5284208298474336e-08
two-tone,14,164.0625,1.5536665566444736e-07,1.20121623060701e-07,3.885258575519042e-09
two-tone,15,175.78125,5.307551168018523e-07,3.986612131261096e-07,1.934623529183026e-08
two-tone,16,187.5,1.2353676733466532e-07,9.012466784986883e-08,1.0609503916277534e-08
two-tone,17,199.21875,4.5220985891596784e-07,3.203857989895973e-07,7.716351410852842e-09
two-tone,18,210.9375,1.4428398250026654e-07,9.927355295061049e-08,1.6347003560416498e-08
two-tone,19,222.65625,3.603743815808497e-08,2.4081777767037318e-08,3.0442085614323116e-09
two-tone,20,234.375,1.1447168854501694e-07,7.430577898375071e-08,1.4457337135802028e-08
two-tone,21,246.09375,7.092160974975883e-08,4.4729221575431016e-08,7.205103645733314e-09
two-tone,22,257.8125,5.6316586008674115e-08,3.451900152160914e-08,3.0862257870221005e-08
two-tone,23,269.53125,7.458490490133533e-08,4.4444798166351785e-08,1.2048332997041231e-08
two-tone,24,281.25,6.574267923929926e-08,3.8099446398215486e-08,2.4351250970160487e-08
two-tone,25,292.96875,3.411752231162463e-07,1.9235974535407455e-07,1.8452748889705245e-08
two-tone,26,304.6875,2.7706609099228853e-08,1.520400399863702e-08,3.6405073724068255e-08
two-tone,27,316.40625,8.966513467237392e-08,4.790871434041064e-08,2.1585512676113496e-08
two-tone,28,328.125,1.7119728198446058e-09,8.910182154846925e-10,7.914772588858941e-09
two-tone,29,339.84375,4.2650828868307485e-07,2.1632213891571138e-07,3.234207669863589e-08
two-tone,30,351.5625,2.3822173356836558e-07,1.1779443731463155e-07,1.0241985698900858e-08
two-tone,31,363.28125,0.031547324240374784,0.015214653101479032,6.16580370973373e-08
two-tone,32,375.0,5.427364693682486e-08,2.5540539734969726e-08,4.014171049638325e-09
two-tone,33,386.71875,0.03154684800661959,0.014491804961403587,6.007505935678603e-08
two-tone,34,398.4375,4.0979500209975537e-08,1.8384017172602895e-08,1.0458856790485186e-08
two-tone,35,410.15625,4.79216622382177e-07,2.1003523149134026e-07,3.061239289903792e-08
two-tone,36,421.875,1.1784039753099614e-07,5.047976787215857e-08,3.268831686365768e-08
two-tone,37,433.59375,3.106497635659525e-07,1.3011585746221766e-07,1.2885281704040317e-08
two-tone,38,445.3125,2.2863950253153666e-08,9.367340444888742e-09,3.3526804118801887e-08
two-tone,39,457.03125,2.403861387710658e-07,9.637103963321268e-08,7.085358909695022e-10
two-tone,40,468.75,6.611167652837457e-08,2.5944779403109118e-08,1.2529699409325451e-08
two-tone,41,480.46875,8.463525338265753e-07,3.2524954544641487e-07,6.376377877785163e-09
two-tone,42,492.1875,9.162484660910821e-08,3.449271721643521e-08,1.370887237727943e-08
two-tone,43,503.90625,1.4981710882684587e-07,5.5268251257590256e-08,1.6592685872000372e-08
two-tone,44,515.625,2.1189766464652197e-09,7.6628148909457e-10,4.663215712186244e-09
two-tone,45,527.34375,1.7666676368150102e-07,6.264823850101597e-08,2.4285222033386217e-08
two-tone,46,539.0625,2.236102131599767e-07,7.778177324654322e-08,1.9151286500447426e-08
two-tone,47,550.78125,1.1641296761954548e-07,3.973347190256641e-08,1.999659676795396e-08
two-tone,48,562.5,1.218150050664273e-07,4.080920436269362e-08,1.6351221358254232e-08
two-tone,49,574.21875,1.413441903090667e-07,4.6490827144159797e-08,1.4627096244787545e-08
two-tone,50,585.9375,1.561215595748026e-07,5.043250925340929e-08,3.4485879824152026e-08
two-tone,51,597.65625,1.8943782185095388e-07,6.011680592422093e-08,1.137364713491471e-08
two-tone,52,609.375,1.3536615138526837e-07,4.22124655240449e-08,1.5525643936563167e-08
two-tone,53,621.09375,4.631716590506773e-07,1.4196812516247838e-07,1.638707591536574e-09
two-tone,54,632.8125,8.748134838942006e-08,2.6363091587517056e-08,2.5284658320949414e-08
two-tone,55,644.53125,9.515661410751876e-07,2.820088079823412e-07,2.931460518867449e-09
two-tone,56,656.25,1.254652067589159e-07,3.6576132565564645e-08,2.0976516404290865e-08
two-tone,57,667.96875,1.579771296688889e-07,4.5313192844840745e-08,3.835635297204323e-09
two-tone,58,679.6875,1.5516510678684693e-07,4.3800893907653254e-08,1.1414610368274245e-08
two-tone,59,691.40625,3.7079819242482246e-07,1.0303502143373297e-07,6.742241296634603e-09
two-tone,60,703.125,1.0390149479265063e-07,2.842658943037908e-08,2.549227050550268e-08
two-tone,61,714.84375,4.1836985353266355e-07,1.1272336736078804e-07,1.4855611331855304e-08
two-tone,62,726.5625,2.338003195122728e-07,6.205000386167071e-08,0.0004976330142052361
two-tone,63,738.28125,2.2856923431298483e-07,5.976512898013721e-08,4.831985207765819e-09
two-tone,64,750.0,2.6456297415912527e-07,6.816799716198493e-08,0.0009952031140954493
two-tone,65,761.71875,3.557091644368523e-07,9.033452355845335e-08,3.574056180192856e-09
two-tone,66,773.4375,1.836237190795593e-07,4.597042099722901e-08,0.0004975666086613076
two-tone,67,785.15625,3.652225152091557e-07,9.01529589004145e-08,1.0113918340348169e-09
two-tone,68,796.875,9.925371767079218e-08,2.4161380815271504e-08,4.529781801963747e-08
two-tone,69,808.59375,3.7268212280874313e-07,8.948370207100103e-08,3.334414791062719e-09
two-tone,70,820.3125,1.1596625751833285e-07,2.7469040703781033e-08,9.596605644446783e-09
two-tone,71,832.03125,6.498680450138026e-08,1.5188601146712624e-08,2.7073814736305697e-09
two-tone,72,843.75,1.6586334768423316e-07,3.825571459376465e-08,6.414428214902096e-09
two-tone,73,855.46875,3.104951495608724e-07,7.068461447517486e-08,9.574270106706948e-10
two-tone,74,867.1875,2.0522249569060098e-07,4.61199138361929e-08,1.9882768265262495e-10
two-tone,75,878.90625,2.552434073158129e-07,5.663425685873801e-08,1.066381612225566e-09
two-tone,76,890.625,3.2628238064977526e-07,7.149005445950096e-08,1.8030129093097412e-08
two-tone,77,902.34375,5.97404661184649e-07,1.2927443731998874e-07,2.2705954684430507e-09
two-tone,78,914.0625,2.48530775375033e-07,5.312262804249734e-08,3.0550442602979734e-09
two-tone,79,925.78125,6.38187437727305e-07,1.3476119605809203e-07,8.442913590830995e-09
two-tone,80,937.5,1.0642829021744901e-07,2.2205035824124773e-08,8.531770643389914e-09
two-tone,81,949.21875,1.9842600772106338e-07,4.091005205036146e-08,2.184608455840338e-10
two-tone,82,960.9375,8.94091868397281e-08,1.821833239880531e-08,2.891771804273192e-08
two-tone,83,972.65625,4.785261537996396e-07,9.637934357580643e-08,6.174104402426207e-09
two-tone,84,984.375,1.2364001379721715e-08,2.4617543748970986e-09,4.505020030974038e-08
two-tone,85,996.09375,2.1444097394730917e-08,4.221387880506451e-09,7.163934275280903e-09
am,0,0.0,2.5331974029541016e-07,2.533197402953773e-07,0.0007464334516953386
am,1,11.71875,0.0,0.0,0.0
am,2,23.4375,3.9756957796523765e-07,3.9486748340114894e-07,0.0009952506966223091
am,3,35.15625,0.0,0.0,0.0
am,4,46.875,1.1450163917270102e-07,1.1148066348524086e-07,0.0002488132799039325
am,5,58.59375,0.0,0.0,0.0
am,6,70.3125,1.1767323055029311e-07,1.1101266979756942e-07,1.6078463736414877e-08
am,7,82.03125,0.0,0.0,0.0
am,8,93.75,4.860146609461444e-07,4.400663177607124e-07,9.733882291167389e-09
am,9,105.46875,0.0,0.0,0.0
am,10,117.1875,2.713168907313676e-07,2.3409203976471883e-07,1.4444114050261891e-08
am,11,128.90625,0.0,0.0,0.0
am,12,140.625,4.2531899183914394e-07,3.479233369398415e-07,6.961589192932478e-09
am,13,152.34375,0.0,0.0,0.0
am,14,164.0625,2.008105316587559e-07,1.5525652455701301e-07,1.4378796597139393e-08
am,15,175.78125,0.0,0.0,0.0
am,16,187.5,2.0503271972030887e-07,1.4957899710202637e-07,5.900445549999181e-09
am,17,199.21875,0.0,0.0,0.0
am,18,210.9375,3.939262594864749e-07,2.7103812011633233e-07,9.68742341285781e-09
am,19,222.65625,0.0,0.0,0.0
am,20,234.375,8.491026465649685e-08,5.5116889068521145e-08,1.2661669084967805e-08
am,21,246.09375,0.0,0.0,0.0
am,22,257.8125,1.0823892156078526e-07,6.634456672260842e-08,1.1093420339180684e-08
am,23,269.53125,0.0,0.0,0.0
am,24,281.25,5.365528236203599e-07,3.1094512392657914e-07,1.0347316288825604e-08
am,25,292.96875,0.0,0.0,0.0
am,26,304.6875,2.918728009997311e-07,1.601652233082565e-07,1.4194781821438216e-08
am,27,316.40625,0.0,0.0,0.0
am,28,328.125,1.5130145095806105e-07,7.874678106396005e-08,2.1668178864795105e-08
am,29,339.84375,0.0,0.0,0.0
am,30,351.5625,0.01577342926746081,0.00779954959294034,3.547271334574868e-08
am,31,363.28125,0.0,0.0,0.0
am,32,375.0,0.031547343809854266,0.014845808851696127,4.105055431640709e-08
am,33,386.71875,0.0,0.0,0.0
am,34,398.4375,0.015774371106213315,0.007076618987972346,2.9664126951874732e-08
am,35,410.15625,0.0,0.0,0.0
am,36,421.875,6.338433329797768e-08,2.7152203307554042e-08,1.7547313191527416e-08
am,37,433.59375,0.0,0.0,0.0
am,38,445.3125,2.1545605962385016e-07,8.827215940674692e-08,9.95228956387797e-09
am,39,457.03125,0.0,0.0,0.0
am,40,468.75,3.4251723421202336e-07,1.3441701300033122e-07,1.783579795817379e-08
am,41,480.46875,0.0,0.0,0.0
am,42,492.1875,4.845483616476374e-07,1.824111060977685e-07,1.740073040480047e-08
am,43,503.90625,0.0,0.0,0.0
am,44,515.625,1.0018694295890503e-07,3.6230413378842345e-08,1.481441576357813e-08
am,45,527.34375,0.0,0.0,0.0
am,46,539.0625,1.426038337963474e-07,4.9604080724726926e-08,1.0389567147136464e-08
am,47,550.78125,0.0,0.0,0.0
am,48,562.5,9.661915757718195e-08,3.236835186902064e-08,3.4007299125059254e-08
am,49,574.21875,0.0,0.0,0.0
am,50,585.9375,1.4279508700320335e-07,4.6127610858006645e-08,3.8017490615314994e-08
am,51,597.65625,0.0,0.0,0.0
am,52,609.375,1.0134564380418736e-07,3.1603539373199624e-08,2.0571130062922446e-08
am,53,621.09375,0.0,0.0,0.0
am,54,632.8125,2.423665281486805e-07,7.303878023092636e-08,1.3541847523197237e-08
am,55,644.53125,0.0,0.0,0.0
am,56,656.25,1.420296556934811e-07,4.140506877627193e-08,7.184863247535033e-09
am,57,667.96875,0.0,0.0,0.0
am,58,679.6875,2.532136985995665e-07,7.147861125481272e-08,1.2398774423216956e-08
am,59,691.40625,0.0,0.0,0.0
am,60,703.125,5.094601955628797e-07,1.3938409489956373e-07,0.00012439006672675546
am,61,714.84375,0.0,0.0,0.0
am,62,726.5625,4.2346483600271694e-07,1.1238647904359977e-07,0.0004975994352782974
am,63,738.28125,0.0,0.0,0.0
am,64,750.0,6.387298342656661e-07,1.6457682208874155e-07,0.0007464400361910882
am,65,761.71875,0.0,0.0,0.0
am,66,773.4375,3.9718041893219877e-07,9.943460007057302e-08,0.0004976625999828697
am,67,785.15625,0.0,0.0,0.0
am,68,796.875,4.805685004773266e-07,1.1698502404068002e-07,0.00012443446959206452
am,69,808.59375,0.0,0.0,0.0
am,70,820.3125,3.1985293122991586e-07,7.576387627925049e-08,8.443289120533105e-09
am,71,832.03125,0.0,0.0,0.0
am,72,843.75,2.2332140741312723e-07,5.150818516535792e-08,2.5711014445138292e-08
am,73,855.46875,0.0,0.0,0.0
am,74,867.1875,3.2906698611876397e-07,7.395164450697628e-08,2.7463774974753304e-08
am,75,878.90625,0.0,0.0,0.0
am,76,890.625,3.2788364686795094e-07,7.184089966580683e-08,8.390967096385073e-09
am,77,902.34375,0.0,0.0,0.0
am,78,914.0625,3.0800202183427566e-07,6.583440951138266e-08,7.824567010811209e-09
am,79,925.78125,0.0,0.0,0.0
am,80,937.5,1.2639824468688912e-06,2.637153660593105e-07,1.1563629710884821e-08
am,81,949.21875,0.0,0.0,0.0
am,82,960.9375,1.1983544094524623e-07,2.441809363737466e-08,9.728605314253214e-09
am,83,972.65625,0.0,0.0,0.0
am,84,984.375,2.7837713117107355e-07,5.5426726307587424e-08,5.695416740925114e-09
am,85,996.09375,0.0,0.0,0.0
baseband,0,0.0,4.6193599700927734e-07,4.6193599700926284e-07,0.001990447251500882
baseband,1,11.71875,0.0,0.0,0.0
baseband,2,23.4375,0.06309432898660434,0.06266550632807245,8.398048046558455e-08
baseband,3,35.15625,0.0,0.0,0.0
baseband,4,46.875,4.0715080095338024e-07,3.9640866066895957e-07,0.0019904341415769525
baseband,5,58.59375,0.0,0.0,0.0
baseband,6,70.3125,2.0645543019934868e-07,1.9476960387373117e-07,2.4198534595009786e-08
baseband,7,82.03125,0.0,0.0,0.0
baseband,8,93.75,2.3622353256201203e-08,2.1389070844125093e-08,8.518220711095016e-09
baseband,9,105.46875,0.0,0.0,0.0
baseband,10,117.1875,7.139020714805383e-08,6.159542505871595e-08,2.8962394034711465e-09
baseband,11,128.90625,0.0,0.0,0.0
baseband,12,140.625,6.952784036282895e-08,5.687580073646975e-08,3.7701632380235794e-10
baseband,13,152.34375,0.0,0.0,0.0
baseband,14,164.0625,6.54884997195251e-08,5.0632388554283886e-08,1.2539341774191024e-08
baseband,15,175.78125,0.0,0.0,0.0
baseband,16,187.5,1.292117809447323e-07,9.426480141231839e-08,4.2836854141315954e-08
baseband,17,199.21875,0.0,0.0,0.0
baseband,18,210.9375,6.133577956595084e-07,4.22016405076777e-07,1.4008238105898887e-08
baseband,19,222.65625,0.0,0.0,0.0
baseband,20,234.375,9.280889280869237e-08,6.024404081413816e-08,5.009707045417145e-08
baseband,21,246.09375,0.0,0.0,0.0
baseband,22,257.8125,1.8077244611026874e-07,1.1080366877029601e-07,5.355594126156752e-09
baseband,23,269.53125,0.0,0.0,0.0
baseband,24,281.25,7.92772133892198e-09,4.59430308747938e-09,3.0754953522859384e-08
baseband,25,292.96875,0.0,0.0,0.0
baseband,26,304.6875,3.066807855538148e-07,1.6829110603843989e-07,8.138091423108018e-09
baseband,27,316.40625,0.0,0.0,0.0
baseband,28,328.125,1.3690442858898318e-07,7.125366608541408e-08,1.1200223159141759e-08
baseband,29,339.84375,0.0,0.0,0.0
baseband,30,351.5625,1.2912529988248394e-07,6.384909476938091e-08,8.377170399560462e-09
baseband,31,363.28125,0.0,0.0,0.0
baseband,32,375.0,4.139110872260259e-09,1.947816881071834e-09,1.491443104369447e-08
baseband,33,386.71875,0.0,0.0,0.0
baseband,34,398.4375,3.655704569842187e-07,1.6400037883690268e-07,6.109620314593972e-09
baseband,35,410.15625,0.0,0.0,0.0
baseband,36,421.875,9.269692294693856e-08,3.970895593424318e-08,1.1719047486301736e-08
baseband,37,433.59375,0.0,0.0,0.0
baseband,38,445.3125,5.513837739112973e-07,2.2590145048448913e-07,1.2093579843717694e-08
baseband,39,457.03125,0.0,0.0,0.0
baseband,40,468.75,2.843690597860164e-07,1.1159741989081902e-07,3.6918664070001966e-08
baseband,41,480.46875,0.0,0.0,0.0
baseband,42,492.1875,3.368305125033631e-08,1.2680184521079996e-08,3.360884913610169e-08
baseband,43,503.90625,0.0,0.0,0.0
baseband,44,515.625,2.4830029240589244e-07,8.979236186145726e-08,2.67227914660684e-09
baseband,45,527.34375,0.0,0.0,0.0
baseband,46,539.0625,8.653018061884231e-09,3.0099121109189907e-09,2.1541123907076486e-08
baseband,47,550.78125,0.0,0.0,0.0
baseband,48,562.5,9.31046659687216e-08,3.119096320343209e-08,5.8757035904539367e-08
baseband,49,574.21875,0.0,0.0,0.0
baseband,50,585.9375,9.400130503018333e-07,3.036557986410934e-07,5.180485463699334e-09
baseband,51,597.65625,0.0,0.0,0.0
baseband,52,609.375,1.0996933419642791e-08,3.429274365018597e-09,6.70502445861231e-08
baseband,53,621.09375,0.0,0.0,0.0
baseband,54,632.8125,1.227531298811963e-07,3.6992479714498954e-08,3.872754462568888e-09
baseband,55,644.53125,0.0,0.0,0.0
baseband,56,656.25,5.0379178863772794e-08,1.4686745212247391e-08,1.9305186735731918e-08
baseband,57,667.96875,0.0,0.0,0.0
baseband,58,679.6875,4.288310045211216e-07,1.2105286892354855e-07,3.668760002206169e-09
baseband,59,691.40625,0.0,0.0,0.0
baseband,60,703.125,1.0852806534200446e-07,2.969238085846096e-08,3.8240573480112195e-08
baseband,61,714.84375,0.0,0.0,0.0
baseband,62,726.5625,1.7708209016539595e-07,4.699713157524153e-08,1.8062797211981568e-08
baseband,63,738.28125,0.0,0.0,0.0
baseband,64,750.0,1.777511725542524e-07,4.579983826057571e-08,5.911783325965475e-10
baseband,65,761.71875,0.0,0.0,0.0
baseband,66,773.4375,1.8651403686286727e-07,4.669401556412819e-08,3.753896137538396e-08
baseband,67,785.15625,0.0,0.0,0.0
baseband,68,796.875,4.172077910863423e-07,1.0156109570600791e-07,1.6146588376584122e-08
baseband,69,808.59375,0.0,0.0,0.0
baseband,70,820.3125,4.4243706181271045e-07,1.0480049904057219e-07,4.6018677730833635e-08
baseband,71,832.03125,0.0,0.0,0.0
baseband,72,843.75,3.1214741416969415e-07,7.199554666167603e-08,3.0283725261520334e-08
baseband,73,855.46875,0.0,0.0,0.0
baseband,74,867.1875,9.224164208399445e-07,2.0729582157688793e-07,1.7624920000358075e-08
baseband,75,878.90625,0.0,0.0,0.0
baseband,76,890.625,3.281224279246087e-08,7.1893217755201265e-09,1.1203775985456314e-07
baseband,77,902.34375,0.0,0.0,0.0
baseband,78,914.0625,8.531430733682059e-07,1.823564992510265e-07,3.587695371944374e-09
baseband,79,925.78125,0.0,0.0,0.0
baseband,80,937.5,2.4052793890739954e-08,5.018338159272085e-09,6.382732139967655e-08
baseband,81,949.21875,0.0,0.0,0.0
baseband,82,960.9375,1.5848790030881425e-07,3.229405557801517e-08,3.466890698603306e-09
baseband,83,972.65625,0.0,0.0,0.0
baseband,84,984.375,3.0893235572687065e-08,6.151047342358299e-09,7.257115245597915e-10
baseband,85,996.09375,0.0,0.0,0.0
carrier,0,0.0,7.152557373046875e-07,7.152557373047644e-07,0.0019905319713870995
carrier,1,11.71875,0.0,0.0,0.0
carrier,2,23.4375,0.0,0.0,0.0
carrier,3,35.15625,0.0,0.0,0.0
carrier,4,46.875,0.0,0.0,0.0
carrier,5,58.59375,0.0,0.0,0.0
carrier,6,70.3125,0.0,0.0,0.0
carrier,7,82.03125,0.0,0.0,0.0
carrier,8,93.75,0.0,0.0,0.0
carrier,9,105.46875,0.0,0.0,0.0
carrier,10,117.1875,0.0,0.0,0.0
carrier,11,128.90625,0.0,0.0,0.0
carrier,12,140.625,0.0,0.0,0.0
carrier,13,152.34375,0.0,0.0,0.0
carrier,14,164.0625,0.0,0.0,0.0
carrier,15,175.78125,0.0,0.0,0.0
carrier,16,187.5,0.0,0.0,0.0
carrier,17,199.21875,0.0,0.0,0.0
carrier,18,210.9375,0.0,0.0,0.0
carrier,19,222.65625,0.0,0.0,0.0
carrier,20,234.375,0.0,0.0,0.0
carrier,21,246.09375,0.0,0.0,0.0
carrier,22,257.8125,0.0,0.0,0.0
carrier,23,269.53125,0.0,0.0,0.0
carrier,24,281.25,0.0,0.0,0.0
carrier,25,292.96875,0.0,0.0,0.0
carrier,26,304.6875,0.0,0.0,0.0
carrier,27,316.40625,0.0,0.0,0.0
carrier,28,328.125,0.0,0.0,0.0
carrier,29,339.84375,0.0,0.0,0.0
carrier,30,351.5625,0.0,0.0,0.0
carrier,31,363.28125,0.0,0.0,0.0
carrier,32,375.0,0.06309567142562661,0.029692080670883116,1.7340921786856244e-07
carrier,33,386.71875,0.0,0.0,0.0
carrier,34,398.4375,0.0,0.0,0.0
carrier,35,410.15625,0.0,0.0,0.0
carrier,36,421.875,0.0,0.0,0.0
carrier,37,433.59375,0.0,0.0,0.0
carrier,38,445.3125,0.0,0.0,0.0
carrier,39,457.03125,0.0,0.0,0.0
carrier,40,468.75,0.0,0.0,0.0
carrier,41,480.46875,0.0,0.0,0.0
carrier,42,492.1875,0.0,0.0,0.0
carrier,43,503.90625,0.0,0.0,0.0
carrier,44,515.625,0.0,0.0,0.0
carrier,45,527.34375,0.0,0.0,0.0
carrier,46,539.0625,0.0,0.0,0.0
carrier,47,550.78125,0.0,0.0,0.0
carrier,48,562.5,0.0,0.0,0.0
carrier,49,574.21875,0.0,0.0,0.0
carrier,50,585.9375,0.0,0.0,0.0
carrier,51,597.65625,0.0,0.0,0.0
carrier,52,609.375,0.0,0.0,0.0
carrier,53,621.09375,0.0,0.0,0.0
carrier,54,632.8125,0.0,0.0,0.0
carrier,55,644.53125,0.0,0.0,0.0
carrier,56,656.25,0.0,0.0,0.0
carrier,57,667.96875,0.0,0.0,0.0
carrier,58,679.6875,0.0,0.0,0.0
carrier,59,691.40625,0.0,0.0,0.0
carrier,60,703.125,0.0,0.0,0.0
carrier,61,714.84375,0.0,0.0,0.0
carrier,62,726.5625,0.0,0.0,0.0
carrier,63,738.28125,0.0,0.0,0.0
carrier,64,750.0,1.317902817104678e-06,3.3957433303620225e-07,0.0019904628964854776
carrier,65,761.71875,0.0,0.0,0.0
carrier,66,773.4375,0.0,0.0,0.0
carrier,67,785.15625,0.0,0.0,0.0
carrier,68,796.875,0.0,0.0,0.0
carrier,69,808.59375,0.0,0.0,0.0
carrier,70,820.3125,0.0,0.0,0.0
carrier,71,832.03125,0.0,0.0,0.0
carrier,72,843.75,0.0,0.0,0.0
carrier,73,855.46875,0.0,0.0,0.0
carrier,74,867.1875,0.0,0.0,0.0
carrier,75,878.90625,0.0,0.0,0.0
carrier,76,890.625,0.0,0.0,0.0
carrier,77,902.34375,0.0,0.0,0.0
carrier,78,914.0625,0.0,0.0,0.0
carrier,79,925.78125,0.0,0.0,0.0
carrier,80,937.5,0.0,0.0,0.0
carrier,81,949.21875,0.0,0.0,0.0
carrier,82,960.9375,0.0,0.0,0.0
carrier,83,972.65625,0.0,0.0,0.0
carrier,84,984.375,0.0,0.0,0.0
carrier,85,996.09375,0.0,0.0,0.0
