score,fixed_count,maximum_count,fixed_mass_exact,maximum_mass_exact,fixed_tail_exact,maximum_tail_exact,holdout_count,holdout_mass_exact
0,1,0,1/2520,0,1,1,2520,1/2520
1,0,0,0,0,2519/2520,1,0,0
2,16,0,2/315,0,2519/2520,1,40320,2/315
3,0,0,0,0,2503/2520,1,0,0
4,172,0,43/630,0,2503/2520,1,433440,43/630
5,0,0,0,0,37/40,1,0,0
6,592,0,74/315,0,37/40,1,1491840,74/315
7,0,0,0,0,1739/2520,1,0,0
8,958,356,479/1260,89/630,1739/2520,1,2414160,479/1260
9,0,0,0,0,781/2520,541/630,0,0
10,592,1472,74/315,184/315,781/2520,541/630,1491840,74/315
11,0,0,0,0,3/40,173/630,0,0
12,172,624,43/630,26/105,3/40,173/630,433440,43/630
13,0,0,0,0,17/2520,17/630,0,0
14,16,64,2/315,8/315,17/2520,17/630,40320,2/315
15,0,0,0,0,1/2520,1/630,0,0
16,1,4,1/2520,1/630,1/2520,1/630,2520,1/2520
