trial_index,order,condition_B,physical_delta_per_s,recorded_true_alpha_per_s,fitted_alpha_per_s,fitted_frequency_Hz,normalized_residual
0,0,0,2,4,4.0000044612976531,500.00000189962793,0.00015545423177305202
1,1,0,2,3.9199999999999999,3.9199878393316676,500.00000375471751,0.00020684238981651275
2,2,0,2,3.8399999999999999,3.8399974742516476,500.00000020225082,0.00013983408785805758
3,3,0,2,3.7599999999999998,3.7599455087745244,499.99999533777446,0.00021078156730976457
4,4,0,2,3.6800000000000002,3.6799774777232717,499.99999868170585,0.00014604543968617677
5,5,0,2,3.6000000000000001,3.6000084861461641,500.00000123448945,0.00024638137871060216
6,6,0,2,3.52,3.5200272699935433,499.99999943369448,0.00014290974572909237
7,7,0,2,3.4399999999999999,3.4399815007980701,499.99999910535377,0.00014147562908242264
8,8,1,2,5.3600000000000003,5.3599996696887207,499.99999692347484,0.00022241225807134631
9,9,1,2,5.2800000000000002,5.2800283838294133,500.00000345412121,0.0001894883332973879
10,10,1,2,5.2000000000000002,5.2000239192977817,499.99999424920418,0.00019770937646637165
11,11,1,2,5.1200000000000001,5.1200102397937961,499.99999678563017,0.00017881619230240481
12,12,1,2,5.04,5.0399991055723614,499.99999400149022,0.00018017046803211762
13,13,1,2,4.96,4.9600218345707185,499.99999770406771,0.00030889144689340379
14,14,1,2,4.8799999999999999,4.8799544354365256,500.00000338402145,0.00018256053105034919
15,15,1,2,4.7999999999999998,4.7999869716455308,500.00001006449679,0.00020270578919218037
16,0,0,0,4,4.0000044612976531,500.00000189962793,0.00015545423177305202
17,1,0,0,3.9199999999999999,3.9199878393316676,500.00000375471751,0.00020684238981651275
18,2,0,0,3.8399999999999999,3.8399974742516476,500.00000020225082,0.00013983408785805758
19,3,0,0,3.7599999999999998,3.7599455087745244,499.99999533777446,0.00021078156730976457
20,4,0,0,3.6800000000000002,3.6799774777232717,499.99999868170585,0.00014604543968617677
21,5,0,0,3.6000000000000001,3.6000084861461641,500.00000123448945,0.00024638137871060216
22,6,0,0,3.52,3.5200272699935433,499.99999943369448,0.00014290974572909237
23,7,0,0,3.4399999999999999,3.4399815007980701,499.99999910535377,0.00014147562908242264
24,8,1,0,3.3599999999999999,3.3600142652628553,499.9999994081918,0.00015962110495172871
25,9,1,0,3.2800000000000002,3.2799869969234359,500.00000463772756,0.00013566769172392921
26,10,1,0,3.2000000000000002,3.2000207027139762,500.00000230827067,0.00013910113289415955
27,11,1,0,3.1200000000000001,3.1200235289956466,500.00000350969384,0.00012564062348825812
28,12,1,0,3.04,3.0399951782576347,500.00000005383339,0.00012925309060355094
29,13,1,0,2.96,2.9600354849849273,500.00000357424886,0.00021855468677720819
30,14,1,0,2.8799999999999999,2.8799927501726073,500.00000093846489,0.00012831576838251871
31,15,1,0,2.7999999999999998,2.8000173716447661,500.00000116090104,0.00014169284944817075
32,0,0,2,4,4.0000044612976531,500.00000189962793,0.00015545423177305202
33,1,1,2,5.9199999999999999,5.9199789926888222,499.99999682083245,0.00028170630060310486
34,2,1,2,5.8399999999999999,5.8399822571183728,499.99999071204189,0.00019396160228637568
35,3,0,2,3.7599999999999998,3.7599455087745244,499.99999533777446,0.00021078156730976457
36,4,1,2,5.6799999999999997,5.6799876994024263,500.00000481815243,0.0001995570103869451
37,5,0,2,3.6000000000000001,3.6000084861461641,500.00000123448945,0.00024638137871060216
38,6,0,2,3.52,3.5200272699935433,499.99999943369448,0.00014290974572909237
39,7,1,2,5.4399999999999995,5.4400036641695237,500.00001170488457,0.00019459032893852734
40,8,0,2,3.3599999999999999,3.3600142652628553,499.9999994081918,0.00015962110495172871
41,9,1,2,5.2800000000000002,5.2800283838294133,500.00000345412121,0.0001894883332973879
42,10,1,2,5.2000000000000002,5.2000239192977817,499.99999424920418,0.00019770937646637165
43,11,0,2,3.1200000000000001,3.1200235289956466,500.00000350969384,0.00012564062348825812
44,12,1,2,5.04,5.0399991055723614,499.99999400149022,0.00018017046803211762
45,13,0,2,2.96,2.9600354849849273,500.00000357424886,0.00021855468677720819
46,14,0,2,2.8799999999999999,2.8799927501726073,500.00000093846489,0.00012831576838251871
47,15,1,2,4.7999999999999998,4.7999869716455308,500.00001006449679,0.00020270578919218037
48,0,0,0,4,4.0000044612976531,500.00000189962793,0.00015545423177305202
49,1,1,0,3.9199999999999999,3.9199878393316676,500.00000375471751,0.00020684238981651275
50,2,1,0,3.8399999999999999,3.8399974742516476,500.00000020225082,0.00013983408785805758
51,3,0,0,3.7599999999999998,3.7599455087745244,499.99999533777446,0.00021078156730976457
52,4,1,0,3.6800000000000002,3.6799774777232717,499.99999868170585,0.00014604543968617677
53,5,0,0,3.6000000000000001,3.6000084861461641,500.00000123448945,0.00024638137871060216
54,6,0,0,3.52,3.5200272699935433,499.99999943369448,0.00014290974572909237
55,7,1,0,3.4399999999999999,3.4399815007980701,499.99999910535377,0.00014147562908242264
56,8,0,0,3.3599999999999999,3.3600142652628553,499.9999994081918,0.00015962110495172871
57,9,1,0,3.2800000000000002,3.2799869969234359,500.00000463772756,0.00013566769172392921
58,10,1,0,3.2000000000000002,3.2000207027139762,500.00000230827067,0.00013910113289415955
59,11,0,0,3.1200000000000001,3.1200235289956466,500.00000350969384,0.00012564062348825812
60,12,1,0,3.04,3.0399951782576347,500.00000005383339,0.00012925309060355094
61,13,0,0,2.96,2.9600354849849273,500.00000357424886,0.00021855468677720819
62,14,0,0,2.8799999999999999,2.8799927501726073,500.00000093846489,0.00012831576838251871
63,15,1,0,2.7999999999999998,2.8000173716447661,500.00000116090104,0.00014169284944817075
