separation_fraction,channel,true_real,true_imag,noise_real,noise_imag
0,0,1.458905312370693,0.3865306123426146,-0.00070710678118654751,0
0,1,1.458905312370693,0.3865306123426146,0.00070710678118654751,0
0.001,0,1.458905312370693,0.3865306123426146,2.2214378149738975e-06,0.00070710329175731757
0.001,1,1.4564478873444056,0.38312320673787609,-2.2214378149738996e-06,-0.00070710329175731747
0.01,0,1.458905312370693,0.3865306123426146,2.2210760746361491e-05,0.00070675786667505011
0.01,1,1.431756038028972,0.35179226592288043,-2.2210760746361511e-05,-0.00070675786667505
0.25,0,1.458905312370693,0.3865306123426146,0.00068435475338540232,0.00017792855734480997
0.25,1,-0.38653061234261449,-0.5410946876293069,-0.00017792855734481,0.00068435475338540221
0.48999999999999999,0,1.458905312370693,0.3865306123426146,-2.2210760746361579e-05,0.00070675786667505011
0.48999999999999999,1,-1.4802969539549249,-0.41974349902447194,-2.2210760746361596e-05,0.00070675786667505
0.5,0,1.458905312370693,0.3865306123426146,-1.1371144305660282e-19,0.00070710678118654751
0.5,1,-1.4589053123706932,-0.38653061234261465,-1.1371144305660284e-19,0.00070710678118654751
