x,steps_per_cycle,cycles,settling_time_over_tau,exact_normalized_cycle_work,cycle_input_normalized,cycle_loss_normalized,loop_quadrature_normalized,cycle_storage_change_normalized,HM_boundary_normalized,max_all_run_budget_residual_normalized,input_relative_error,loss_relative_error,loop_relative_error
0.1,512,60,3707.0793312359556,0.3110487775831478,0.3110487701388003,0.31104878555777304,0.31104095719852803,1.1102230246251565e-16,1.1102230246251565e-16,3.5354527092579247e-06,2.3933055082712375e-08,2.5637860723651133e-08,2.5141987956154852e-05
0.1,1024,60,3707.0793312359556,0.3110487775831478,0.3110487771244905,0.3110487780649187,0.3110468249877278,1.1102230246251565e-16,1.1102230246251565e-16,2.1315755560635807e-07,1.474550976818522e-09,1.5488596505479665e-09,6.277457301681239e-06
0.1,2048,60,3707.0793312359556,0.3110487775831478,0.3110487775546815,0.3110487776128146,0.3110482895830064,0.0,0.0,1.3085472261309405e-08,9.15171090078734e-11,9.537658135769247e-11,1.56888622163817e-06
1.0,512,60,370.7079331235956,1.5707963267948966,1.5707963267229275,1.5707963274688979,1.5707569002606427,-5.551115123125783e-17,-1.1102230246251565e-16,4.505623962813843e-08,4.581695037137578e-11,4.290825536828518e-10,2.509971126190758e-05
1.0,1024,60,370.7079331235956,1.5707963267948966,1.570796326790557,1.5707963268369411,1.5707864701641538,-5.551115123125783e-17,-1.1102230246251565e-16,2.803218990266032e-09,2.762700475312132e-12,2.6766417335310216e-11,6.274926019735722e-06
1.0,2048,60,370.7079331235956,1.5707963267948966,1.5707963267943796,1.5707963267981455,1.5707938626373732,-2.220446049250313e-16,-4.440892098500626e-16,1.9254287053627195e-10,3.290813910420919e-13,2.0683500488521857e-12,1.5687314016012428e-06
10.0,512,60,37.070793312359555,0.3110487775831478,0.31104877758358995,0.3110487775851496,0.3110409704127161,-1.0977546996415732e-18,-1.1102230246251565e-16,8.856559929881769e-11,1.4214694010130824e-12,6.435606788441025e-12,2.5099505268456264e-05
10.0,1024,60,37.070793312359555,0.3110487775831478,0.31104877758315297,0.31104877758324534,0.3110468257790694,-7.386127300057499e-19,-7.45931094670027e-17,6.092903959142859e-12,1.6597194512770453e-14,3.1356205117137297e-13,6.2749131939386994e-06
10.0,2048,60,37.070793312359555,0.3110487775831478,0.311048777583256,0.31104877758312455,0.31104828963141146,-8.402566836762659e-19,-8.500145032286355e-17,9.166001291305292e-13,3.4782722693967326e-13,7.477660753603033e-14,1.5687306027731293e-06
