trial,mass_index,polarity,test_error_N,stator_error_N
0,0,-1,-9.9908512968741811e-07,1.704596967936097e-06
0,0,1,-1.7056398706779192e-06,-1.729387366856963e-06
0,1,-1,1.1133017191745777e-07,-1.5651030057669318e-06
0,1,1,1.9504623890999622e-06,2.2323068268604243e-07
0,2,-1,1.240069314524607e-06,1.8634830233563289e-07
0,2,1,1.7951431095640049e-06,1.0813652777952912e-06
0,3,-1,1.7154542089174631e-06,-1.8974371792865802e-06
0,3,1,-1.9734351885720117e-06,-2.742801061061164e-07
1,0,-1,-1.7724087775922197e-06,-9.7572639014936563e-07
1,0,1,-1.7158028699941993e-06,1.59430586763066e-06
1,1,-1,-1.8622359310169217e-06,-1.5895687651024026e-06
1,1,1,-5.0145547943212016e-07,1.3884633761604599e-06
1,2,-1,2.7283335764519891e-07,-1.1502674421173772e-06
1,2,1,-9.6218983342427006e-08,5.86875616254834e-07
1,3,-1,1.1399531031327152e-06,2.0636243902878436e-07
1,3,1,9.3666564459143245e-07,-1.810090178820459e-06
2,0,-1,-5.692790332288834e-07,-1.0651169477312176e-06
2,0,1,1.7096321959045762e-06,-5.6761009793439674e-07
2,1,-1,-3.0566412164445471e-07,-1.0118776464824579e-06
2,1,1,7.1384291292730506e-08,1.8670071025092839e-06
2,2,-1,-1.3794405852713733e-07,9.1656567264327476e-07
2,2,1,-1.814829235977831e-06,1.2031509657334247e-06
2,3,-1,1.9018812229977877e-06,-1.0156628175601581e-06
2,3,1,1.624521814741053e-06,-1.2120784412110275e-06
3,0,-1,7.161069716525078e-07,-1.3960042201123114e-06
3,0,1,8.4420101579396875e-07,-1.1183620269546335e-07
3,1,-1,-1.3613378977868827e-06,1.2056494691260975e-06
3,1,1,-1.7388238341417671e-06,-4.9738239816638246e-07
3,2,-1,1.3268267000451249e-06,2.2595361488692874e-07
3,2,1,-1.9105064132615503e-06,1.0304801363611207e-06
3,3,-1,1.0256732186800428e-06,-1.611112727684258e-06
3,3,1,-9.6890764474402754e-07,-7.9040161516270541e-07
4,0,-1,-6.8893546240910546e-08,-1.2981208518009e-06
4,0,1,-1.1994883793843423e-06,9.0021115918124452e-07
4,1,-1,1.2198498205630453e-06,-1.342588143300429e-06
4,1,1,7.8034114624525663e-07,6.1907733172956109e-07
4,2,-1,4.6681466109145505e-08,1.6170548561627196e-06
4,2,1,9.027221336469756e-07,-4.5257234786334434e-07
4,3,-1,-3.9307948945366123e-07,-8.273507985750199e-07
4,3,1,-1.1708555772144348e-06,-1.4630969245557454e-06
5,0,-1,1.0478104920244702e-06,6.2142538679983126e-07
5,0,1,1.531509053808937e-06,-1.0834693914774487e-06
5,1,-1,9.4148160336420646e-07,-1.2859453640525146e-06
5,1,1,1.9200693956974089e-06,1.9715094613200035e-06
5,2,-1,-1.6425074908632954e-06,-1.0973084055249147e-07
5,2,1,-3.3891620980528807e-07,-1.8927662424200047e-06
5,3,-1,-1.1913337562907771e-07,-1.6644127432362801e-07
5,3,1,1.4127092696834875e-06,-2.4826963917975236e-07
6,0,-1,-9.4473602309249298e-07,-1.7181593429512252e-06
6,0,1,1.3476267873419492e-07,-8.9084897182341077e-07
6,1,-1,7.3167657476023289e-07,-1.9051943983899572e-06
6,1,1,-5.2671344714598819e-07,-1.3485680937776445e-06
6,2,-1,-1.0468352298197247e-07,1.5641876796899931e-06
6,2,1,9.5160992689995359e-07,-9.7125002074589815e-07
6,3,-1,1.5393643520396923e-06,1.1212875600134847e-06
6,3,1,1.7498849186376681e-08,1.0764488665180585e-07
7,0,-1,1.0793213757290143e-06,-1.9157189829709278e-06
7,0,1,-1.2605921119263547e-06,-5.4376830369536205e-08
7,1,-1,3.4912859130277937e-08,-9.4623788679398893e-07
7,1,1,-1.3673876568794086e-06,-1.5992002577305615e-06
7,2,-1,-1.4531067527460091e-06,4.9402585335444425e-07
7,2,1,-1.8027933123731663e-06,6.7101989942154785e-07
7,3,-1,-1.6649426983136974e-06,-8.4335888740112758e-07
7,3,1,3.9308167028541865e-07,1.3648949880668532e-06
8,0,-1,-8.1753882028143941e-08,5.6788147668826618e-07
8,0,1,1.1841476828535396e-06,3.3829474557281757e-07
8,1,-1,-3.6075623795108943e-07,-3.6098065545547126e-07
8,1,1,9.5983443960856585e-07,1.5926566052735133e-06
8,2,-1,1.9348301590291717e-06,5.9581743872868065e-07
8,2,1,-7.4314920843038752e-07,-1.5303936396421868e-06
8,3,-1,1.0527612673035738e-06,-1.9380578835946539e-06
8,3,1,-1.503925602055501e-06,2.1960358752722885e-07
9,0,-1,5.5844271328189411e-07,-1.0997024724741031e-06
9,0,1,9.0726661627100968e-07,9.5901429175992271e-07
9,1,-1,-1.1025501676773828e-07,-8.4143473473291146e-07
9,1,1,-1.9226394262844926e-06,2.851955010528192e-07
9,2,-1,-1.6608765419476028e-06,1.9164078355823641e-06
9,2,1,-7.130433891788698e-07,3.2181405211147692e-07
9,3,-1,1.3677298795571352e-06,-1.289185926404298e-06
9,3,1,-1.1717969531661152e-06,1.3011665919374448e-06
10,0,-1,1.9046295398101561e-06,-7.5309299194837062e-07
10,0,1,-1.7603072400497059e-06,-1.9618235748303453e-06
10,1,-1,-1.7658626473397344e-06,-1.1653711515095551e-06
10,1,1,8.5618499568034221e-07,1.5559069310537028e-06
10,2,-1,-1.144513029222153e-06,-4.8585680554346268e-07
10,2,1,-6.5615116929615826e-07,-1.5550655423046863e-06
10,3,-1,6.835878910628883e-07,1.4510306579531639e-06
10,3,1,9.9164178053374966e-07,-6.8531582857384815e-08
11,0,-1,1.897144089505999e-07,8.5133185480027074e-07
11,0,1,7.9137834519493983e-07,5.7435837721748763e-07
11,1,-1,1.538294110327148e-06,-1.3784111362216666e-06
11,1,1,-9.6568624757157413e-07,1.8373884733422758e-06
11,2,-1,1.7731186315146246e-06,1.8950144014563721e-06
11,2,1,2.6034779144874546e-07,1.9356547110100281e-06
11,3,-1,9.1429670246819617e-07,8.7669278584648363e-07
11,3,1,-1.0032266847023373e-06,-8.3974836132370314e-07
12,0,-1,1.8487459809283478e-06,1.1925685127917805e-06
12,0,1,1.7710380342817034e-06,-1.5406313748496378e-07
12,1,-1,-1.2511100794789408e-06,2.6284104377654643e-07
12,1,1,1.0923882391368506e-06,7.078689172187067e-07
12,2,-1,7.5397674272553117e-07,-4.0660304225279558e-07
12,2,1,-1.9214246642655737e-06,-1.5702045709342882e-06
12,3,-1,1.0607619428281923e-06,-6.5479246636144553e-07
12,3,1,-1.4131241430314739e-06,-6.6127528479362545e-07
13,0,-1,-3.9561730910142994e-07,-8.5421006678088232e-08
13,0,1,1.7559741635761355e-06,-1.3895004640442469e-07
13,1,-1,-1.5044578291115881e-06,1.1637176081720179e-06
13,1,1,6.029276249300837e-07,-1.5384010191399959e-07
13,2,-1,-1.5336165193278525e-06,-9.0642432639780252e-07
13,2,1,-1.7699463080161331e-06,1.0791213043511978e-06
13,3,-1,1.7856719324504423e-06,-2.4341883204077192e-07
13,3,1,-1.0771831029176843e-06,7.3132996688685256e-08
14,0,-1,1.0510078007698374e-06,1.9771108805974439e-06
14,0,1,-1.3149709956745256e-06,7.8909018436083621e-07
14,1,-1,-6.5740330004092138e-07,1.5120516975968841e-06
14,1,1,1.5773488175745396e-06,-1.996077808234929e-06
14,2,-1,3.5660560605103237e-07,-1.2982689931093295e-06
14,2,1,-1.5028017054077906e-06,2.5131706482012577e-08
14,3,-1,-5.1821454156283104e-07,1.5518435024670579e-06
14,3,1,-1.4204289891297494e-06,-1.4546149930233748e-06
15,0,-1,-1.7279074771265672e-06,1.4238214193785116e-06
15,0,1,1.3377006099058161e-06,-9.994542227479846e-07
15,1,-1,1.0845969177224157e-06,-1.3987506014001715e-06
15,1,1,-1.6203218683967004e-06,-1.1507218627393682e-06
15,2,-1,8.1097308896288264e-08,9.1797520217178715e-07
15,2,1,5.8098923821430035e-07,-3.1765145154155317e-07
15,3,-1,7.0207583906106403e-07,-3.1947462773590417e-07
15,3,1,-1.3013889950236326e-06,-1.4188479055837985e-06
16,0,-1,1.0154162240510685e-07,5.8402233058562264e-08
16,0,1,-1.2001366128859761e-06,1.3316696196739412e-06
16,1,-1,-1.1126629723493862e-06,-6.5901791083496963e-07
16,1,1,-1.5257258029186172e-06,-1.2746466823655034e-06
16,2,-1,1.0575454767707757e-06,6.820107907376873e-07
16,2,1,-1.1247481951847974e-06,1.826969633343977e-06
16,3,-1,2.4274805743643157e-08,1.2348214348909449e-06
16,3,1,3.1385630049716255e-07,4.3220500657400333e-07
17,0,-1,2.7262498824068966e-07,1.3400647750258403e-07
17,0,1,-1.5252323600458095e-06,9.7890332929884738e-07
17,1,-1,-1.5109349993117859e-06,-5.7646821322367398e-07
17,1,1,1.8629503774740209e-06,1.9658911203267884e-06
17,2,-1,-1.3628145117256153e-06,-3.9275189500549424e-07
17,2,1,-3.1563540371262638e-07,1.0233626352027474e-06
17,3,-1,1.6103974425142537e-06,-1.8955294756989089e-06
17,3,1,-1.5567248015687122e-06,-3.7853399818986978e-08
18,0,-1,-1.7042024376248488e-06,-8.8071618818551689e-10
18,0,1,1.7359492280567356e-06,-1.659825895232836e-06
18,1,-1,-1.1184466700752873e-06,-1.6910043187466849e-06
18,1,1,3.5852065282791625e-07,9.8516795588285505e-07
18,2,-1,-1.8512264345964689e-06,1.194555763042979e-06
18,2,1,5.7680285495920267e-07,3.111647568289663e-07
18,3,-1,-3.8025120600462481e-07,-6.9815819166788527e-07
18,3,1,-5.9020217049127499e-07,-1.4866359320382831e-06
19,0,-1,1.9895480676726616e-06,1.5707486698072951e-06
19,0,1,1.0205457346223857e-06,5.3276540239084543e-07
19,1,-1,1.0889594862745571e-06,1.2981837817188621e-06
19,1,1,-7.8516135721622594e-07,5.4032860589999965e-08
19,2,-1,7.4422357673065356e-07,9.9737543613930877e-07
19,2,1,1.1066073030638392e-06,5.6741278318809654e-07
19,3,-1,-2.0944217381811254e-07,1.7693814474480754e-06
19,3,1,-6.5955438740226275e-07,-1.2940415574247268e-06
20,0,-1,-1.1655162587151974e-06,8.6262125699795181e-07
20,0,1,4.7367132935489398e-07,-2.2845221568043554e-07
20,1,-1,-1.4359443930163466e-06,-9.6346708343890652e-07
20,1,1,-1.4587514742763431e-06,-1.667640639443883e-06
20,2,-1,1.5065013110133155e-06,4.825842333618975e-07
20,2,1,-1.5973966163428609e-06,7.7655146420351917e-07
20,3,-1,-1.3107634454271651e-06,-3.0045379062616318e-07
20,3,1,1.6453020729285883e-06,6.9106988646746887e-07
21,0,-1,1.4110273314276219e-08,3.3872675482746574e-07
21,0,1,6.0790428843453894e-07,1.5498630652169399e-06
21,1,-1,1.0724144356306805e-06,-4.684315386685939e-07
21,1,1,4.0272225357694603e-08,1.3639264639814551e-06
21,2,-1,-1.7275668557571294e-06,-2.7573249465488065e-07
21,2,1,3.0211913758768914e-07,-5.0417070317532301e-07
21,3,-1,1.6521810665183682e-06,1.1853446435533232e-07
21,3,1,-1.8596662865384051e-06,-6.6313357887539319e-07
22,0,-1,-1.1355004903893184e-06,1.1528186064475368e-06
22,0,1,-1.080075464122035e-06,-6.4409026651327799e-07
22,1,-1,6.2205719050041677e-07,1.4735099548179686e-06
22,1,1,-1.8965508904570102e-06,-1.9334261820000499e-06
22,2,-1,6.6168734542144431e-07,1.0070068020803442e-06
22,2,1,-2.0825356452562448e-07,-4.8457161788435644e-07
22,3,-1,-1.7769183481369287e-06,-7.3350834878521315e-07
22,3,1,-8.7855487410033946e-07,1.6113751553489358e-06
23,0,-1,-1.8336720055051257e-06,-8.4948014897313483e-07
23,0,1,-1.7146794194771803e-06,-1.9054336993640371e-06
23,1,-1,1.267568549790649e-06,1.7630650099534852e-06
23,1,1,-1.5795186384118269e-07,-5.3040443263713757e-07
23,2,-1,1.6132620944667378e-06,1.0451736425678755e-06
23,2,1,1.4518275347416006e-07,-7.2171753733492571e-07
23,3,-1,2.182807177966865e-08,-5.4428254464962537e-07
23,3,1,-9.843154873564933e-07,4.4135560996334321e-08
24,0,-1,-1.3024082247711943e-06,1.715501920141934e-06
24,0,1,6.1274992164895917e-07,-3.7209953219010871e-07
24,1,-1,-8.9079157627277674e-07,-4.6876986063179828e-07
24,1,1,-6.9904556590501257e-07,-1.5322977735188848e-06
24,2,-1,-2.6344898874386976e-07,-1.9307587777350468e-06
24,2,1,-5.3537608196520034e-07,-3.2917249868939835e-07
24,3,-1,-1.0728705617968202e-06,1.8788377405442147e-06
24,3,1,1.3199010875178523e-07,-1.8976113770259729e-06
25,0,-1,-1.4860338073366424e-06,1.7041373448241371e-06
25,0,1,1.5086034038142917e-06,-1.6244909523448729e-06
25,1,-1,8.1156364341322706e-07,4.7574073621045033e-07
25,1,1,-6.68664132311703e-07,1.138222432712644e-07
25,2,-1,-1.5998004111682862e-06,-1.2833467806081522e-06
25,2,1,1.8049081122910203e-06,3.7492084058427211e-07
25,3,-1,9.5548845409640616e-08,8.3347996127006649e-07
25,3,1,1.2006887770959579e-06,-1.1280395414713749e-06
26,0,-1,-5.1238019500903721e-07,1.4056830650870858e-06
26,0,1,1.159790397032743e-06,-1.1868418714673095e-06
26,1,-1,-1.6730242544258581e-07,6.0517934530135746e-07
26,1,1,-5.704488614392882e-07,1.0994521834175357e-06
26,2,-1,-1.4735454105329296e-06,1.7571272881854553e-06
26,2,1,-1.5715263161895167e-06,1.1365316395431422e-07
26,3,-1,-1.8963194356670781e-07,-1.0778664384817747e-06
26,3,1,1.3222610511995329e-06,-1.7688945845273273e-06
27,0,-1,-1.3251265113957604e-06,1.753286289031341e-06
27,0,1,-1.1633453740952069e-06,-1.9387743062447474e-06
27,1,-1,-1.4661656090030935e-06,3.7600349443834596e-07
27,1,1,8.7231593751930213e-07,-4.6697275001856821e-07
27,2,-1,1.8381969124878586e-06,1.675602137171994e-06
27,2,1,1.19093492561124e-06,1.640724582379662e-06
27,3,-1,1.6311176653055684e-06,-4.7308042760657238e-07
27,3,1,1.1275169129852638e-06,-1.8371544930564494e-06
28,0,-1,1.8105533953804619e-06,-1.4950658124069771e-06
28,0,1,-1.345921802931728e-06,-4.6937724289547533e-07
28,1,-1,-1.4769052008353736e-06,1.3464344354465897e-06
28,1,1,1.1373370311382797e-06,6.344734281792438e-07
28,2,-1,-3.7889669145558625e-07,2.5030302511880847e-07
28,2,1,-3.0606921620800805e-08,1.1204969501430582e-06
28,3,-1,-8.7959248916158867e-07,-1.6978372510185795e-06
28,3,1,-1.0914909016430458e-06,1.3261070335110987e-06
29,0,-1,-9.8987805563383301e-07,-6.5117627039882282e-07
29,0,1,3.3372983015675475e-07,1.3228099095276487e-06
29,1,-1,1.0088905815492723e-06,1.0649295618010892e-06
29,1,1,-1.5633139222440908e-06,-1.2128031264650573e-06
29,2,-1,1.5581057887814326e-06,-1.2367177294473391e-06
29,2,1,1.7611159239137298e-06,3.6916626069808157e-07
29,3,-1,-6.2706453340697697e-07,1.977785271883767e-06
29,3,1,-1.381779707989524e-06,6.5589949585248224e-08
30,0,-1,7.7864669528589239e-07,-1.4019458865135492e-06
30,0,1,1.5257718236079653e-06,-9.1200687000340153e-07
30,1,-1,1.7445010400186647e-07,-4.4681065008436384e-07
30,1,1,4.7914510254715165e-07,-1.4210587224115905e-06
30,2,-1,-1.7665485749237061e-06,2.203995588373517e-07
30,2,1,-1.725321522304874e-06,4.8081866322211677e-07
30,3,-1,1.0800240336358508e-06,-3.9084365061665637e-07
30,3,1,3.5842587579770533e-07,1.4558883270656853e-06
31,0,-1,-1.4935479248480557e-06,-3.2976505437428954e-07
31,0,1,1.753312508279932e-06,-1.8387504396258694e-06
31,1,-1,4.8528772533271463e-07,-1.6780981959219949e-06
31,1,1,-1.4550525901496146e-06,-3.0671943057554526e-07
31,2,-1,1.1794340943524389e-06,-1.219185838181588e-06
31,2,1,1.6319900072406015e-06,-1.8933560133649174e-06
31,3,-1,-1.4917193384926777e-06,8.6824787044251099e-08
31,3,1,-1.6881061535609206e-06,3.8584706199447143e-07
32,0,-1,-1.6559680327703527e-06,5.176830173527501e-07
32,0,1,1.397525975452679e-06,1.2275383289079577e-06
32,1,-1,1.7329652829308251e-06,-1.6523200116524798e-06
32,1,1,-1.5391108048393466e-06,-8.5831021158325353e-07
32,2,-1,6.8024620280246796e-07,-1.6365021739943132e-06
32,2,1,-6.280296458650572e-07,-1.3129147208454816e-06
32,3,-1,-1.3557876757012955e-06,1.3406675862062213e-06
32,3,1,8.0414681220300631e-07,-1.8868707886555154e-06
33,0,-1,3.8768135701725421e-07,-5.3917131211536247e-07
33,0,1,-1.0987058141832847e-06,1.2502815183577755e-06
33,1,-1,1.4261680090322757e-06,1.6771174896288896e-06
33,1,1,1.4502447458566943e-06,3.1349658913815728e-07
33,2,-1,4.7062607299864456e-07,-1.6632625029686994e-06
33,2,1,-9.4015458086207678e-07,1.2591011846989957e-09
33,3,-1,-1.8118766944938546e-06,-4.72607305991619e-08
33,3,1,1.1134585780438224e-06,-1.8521042477497955e-06
34,0,-1,-6.5392094680689943e-07,-4.5338886541275865e-07
34,0,1,9.1724694470379069e-07,6.9498469302281142e-07
34,1,-1,-1.9119024543656871e-06,-1.6013260592104273e-06
34,1,1,-4.6636338895879075e-07,4.6300843257232761e-07
34,2,-1,-1.8068534488133004e-06,8.6674480799528797e-07
34,2,1,-1.4499740438032393e-06,1.43068017612787e-06
34,3,-1,-1.2845237824890372e-06,1.8779939121023885e-06
34,3,1,-1.4806836907023432e-06,-7.1716402815782579e-07
35,0,-1,-1.3179546874485073e-06,-1.0371717339861944e-06
35,0,1,1.4019377426965173e-06,2.8254459322224887e-07
35,1,-1,1.4691492020217061e-06,1.4881780041498705e-06
35,1,1,-1.7163929339967656e-06,4.6515212322491253e-07
35,2,-1,1.8217352658956516e-06,1.9744962449560446e-06
35,2,1,-4.8306195307114211e-07,1.7076345946765408e-06
35,3,-1,-6.3417692139667848e-07,-1.3446671655984239e-06
35,3,1,-6.8925743297126247e-07,1.8967207628130344e-07
36,0,-1,3.1450635030123083e-07,9.3957055955248222e-08
36,0,1,1.7777666662539915e-06,1.4764859988561801e-06
36,1,-1,1.8053916051631534e-06,4.108331222088521e-07
36,1,1,-5.4034251488651294e-07,1.5038379991115621e-06
36,2,-1,1.2486888884157622e-06,-3.8274675566489338e-07
36,2,1,1.2969451509822202e-06,1.9809713422752749e-06
36,3,-1,6.1705462704226338e-07,-1.173917798117546e-06
36,3,1,-1.3698952188693879e-06,-7.5044078016028316e-07
37,0,-1,-4.3991436705750246e-07,1.6703935097867778e-06
37,0,1,5.5813458417762439e-07,-2.9459749309520737e-07
37,1,-1,-1.4053487478894331e-06,-7.6219529306288379e-07
37,1,1,-1.3269916012512874e-06,-4.3680243871146548e-07
37,2,-1,1.549614115162638e-06,-1.6833544941856759e-06
37,2,1,-8.3648293870556669e-07,1.3497133572559044e-06
37,3,-1,-1.4439093528883875e-06,1.2535271434201993e-06
37,3,1,-6.8521254119212559e-07,1.7656287863320637e-06
38,0,-1,8.8584942772706671e-07,-3.4456687016430146e-07
38,0,1,-2.0705370554180906e-07,-8.1499048442491834e-07
38,1,-1,-9.8122270776758964e-07,1.3240692411901829e-06
38,1,1,9.9277132189518983e-07,1.6293464066760807e-06
38,2,-1,-4.0131626810964461e-07,7.8161215476254618e-07
38,2,1,-1.1483361522985342e-06,-1.1065627140148741e-06
38,3,-1,-1.0450692641749185e-06,1.930371378881607e-06
38,3,1,4.8905934596819627e-07,-6.1466525836997911e-08
39,0,-1,-1.1788186081324495e-06,-9.1513889339101252e-07
39,0,1,-1.0237102799660048e-06,-1.2441301311559627e-06
39,1,-1,-4.8339149532790155e-07,-1.3031103027965923e-06
39,1,1,-1.0113224650361715e-06,-2.6245151768576404e-07
39,2,-1,-1.2961163304180763e-06,1.2170441055177643e-06
39,2,1,-1.6412309715125367e-06,5.7033383843784022e-07
39,3,-1,-5.4482668562864285e-07,3.8644305155416391e-07
39,3,1,-1.0703967643495157e-06,7.8651637775522222e-07
40,0,-1,-9.9049687303872811e-08,1.5365906943558374e-06
40,0,1,-6.9258615181024207e-07,-4.1136702313825114e-07
40,1,-1,-4.3978271765050362e-07,1.0082525973668047e-06
40,1,1,-1.6968382058311996e-06,-1.8828158164934428e-06
40,2,-1,-8.7000718170000903e-07,-1.7207614220085954e-06
40,2,1,-3.9066388415857557e-07,5.0987967033810647e-07
40,3,-1,1.5600480994139424e-06,4.868345000021226e-07
40,3,1,-1.4350234918650705e-07,-1.1835974471615814e-06
41,0,-1,8.043835493522249e-07,8.6077929488052668e-07
41,0,1,-8.0867144958187422e-07,-4.8775850601651868e-08
41,1,-1,5.2502228851257904e-07,1.8948138770315197e-06
41,1,1,-7.9408733057478463e-07,-1.5649326215306756e-06
41,2,-1,3.0887177417857743e-07,1.1398859193203819e-06
41,2,1,-3.5963109468754156e-07,-1.7562393372665004e-07
41,3,-1,9.281956994361411e-08,1.7430469604500123e-06
41,3,1,-1.5925452708596793e-07,-3.5421175046960734e-08
42,0,-1,-9.5310329648302575e-07,1.9481698279187493e-06
42,0,1,5.0859428911998478e-07,-1.4663491316262588e-06
42,1,-1,-1.4030691921366592e-06,1.4196956166125678e-06
42,1,1,1.7800014143411439e-06,-1.642988248887009e-06
42,2,-1,-1.1838533483160311e-06,-1.7030504885584662e-06
42,2,1,-2.4525532745322642e-07,3.8286845651828135e-07
42,3,-1,1.817094066073025e-06,-4.0697055533547301e-07
42,3,1,-9.023647260462376e-07,1.2641318444748837e-06
43,0,-1,1.7167088210593399e-06,1.283204792246093e-06
43,0,1,6.958470428878099e-07,-5.0379431500806372e-07
43,1,-1,-7.2931947648708108e-07,1.4541684996071669e-06
43,1,1,1.1256598475959684e-06,4.7689333873662921e-07
43,2,-1,1.6010353822270627e-06,1.7204390703325271e-06
43,2,1,1.4000916939439922e-06,1.8402589312199175e-06
43,3,-1,5.3532202542756227e-07,-1.9650524543126442e-06
43,3,1,1.5588340032870197e-06,-1.4217817888728832e-06
44,0,-1,1.0164773074912476e-06,-1.614139993743404e-06
44,0,1,1.9464638254984415e-06,1.5008038043313859e-06
44,1,-1,-1.0670119761545451e-06,-1.1261559701969998e-06
44,1,1,-3.4383553101438159e-07,7.7486469415355397e-07
44,2,-1,1.766139745029874e-06,8.8346568333192703e-08
44,2,1,-1.7717094110842261e-06,-8.052962640185273e-07
44,3,-1,-9.6755439015182663e-07,-3.3771295862054095e-07
44,3,1,1.5185439010055776e-06,-6.7695820495203268e-07
45,0,-1,-5.0062118802480294e-07,1.922980249001757e-06
45,0,1,1.3421099123940027e-06,-1.9562898683292018e-06
45,1,-1,-7.785619778972155e-07,5.2758503450171494e-07
45,1,1,-5.4095542067535785e-07,-1.8149514084198652e-06
45,2,-1,2.7141736286943542e-07,1.1324511965660028e-06
45,2,1,4.4089998098659032e-07,-1.8491300678715219e-06
45,3,-1,-7.7864491241811062e-07,-1.3824316574523741e-06
45,3,1,1.5424907221211774e-06,-2.6256752291791093e-07
46,0,-1,-1.315082941029479e-07,-8.2343346924289347e-07
46,0,1,-1.703542919486198e-06,-4.046487668726345e-07
46,1,-1,-2.610723270976968e-07,1.31681744050275e-06
46,1,1,4.34760066129357e-07,-1.6529530787955515e-07
46,2,-1,-1.2616799783105453e-06,-3.7525622201121328e-07
46,2,1,2.006987631326838e-08,-1.0008500201778024e-06
46,3,-1,1.4470700508977834e-06,-9.5605529198684989e-07
46,3,1,-6.7224189347283976e-07,-4.3488477339253962e-07
47,0,-1,-1.6342147354505222e-06,2.775209110675399e-07
47,0,1,-6.5156257312959234e-07,-4.2005456275157459e-08
47,1,-1,-2.5864451145096812e-07,1.8730213095388551e-07
47,1,1,-1.6572246451098218e-06,-9.8837889998017122e-07
47,2,-1,-5.3401249932716374e-07,-1.8196842576358465e-06
47,2,1,5.9501463530345639e-07,-1.8441001364564399e-06
47,3,-1,1.6940993014643955e-07,2.6863078980054317e-07
47,3,1,-1.0456071469115206e-06,9.4647790774606383e-08
48,0,-1,1.7738983215616098e-06,-1.430987008011857e-07
48,0,1,-1.7439311375246786e-06,1.9952759645922804e-06
48,1,-1,1.4704418097579698e-06,-1.7852970338422434e-06
48,1,1,1.8915277617710933e-06,6.0713661796557037e-07
48,2,-1,-1.9211992529853532e-06,1.8202166821107679e-06
48,2,1,1.5089686629348761e-06,4.4038476959304055e-07
48,3,-1,-7.3597001765607784e-07,-1.8879588140450777e-07
48,3,1,1.9100962234095757e-06,1.1170195975661245e-06
49,0,-1,7.6101535542279216e-07,1.3224024154470274e-06
49,0,1,-4.0552426895937759e-07,-1.125465635633299e-06
49,1,-1,-1.573496102540755e-06,1.1777189747354848e-06
49,1,1,-4.2532090321157982e-07,5.7398921524379586e-07
49,2,-1,-1.9364733503714414e-06,-5.5867729109195447e-07
49,2,1,1.2412159169671454e-06,-8.8066448857178919e-07
49,3,-1,-6.4972096974823168e-07,5.4095273045517712e-07
49,3,1,1.9911135367420634e-06,-1.6196708623637861e-06
50,0,-1,1.2554672213503401e-06,-4.8931978789418601e-07
50,0,1,-1.1730075019515755e-06,1.6220689290785775e-06
50,1,-1,1.6029362595723027e-07,6.1850720109478495e-07
50,1,1,-4.9585818800476068e-07,1.1957036122964105e-06
50,2,-1,1.9592412762118739e-06,-1.698619153621358e-06
50,2,1,-1.1351096971932691e-06,-5.7253771056744582e-07
50,3,-1,-1.8403539803037523e-06,-1.7161640114653935e-06
50,3,1,-1.4187587173628489e-06,1.0994271628135468e-06
51,0,-1,-4.8162490726594633e-07,-9.4039637667362806e-07
51,0,1,-3.5546030012623312e-07,6.5445029934391154e-07
51,1,-1,-1.1942273787860914e-06,1.2159299892096262e-06
51,1,1,-1.496754730444202e-07,-1.4803627541684313e-06
51,2,-1,-1.2552383239076876e-06,1.191208610279721e-06
51,2,1,1.8742524552197953e-06,1.5504689783956742e-06
51,3,-1,-1.4740325960805775e-06,1.2029502579756249e-06
51,3,1,-1.069006484488467e-06,-8.9047965341626606e-07
52,0,-1,-8.7385174404344652e-07,-1.4581476723900542e-07
52,0,1,1.7073843264027426e-06,-1.394750032920764e-06
52,1,-1,2.1463502895386459e-07,2.7772915871721922e-07
52,1,1,8.9932926624485613e-08,-4.6745066200784007e-07
52,2,-1,-4.2133702678085929e-08,-8.2576790245177754e-07
52,2,1,-1.349993937481751e-07,-7.2899398907685769e-07
52,3,-1,1.4737456757516369e-06,-5.3153544834651881e-07
52,3,1,-1.0322461869601693e-06,-1.6563474504761808e-06
53,0,-1,1.7241606955930003e-06,8.6826125109294276e-07
53,0,1,-1.3583022146835136e-06,-8.8103989574990548e-08
53,1,-1,1.1812278671495286e-06,-1.5070612830804692e-07
53,1,1,-7.1512543230974266e-07,-1.851348734818908e-06
53,2,-1,-7.2681035853228023e-07,8.5279361405182532e-07
53,2,1,-1.5994957496815018e-06,-6.5208674714786947e-07
53,3,-1,3.7932965654823902e-07,-4.1062718926567462e-07
53,3,1,3.6494460918366176e-07,1.6821758928330416e-06
54,0,-1,-8.4441581105383613e-07,-1.429388428349922e-06
54,0,1,-1.76441384003071e-06,-1.9509884150260201e-06
54,1,-1,3.336254741518522e-09,9.4825199010524893e-07
54,1,1,5.1283912563059055e-07,7.0755640145739688e-07
54,2,-1,-1.8377489273016605e-06,1.6371055982116055e-06
54,2,1,1.2126865995820248e-06,1.9843396357038591e-06
54,3,-1,-1.8637527028062005e-06,2.3921000539930483e-07
54,3,1,-1.077373066795916e-06,5.4211568326979958e-07
55,0,-1,1.8013605018610573e-06,-4.2293707776537594e-07
55,0,1,1.5010315853824483e-07,-8.4792322711667015e-07
55,1,-1,1.9298866722664692e-06,-7.5882952644739179e-07
55,1,1,1.6404082866946934e-07,6.2799433098298781e-07
55,2,-1,-1.0700882310894824e-06,-5.4184469988337287e-07
55,2,1,1.2212813466153647e-06,-3.8902224820191341e-07
55,3,-1,1.8783465341899864e-06,1.6844580889494402e-06
55,3,1,-8.0090929477074373e-07,1.3169122756439604e-06
56,0,-1,-4.4533844291413035e-07,-1.2723375378120541e-06
56,0,1,3.4763240003561273e-07,-1.9707747839708157e-06
56,1,-1,4.1945394426863923e-07,2.5090359795417777e-07
56,1,1,-1.9579648191527451e-07,-1.6467480645884813e-06
56,2,-1,1.6915359623335612e-07,-1.3408440700986242e-07
56,2,1,2.0242832195214517e-07,-1.3072856457835238e-06
56,3,-1,1.3463169136092183e-07,6.9609627792099707e-07
56,3,1,1.4192767535916101e-06,1.0348412792640953e-06
57,0,-1,9.6199870630325815e-07,6.9490252533746604e-07
57,0,1,1.4508578288988327e-06,1.795824383182881e-06
57,1,-1,3.4688761343329195e-08,-1.0571009044174669e-06
57,1,1,-2.2731972273084279e-07,2.8037530007626142e-07
57,2,-1,-6.9543849451110077e-07,-6.0645004182176931e-07
57,2,1,-3.5135671741144408e-07,-1.9719375193877522e-06
57,3,-1,5.9727367252460433e-07,-4.7387272562518833e-07
57,3,1,-3.2762808136252772e-07,-4.6592819674359695e-07
58,0,-1,1.8964659115796938e-06,1.7920567370746217e-06
58,0,1,1.1501873444359749e-06,-1.4582065971860162e-06
58,1,-1,-1.6766909136363853e-06,9.2865996749968447e-07
58,1,1,-1.250033080922241e-06,-7.7631340261550941e-07
58,2,-1,-1.5900544933584411e-06,8.7294217430445501e-07
58,2,1,1.2862974170557844e-06,9.7103901242605393e-07
58,3,-1,1.1858217675901889e-06,-4.0514399390310755e-07
58,3,1,-2.9997459239935553e-08,1.9944586476248691e-06
59,0,-1,-1.3916204708900723e-07,-1.0924967081637023e-06
59,0,1,1.236820495374849e-06,1.8034103276165945e-06
59,1,-1,1.7792712304786936e-06,9.1432382807567171e-07
59,1,1,1.8530770322560515e-06,4.1323701905728426e-07
59,2,-1,-1.5706997807806399e-06,1.0960250068193405e-06
59,2,1,5.3004951387513532e-07,1.5325327660890505e-06
59,3,-1,-1.7823103315691413e-06,-1.7063228584857859e-08
59,3,1,1.5197842237382187e-06,-2.6412439539608004e-07
60,0,-1,1.6553640116797133e-06,-1.5208312410941763e-06
60,0,1,1.4466784850074635e-06,-1.4726890250880709e-07
60,1,-1,-1.1460208650033978e-06,2.9791742411585487e-07
60,1,1,-8.45959957990177e-07,6.4288303693240762e-07
60,2,-1,-7.8775775939594204e-07,-1.7349275578854717e-06
60,2,1,5.9131732823676935e-07,1.2532654242399546e-06
60,3,-1,1.4115171404182702e-06,9.0695679029861354e-07
60,3,1,-1.953348837715501e-07,-6.6228873123607537e-07
61,0,-1,-8.691215073478875e-07,-3.6655296831459638e-07
61,0,1,1.8173310367460296e-06,-1.2871440727852009e-06
61,1,-1,1.4495130591096597e-06,-8.7275839096934448e-07
61,1,1,2.0003101916920221e-07,-1.5358339659345196e-06
61,2,-1,6.5685536730504112e-07,9.577307361391572e-07
61,2,1,1.2267022289582984e-06,1.7362340593233662e-06
61,3,-1,-1.2407504105015396e-06,4.7780194220019958e-07
61,3,1,9.7323142081211899e-07,1.4704217540608876e-06
62,0,-1,1.181929032509652e-06,-1.9670634059144414e-06
62,0,1,1.9055665101791766e-06,8.8197777945105114e-08
62,1,-1,1.9468495798969203e-06,-1.1866033035366809e-06
62,1,1,-7.0550533080321776e-07,-1.3053591427489237e-07
62,2,-1,-1.29553633723806e-06,9.1430404279069035e-07
62,2,1,1.9919725230816698e-06,-1.3349292160743685e-06
62,3,-1,9.7611100050897103e-07,1.4743158480040263e-06
62,3,1,-5.9192891843871423e-07,1.1814196953464947e-06
63,0,-1,1.0075624309038424e-06,-1.6232293123159149e-07
63,0,1,-1.8467372167105958e-06,-1.0488387500635565e-06
63,1,-1,-1.7023340993747351e-06,8.5660442047911648e-07
63,1,1,5.7294038877910517e-07,-8.9480627781334867e-07
63,2,-1,-1.7330723614090212e-06,-2.5452365424650617e-07
63,2,1,-1.6439822960976718e-06,-1.790366244688184e-06
63,3,-1,1.7286665558520016e-08,-1.2967675974127699e-06
63,3,1,-5.420661984347376e-07,-4.5438409503080474e-07
64,0,-1,-1.8431732447004564e-06,5.0981261125784051e-07
64,0,1,3.8234439749019166e-07,5.9856092941856188e-07
64,1,-1,-8.2991253255023644e-07,1.9998425174431815e-06
64,1,1,1.3675929519970194e-06,-1.1281265061075038e-06
64,2,-1,2.5027714773195988e-07,1.5688006190887936e-06
64,2,1,-7.5721197424632115e-07,1.6318167186482242e-06
64,3,-1,-1.0207421665348506e-06,-8.57090551528914e-07
64,3,1,-7.2004874071014064e-07,1.1491061123717952e-06
65,0,-1,-6.1761682208663692e-07,-2.970984387476956e-07
65,0,1,1.1806653500798162e-07,-1.5142207606554305e-06
65,1,-1,8.2380596678921818e-07,1.0300005408355477e-06
65,1,1,-7.2577271098036208e-08,-1.2345806070165892e-06
65,2,-1,9.198119711604276e-07,9.8932453492123076e-07
65,2,1,-8.6722677315240215e-07,-6.6390875464537081e-07
65,3,-1,-7.8056013208874025e-07,2.9057320376112487e-07
65,3,1,1.2654171043049729e-06,1.8219984505978725e-06
66,0,-1,6.2435848933303301e-07,-5.1471409898728511e-07
66,0,1,-8.7273415617789846e-07,-1.3256231327445434e-07
66,1,-1,-1.4693969574914404e-06,5.2762278810448692e-07
66,1,1,-1.978868036473562e-06,-9.2019498378806654e-07
66,2,-1,1.3423661251045792e-06,-1.2314902180918009e-06
66,2,1,1.4441693887717072e-06,5.419975270639011e-07
66,3,-1,6.0344570331854992e-07,5.9789837478471933e-07
66,3,1,1.487824866103602e-06,9.5503731701100668e-07
67,0,-1,-1.0335055127226394e-08,1.4287970965994827e-06
67,0,1,4.518499415378014e-07,1.1030497896812287e-06
67,1,-1,7.3869826620179552e-07,-2.5579094601832125e-07
67,1,1,5.0766847647958012e-07,-9.8727898819298869e-07
67,2,-1,1.0933407918604288e-06,5.9996529295221884e-07
67,2,1,-1.9310899044648172e-06,1.1835393865846811e-06
67,3,-1,4.5304789694355176e-07,-1.6370026528959282e-06
67,3,1,-1.6601813827827171e-06,-1.9214307072777286e-06
68,0,-1,-1.5669310345895429e-06,3.0959325761034734e-07
68,0,1,-1.2572095234097604e-06,-1.8430765149595523e-06
68,1,-1,-9.2150576713459062e-07,1.1887938675386116e-06
68,1,1,-1.6951930432924298e-06,-1.8344535468842937e-06
68,2,-1,-6.9557882004894982e-07,-5.788521049847067e-07
68,2,1,-7.1012871297453021e-07,1.1953350281326121e-06
68,3,-1,-1.9283195518622246e-06,-1.3622995385629702e-06
68,3,1,-1.0561486536398209e-06,5.1275872828179366e-07
69,0,-1,7.3015994471433823e-07,-1.3920536026339807e-06
69,0,1,-6.0806889954041093e-07,-1.4503576478455414e-06
69,1,-1,3.4164821290617217e-07,-2.0699543154080442e-07
69,1,1,-2.4185112407860668e-08,1.5134783193327525e-06
69,2,-1,1.9485534860745117e-06,1.8364562086365614e-06
69,2,1,1.8519364478863151e-06,1.9420329607711955e-06
69,3,-1,-1.431895255520005e-06,-2.5909034185147838e-08
69,3,1,1.1674621097549007e-06,-1.4178156488154401e-06
70,0,-1,-1.4983804291969398e-06,1.9135267288820996e-06
70,0,1,1.9360346120059326e-06,1.7146600541570831e-06
70,1,-1,-3.2568861095627615e-07,-8.0878703771807057e-07
70,1,1,1.5340729118001619e-06,9.9124894437832517e-07
70,2,-1,-3.0083805154305083e-07,6.1969130542517442e-07
70,2,1,-1.4577099010193092e-06,1.567269963733701e-06
70,3,-1,-5.6000934278345481e-07,-1.7981576841343356e-06
70,3,1,-4.4353158720412498e-07,1.3319751210340626e-06
71,0,-1,-1.5895947373040133e-06,1.8373983226803424e-06
71,0,1,-1.2981803231421465e-06,7.6798045858633499e-07
71,1,-1,1.3813324166522332e-06,-1.4454518684552089e-06
71,1,1,3.608832712192081e-07,-4.644957548275169e-07
71,2,-1,1.0298626525883776e-06,8.4964431844413021e-07
71,2,1,7.9352644514349734e-07,1.178068147476608e-06
71,3,-1,5.4601387297972179e-07,-9.7895600349534109e-07
71,3,1,1.9622546336564542e-06,1.5495655541247749e-06
72,0,-1,-1.4286605234458331e-06,1.2335705001321143e-06
72,0,1,1.0467781426417291e-06,8.3845423901814833e-07
72,1,-1,1.4605502551135631e-08,8.6465690106269166e-07
72,1,1,-6.8988706923534424e-08,-8.5711528888596745e-07
72,2,-1,2.066267670672278e-07,6.2408565703112173e-07
72,2,1,-2.6094526898338895e-08,5.6208871096221927e-07
72,3,-1,1.1017048943525522e-06,1.12996339088546e-06
72,3,1,1.2334025524207211e-06,-5.7982245768770963e-07
73,0,-1,7.9115099875446332e-07,-1.7968505281474329e-06
73,0,1,-6.7722164135184912e-08,-1.1449615388487415e-06
73,1,-1,3.8032437743076136e-07,-8.4561185927165356e-08
73,1,1,-1.0205583604386724e-06,-9.361146379222775e-07
73,2,-1,8.569801595317903e-07,-2.5067712955683113e-07
73,2,1,9.4721088037818929e-07,1.9255058871580918e-06
73,3,-1,7.6546442673073452e-07,3.8826384946943349e-07
73,3,1,3.9245826430851254e-07,6.0635985699038511e-07
74,0,-1,-1.5588844775811732e-06,-1.6963193698007672e-06
74,0,1,1.5292628797981651e-06,1.7978417824482703e-06
74,1,-1,1.8725968368869968e-06,3.43108844461406e-07
74,1,1,1.9183418636706183e-06,-1.6261113935492188e-06
74,2,-1,-1.1707051809273264e-06,1.6651144537877421e-06
74,2,1,1.0822012673005133e-06,1.7410444142701179e-06
74,3,-1,-1.7491304986801692e-06,-1.0750209115515904e-06
74,3,1,-1.1569632005369486e-06,-9.5172179035227823e-08
75,0,-1,1.7172057718815581e-06,1.4511396031770292e-06
75,0,1,-1.4996006773579924e-08,-3.6072270544810339e-07
75,1,-1,-1.872361918377087e-06,5.1478889308001325e-07
75,1,1,-1.8526582046280411e-06,-1.054058233364902e-06
75,2,-1,-1.5630537172897378e-06,3.5533038281179987e-07
75,2,1,1.2689760974289884e-06,-6.2028409793513584e-07
75,3,-1,1.3255795531252549e-06,-1.2393489577062423e-06
75,3,1,1.4935137278542049e-06,-9.112315251008045e-07
76,0,-1,-4.9623629214457703e-07,-7.3124274084696149e-07
76,0,1,-1.7709528076496936e-06,-1.5793063790824496e-06
76,1,-1,-1.4499800619615959e-06,5.3603197033280069e-07
76,1,1,8.6218682300317355e-07,-1.7003897397490888e-06
76,2,-1,9.4140984132981008e-07,1.267481461347406e-06
76,2,1,-4.339292365467324e-07,-1.1081003485376012e-06
76,3,-1,1.5850445347420301e-06,1.4288650406914053e-06
76,3,1,-9.289836827671766e-07,9.4205397194653841e-07
77,0,-1,1.712742221381606e-06,8.8534825090126691e-07
77,0,1,-8.0486065326578603e-07,1.7035594890455869e-06
77,1,-1,-3.8312578835058094e-07,-1.1952747410938838e-06
77,1,1,1.6172231747595831e-06,1.8115282857345444e-06
77,2,-1,-1.7336488787123842e-06,7.7676097461619319e-07
77,2,1,-1.6528471081009611e-09,8.9156019572310757e-07
77,3,-1,7.2631617898880441e-08,1.9833351366488985e-06
77,3,1,-1.0239929533493037e-06,7.8232674043772812e-07
78,0,-1,7.9160346494276465e-07,1.0024418904492875e-07
78,0,1,-2.4345403953651291e-07,-1.1925198917745056e-06
78,1,-1,-1.3430559104299161e-06,1.1475086351888381e-06
78,1,1,9.3649754309384822e-07,-8.0061049818732851e-07
78,2,-1,1.4811674121946726e-06,-2.9507657756371016e-07
78,2,1,2.2091721731726801e-07,3.6184856518289301e-07
78,3,-1,5.0797301781313289e-07,-3.358866498781146e-08
78,3,1,-9.2722446376462607e-08,1.9309500643828491e-06
79,0,-1,-1.8266648055125114e-06,-1.5943681781472909e-06
79,0,1,-6.01240756814212e-07,1.2243706124032569e-06
79,1,-1,-1.3969384226628583e-06,8.3922234477440675e-07
79,1,1,1.3153800431622948e-06,1.1954355214132788e-06
79,2,-1,1.0885147941186985e-06,-9.9177897149805498e-07
79,2,1,5.4955959654554149e-07,3.9091591804008612e-07
79,3,-1,-1.413601917570498e-06,1.1080520799400401e-06
79,3,1,-1.1805779916172251e-06,-2.5883956934760817e-07
80,0,-1,-9.224809859022396e-07,5.2392040531124944e-07
80,0,1,-1.9184122872678152e-06,-8.118363526291072e-07
80,1,-1,1.8771939171032989e-06,-2.6901687421544992e-08
80,1,1,-4.1372124559259255e-08,1.354955465349686e-07
80,2,-1,1.7863862735000688e-06,8.0835249289614963e-07
80,2,1,1.3787671694422347e-06,9.303256515032229e-07
80,3,-1,1.6676746761891075e-06,1.5860555899845099e-06
80,3,1,1.6483343888175289e-07,-1.0970103148451934e-06
81,0,-1,-6.9493093745300571e-07,3.0010092032750597e-07
81,0,1,1.311584269217966e-07,5.7198444275919466e-07
81,1,-1,-1.3627755185549085e-06,1.3323272707968327e-06
81,1,1,-1.9378630737885681e-07,5.4041365615547621e-07
81,2,-1,-1.2828342760880309e-06,1.0513213086966857e-07
81,2,1,5.6670729119540403e-07,-1.5904312042551818e-06
81,3,-1,6.1133067023762499e-07,1.2082915479780366e-06
81,3,1,-1.0161253038704298e-06,5.936045342782544e-07
82,0,-1,4.9612698379271902e-07,1.3420832370522826e-06
82,0,1,-8.0075326019216307e-07,-1.2491290892078219e-06
82,1,-1,-9.7130078298685373e-07,-1.1969406330598156e-06
82,1,1,-6.5175755234946782e-07,-1.0070880295415522e-06
82,2,-1,-8.7037376987728493e-07,-2.1435252408679246e-07
82,2,1,1.2133994477813319e-06,6.4581842225452529e-07
82,3,-1,-4.109642248162867e-07,-1.0083581481077593e-06
82,3,1,1.3747753981071025e-06,1.9061567953965166e-06
83,0,-1,-4.2719411861675429e-08,1.333932924076319e-06
83,0,1,-4.3243196919778083e-07,1.7651438313995346e-06
83,1,-1,-1.3701482930900273e-08,-1.6647901764383208e-06
83,1,1,1.9293640499615031e-06,-8.0316425920328965e-07
83,2,-1,-3.8287540142903065e-07,-1.0872611417137507e-06
83,2,1,2.6219279093396489e-07,1.0077861081645894e-07
83,3,-1,1.1595292495061731e-06,1.8154450780908547e-06
83,3,1,-2.4878000666168007e-07,-1.8829556442838789e-06
84,0,-1,4.461659042096568e-07,1.5889115696240499e-06
84,0,1,1.7755119323748128e-06,1.4641308803429432e-06
84,1,-1,6.4351322421800676e-07,-1.6894878234609588e-07
84,1,1,-1.9903916591516608e-06,-9.7001545813392458e-07
84,2,-1,-1.8768147264948225e-06,1.2542919418503782e-06
84,2,1,1.8749740145688853e-06,1.6681190418738637e-06
84,3,-1,-2.008456150314042e-07,-1.3807703108496279e-06
84,3,1,-1.8925054712553607e-06,-1.4855910116846899e-06
85,0,-1,1.872675550766995e-06,1.0146431508147127e-06
85,0,1,1.0328550064167363e-06,-1.2072231593691587e-06
85,1,-1,7.5831268337206384e-07,-3.0851870648232235e-07
85,1,1,-1.6366759438310287e-06,1.5783186213643257e-06
85,2,-1,-6.669059982542728e-07,-1.1275821349077498e-06
85,2,1,-1.0436848963802694e-06,4.5602821624708314e-07
85,3,-1,7.126242162657959e-07,-2.956759736036706e-07
85,3,1,-1.0032052279729452e-06,-7.1291072452680783e-07
86,0,-1,-8.7670418492980897e-07,-1.1341757939440752e-06
86,0,1,1.0696157481307212e-06,1.2269204518980589e-06
86,1,-1,-6.3142111960936065e-07,-1.1380576878612026e-06
86,1,1,-1.5981579833906397e-06,5.4225782683454809e-07
86,2,-1,2.0656204828922176e-07,1.1096985110593748e-06
86,2,1,1.5222576112247821e-06,8.2826134863046287e-07
86,3,-1,2.5962274914167331e-07,-1.6925117500235521e-07
86,3,1,1.3359271807334574e-06,-8.3055882323395597e-07
87,0,-1,1.7827179094115999e-06,8.3899534463825328e-07
87,0,1,7.5912841103126134e-07,1.3281508685060669e-06
87,1,-1,6.9806580086352655e-07,7.1100639634225972e-07
87,1,1,-4.967478980052759e-07,1.2128553771775573e-06
87,2,-1,1.0018325733548778e-07,1.9458332116244013e-06
87,2,1,2.6023717289400497e-07,1.5754080741874091e-06
87,3,-1,-1.9945765018102358e-06,1.351697132419047e-07
87,3,1,-2.5005501392289588e-07,6.882209221234503e-07
88,0,-1,1.53944105773083e-06,-2.3445223176940839e-08
88,0,1,-4.9893772197322681e-08,-1.2609505394390021e-06
88,1,-1,1.1076716859219209e-06,-9.8905487954844017e-07
88,1,1,1.2085223654543185e-06,-1.2538744959951584e-06
88,2,-1,-6.4454554926506444e-07,-3.355399984004643e-07
88,2,1,1.4783542130803478e-06,1.180394941681432e-06
88,3,-1,1.8328422715549842e-06,1.4041315058925839e-07
88,3,1,-6.8876194870524271e-08,1.8254074398963281e-06
89,0,-1,5.8653600976964917e-07,-1.0943444552069762e-06
89,0,1,9.1440068238337666e-07,8.4939911206957362e-07
89,1,-1,4.6468408586888782e-07,-4.3640986456239532e-07
89,1,1,1.7449249410624574e-06,1.7034925007561173e-06
89,2,-1,2.9503137617070427e-08,-1.9165736569796026e-06
89,2,1,-2.2563182667983864e-07,-1.9447228033124141e-06
89,3,-1,1.1271325442111413e-06,-5.830811971909342e-07
89,3,1,1.9714717157367443e-06,3.4344641197912633e-07
90,0,-1,1.4422148580153108e-06,-2.8517891040388668e-08
90,0,1,1.7853113873159975e-06,6.0554374869790162e-07
90,1,-1,-1.7701222021335327e-06,3.7346442231301998e-08
90,1,1,-7.4360778331079558e-07,1.3514168180194463e-06
90,2,-1,-1.0631907696547835e-06,-1.6245747288112296e-06
90,2,1,-1.2133658719735378e-06,1.6896475345832353e-07
90,3,-1,-1.1233307399785572e-06,-1.6611089247432388e-06
90,3,1,-9.2874355700623334e-08,-1.8656498711828373e-06
91,0,-1,1.7252535219564146e-06,3.5931002913560527e-07
91,0,1,-9.4008292011530193e-07,-1.7679543209694887e-06
91,1,-1,7.4001027195575873e-07,-1.2519659568257424e-06
91,1,1,-1.2769724829573151e-06,-7.0053798156950359e-07
91,2,-1,1.4814627749578087e-06,7.8605332817748737e-08
91,2,1,-1.892199215949466e-07,5.8768018662256945e-09
91,3,-1,-5.0025294534226821e-07,1.5886540688618611e-06
91,3,1,-1.9200595221012492e-06,1.809515431899986e-06
92,0,-1,6.9064154213807265e-07,-1.6885059615892829e-06
92,0,1,-1.3628310867315315e-06,-9.2664258613992079e-08
92,1,-1,-1.1934200762553483e-06,-1.5305631927875874e-06
92,1,1,-1.6784328873299726e-06,1.9186873159795938e-06
92,2,-1,-1.0320101928383345e-07,-1.7053200404384427e-06
92,2,1,1.2592489502391039e-06,5.6287725900876545e-07
92,3,-1,1.9263233768157988e-06,9.4444839547943602e-07
92,3,1,-1.7062510432582839e-06,1.4591839782837087e-06
93,0,-1,1.5569732607373808e-06,1.6106516290021585e-06
93,0,1,1.4007385840951101e-06,-2.5124018022780261e-07
93,1,-1,1.5813634147970269e-06,1.2345130677683278e-06
93,1,1,9.6067000335235099e-07,1.6032598772543619e-06
93,2,-1,-3.9706494487994131e-07,-5.4268509301606899e-08
93,2,1,7.5971567924811916e-07,9.6678178047466983e-07
93,3,-1,5.9126228310774538e-09,1.5208147528677658e-07
93,3,1,4.9884791646291701e-07,1.2466530878322756e-06
94,0,-1,7.1962804880886602e-07,1.2419059762493076e-06
94,0,1,-1.663260860262639e-06,5.1532155499708315e-07
94,1,-1,1.7708062474525849e-06,-1.2867738828879146e-06
94,1,1,-1.1751176439490991e-06,2.7490420459407218e-07
94,2,-1,-7.7792933214749458e-07,1.4507740035679567e-06
94,2,1,1.8216981302937824e-06,1.0124615756873182e-07
94,3,-1,-4.5755084268967037e-07,8.1848529387508476e-07
94,3,1,8.1358757140017441e-07,7.3847456993746914e-07
95,0,-1,-1.0399673861403183e-06,-1.1605133812986427e-06
95,0,1,8.2850726642425306e-07,5.513098850983404e-07
95,1,-1,-1.906598377704288e-07,-8.3396806188910619e-07
95,1,1,-5.3013614608038878e-07,1.0712150726244082e-06
95,2,-1,1.6525526785971524e-06,-7.9853233379015398e-07
95,2,1,-1.927538950668313e-06,1.5111406125415274e-06
95,3,-1,-2.8380311945493369e-07,-1.5532664132693896e-06
95,3,1,-1.3861815751152195e-06,-7.4784341820573352e-07
96,0,-1,-2.1727749628830261e-07,5.7975922629901454e-07
96,0,1,5.7782416981051069e-07,-5.6193808130201938e-07
96,1,-1,-4.2887425370794391e-07,1.0518787843812717e-06
96,1,1,9.0764172978917177e-07,-8.7794190702588127e-07
96,2,-1,1.5586892925413609e-06,1.1822144962402075e-06
96,2,1,8.9626182828896849e-07,4.5909166059221177e-07
96,3,-1,-1.4550181386805952e-07,-1.8020201712465707e-06
96,3,1,8.2777555069999096e-09,1.4655661659642237e-06
97,0,-1,5.9291094551306106e-07,5.8797881262904217e-08
97,0,1,-9.1107243069878799e-07,4.8952612457014893e-07
97,1,-1,-1.646850180808232e-06,1.7252927295285901e-06
97,1,1,-1.9474987823281791e-06,-2.1153358153609198e-07
97,2,-1,-1.2659346401233783e-06,4.9407307623537459e-07
97,2,1,3.6487560328638968e-07,4.8783961039166393e-07
97,3,-1,-1.1668472474517379e-07,-1.79435128998526e-06
97,3,1,-4.9063865344872644e-07,-1.8765428061282004e-06
98,0,-1,-1.5895323845093348e-06,-2.45943255843959e-07
98,0,1,1.8972399662516206e-06,3.6659412969697026e-07
98,1,-1,-1.3726503282947982e-06,-8.9079066220637494e-07
98,1,1,1.9203951241237731e-06,6.4074980499687169e-07
98,2,-1,1.4303501182355057e-06,5.7390439313352063e-07
98,2,1,1.5581766121099538e-06,1.3126153429596997e-06
98,3,-1,-8.0144570036462252e-07,-2.7584325556734824e-07
98,3,1,-1.0260650728196644e-06,3.4095360824981633e-08
99,0,-1,-9.8900719759702983e-07,1.9906594999317587e-06
99,0,1,1.5298274526864501e-06,-1.6127906865272928e-06
99,1,-1,-1.7825211555505946e-06,1.1432160788023249e-06
99,1,1,-1.6058519213805407e-06,8.6115854796733491e-07
99,2,-1,-2.8902462466923572e-07,-1.0044141640065084e-06
99,2,1,3.3657474458755304e-07,1.2516070059795245e-06
99,3,-1,8.2409239695177982e-07,-9.0722568741513898e-07
99,3,1,1.3510041243487573e-06,6.957035244845931e-07
100,0,-1,2.2814481053862498e-07,-6.5406760816173505e-07
100,0,1,1.1186883927409224e-06,1.4466973200726425e-06
100,1,-1,1.2775445095407361e-06,-3.9107782031125196e-07
100,1,1,-7.1582238882742275e-07,5.7081561876323366e-07
100,2,-1,1.443129182719992e-06,1.1100902779669207e-06
100,2,1,-3.1296712515119038e-07,1.813939906560224e-06
100,3,-1,-5.8775423813415808e-07,-8.265111094241274e-07
100,3,1,1.6486442105717928e-06,-2.5360145822509412e-07
101,0,-1,-6.2207539217519864e-07,1.2130348246022533e-06
101,0,1,-1.8325986318832115e-06,2.4411430397272059e-07
101,1,-1,3.296575167404178e-07,-4.333043598117197e-07
101,1,1,-3.7640723333766057e-07,-1.2925148384299342e-06
101,2,-1,-1.6986712191957576e-06,1.7898302271455032e-06
101,2,1,3.9989826054168542e-07,1.7217598364094555e-06
101,3,-1,-9.1979148920622479e-07,1.4787203929411826e-06
101,3,1,-1.2878380834700173e-07,2.2938676811175556e-07
102,0,-1,2.9251138674641111e-07,-6.1872851040896252e-07
102,0,1,2.6479465053871196e-07,7.1468566232867461e-07
102,1,-1,7.9254410037172287e-08,1.6019171847962054e-06
102,1,1,6.0265045382966021e-07,-1.507083110542624e-06
102,2,-1,-1.7646165246558877e-06,-3.013227594499556e-07
102,2,1,1.353553273781248e-06,3.424461105550091e-07
102,3,-1,-6.6737975950296405e-07,-6.9175534399634219e-07
102,3,1,-1.2780398668106686e-06,1.9983936020702445e-06
103,0,-1,-1.0338094564794545e-06,6.1527752048362579e-07
103,0,1,-1.3298184387381692e-06,1.9239198907238954e-06
103,1,-1,1.3126585696670919e-06,-1.8286192217610607e-06
103,1,1,-1.3660787924945352e-06,-5.2955637735846797e-07
103,2,-1,1.4204273150017479e-06,1.7077315580172224e-06
103,2,1,1.6157340965492124e-06,-4.8262622521584432e-08
103,3,-1,-1.879252786491548e-06,-8.7850962453316267e-07
103,3,1,-1.2303937666219811e-06,-9.034191461179145e-07
104,0,-1,1.4064042406620345e-06,-1.6916398730671411e-06
104,0,1,8.1551735590663572e-07,1.5330598305652729e-06
104,1,-1,8.1809918456694398e-07,3.3373441372637065e-07
104,1,1,-1.1043338899210134e-06,2.4801377062839868e-07
104,2,-1,1.2816946344194132e-07,1.7323612805988145e-06
104,2,1,7.9947113824758545e-07,-6.4459073511373164e-07
104,3,-1,3.7344560515466085e-07,-3.9033503335750277e-07
104,3,1,8.8007639937108078e-07,-1.6251978133847759e-06
105,0,-1,1.9586674315996766e-06,-1.4698816048401968e-06
105,0,1,-5.5307670113820965e-07,-1.9675654096696323e-06
105,1,-1,-1.9544933491563576e-06,1.6211608674190669e-06
105,1,1,-1.3464254831131544e-06,1.094816369017753e-06
105,2,-1,5.9847754366241304e-07,1.1442637210646754e-06
105,2,1,-7.6920356251525351e-07,7.0660367699400919e-07
105,3,-1,1.3903035279737629e-06,8.6830772376131572e-07
105,3,1,1.5033659591574992e-06,1.0849824163480703e-06
106,0,-1,1.1390371379583982e-06,-1.3675947656972714e-06
106,0,1,7.0874823240751616e-08,-1.3520309371691303e-06
106,1,-1,6.1675839824105651e-07,1.0057997528868868e-06
106,1,1,-3.1937914787619176e-07,6.2090426700062572e-08
106,2,-1,1.6834445869017115e-06,-5.7768611725360582e-07
106,2,1,1.6249732170049266e-06,9.9711809394542476e-07
106,3,-1,-4.9207510516282803e-07,1.7791476033710623e-06
106,3,1,-7.1899308327387817e-07,-2.1825698023194504e-08
107,0,-1,6.9921899389089251e-07,-1.7604054978944131e-06
107,0,1,1.5821682865693474e-06,7.4425302111983183e-07
107,1,-1,6.9320643527758766e-07,-4.6335412900451408e-07
107,1,1,-1.3082738066094541e-06,-1.7432023920682242e-06
107,2,-1,-1.9965067457359214e-06,1.4642122418102041e-06
107,2,1,-1.475845116778081e-06,-4.5383508228441947e-07
107,3,-1,1.0880023475374667e-06,-3.7153523271491896e-07
107,3,1,-2.4252533700722891e-07,-1.266689175991996e-06
108,0,-1,-1.0340987023812044e-06,-1.6250839127389875e-06
108,0,1,4.4988813684639373e-07,-7.8721589532731282e-07
108,1,-1,-1.9830642554708353e-06,-9.9828741175641229e-08
108,1,1,1.6733197942928821e-06,-9.9560403049587474e-07
108,2,-1,-1.2655942198235793e-06,9.1403560074640715e-07
108,2,1,9.2608692435270443e-07,1.1012508282441635e-06
108,3,-1,4.4904057921062807e-07,1.4561786074618677e-06
108,3,1,1.2204989678080383e-06,-1.9439496158259713e-07
109,0,-1,-1.3367889183239118e-06,-6.5886791332480359e-07
109,0,1,-1.4641786492493807e-06,-1.720049567591824e-06
109,1,-1,3.8766926972015877e-07,-1.3511045772960552e-06
109,1,1,1.2835520785783193e-06,1.2299666919259854e-06
109,2,-1,1.8685727828730423e-06,1.5879213637972953e-06
109,2,1,1.5969725662019067e-06,-1.6453839294863371e-06
109,3,-1,-1.8514800002088329e-06,-1.1713071580472666e-07
109,3,1,-5.257675790947088e-07,-1.7950702882659239e-06
110,0,-1,6.7759418602822733e-07,1.0871160153228092e-06
110,0,1,8.4355739251739724e-07,4.0942683763907926e-07
110,1,-1,4.4465642915127964e-07,9.1425653408736251e-07
110,1,1,-1.4386151177093066e-06,-1.6756755249582933e-06
110,2,-1,-3.1446034165705462e-07,-1.5478514425560198e-06
110,2,1,-1.1557286041202899e-06,2.0881357721305931e-07
110,3,-1,-1.7273406601479121e-06,1.8246561459982526e-06
110,3,1,-1.4430229265108724e-06,1.0469102517573014e-06
111,0,-1,-6.8135437342368729e-07,5.7472228818643168e-07
111,0,1,1.2875161888170596e-06,-5.0510697463542351e-07
111,1,-1,7.9285291079455558e-07,6.6524725062275607e-07
111,1,1,7.1283780560675427e-07,-5.2557838284117511e-07
111,2,-1,-1.7928491187890443e-06,2.3617292539600347e-08
111,2,1,1.5577517032193256e-06,-1.1220774915029555e-06
111,3,-1,-9.6705237012106688e-07,1.8473477436406573e-06
111,3,1,1.5886512785193589e-06,-5.6286413322838227e-07
112,0,-1,1.4337818263693437e-06,-1.4435768375695375e-06
112,0,1,-6.7095760380997998e-08,1.5085837061642941e-06
112,1,-1,-2.800855023296576e-07,9.5026335762785723e-07
112,1,1,-6.6459420838297802e-07,1.0374421260147927e-06
112,2,-1,-2.6893863686710302e-07,-4.1838362126237489e-07
112,2,1,1.6311783874303188e-06,-1.6341051056907449e-06
112,3,-1,-1.1003405372440955e-06,-2.873805535776812e-07
112,3,1,-3.7986615774912389e-07,-4.0390097598388181e-07
113,0,-1,1.8250101846168056e-06,-2.2089514257403659e-07
113,0,1,-5.9775502870866497e-07,-1.1799149590339509e-07
113,1,-1,8.1721312642958161e-07,-6.4981921599944662e-07
113,1,1,1.1182335595478957e-07,1.3951589872718906e-06
113,2,-1,-2.7974329989855742e-07,3.1028440226081222e-07
113,2,1,1.6655798695615912e-06,3.621864808405995e-07
113,3,-1,-1.1100314984974363e-06,7.9026339422860812e-08
113,3,1,-2.6323138803412549e-07,-9.8129107895137307e-07
114,0,-1,-1.9650417973911993e-06,-5.262876814830606e-07
114,0,1,-1.6029030231231374e-06,7.7999449691703142e-08
114,1,-1,-1.2493926480304685e-06,4.7705307647524148e-07
114,1,1,-1.6077349023895397e-06,-5.5058386416626429e-07
114,2,-1,-1.5049058212516736e-06,1.4705378070236938e-06
114,2,1,1.7988470978273167e-06,-1.5256666469315232e-06
114,3,-1,6.3226347740779622e-07,-1.011471586800098e-06
114,3,1,1.8519449495389178e-06,-5.2159504047345883e-07
115,0,-1,-1.2719985540577565e-06,-1.3515462161244563e-06
115,0,1,-1.9790894774162672e-06,-3.1876215703417806e-07
115,1,-1,-8.6122476020821906e-07,-9.6633865175083233e-07
115,1,1,-1.7052601965445596e-06,2.2768072190710771e-07
115,2,-1,1.4061140790528823e-06,-1.5138454271016109e-07
115,2,1,-8.6255467503320414e-07,-1.5964517011333167e-06
115,3,-1,-1.5306577733094735e-06,1.5746448773324047e-06
115,3,1,-7.6198408599022497e-08,1.5993544534643144e-06
116,0,-1,1.2134898672190458e-06,1.7307683725956298e-06
116,0,1,3.3038322006412289e-08,1.1576167410350585e-06
116,1,-1,-1.0769988192169112e-06,-4.2670755541195899e-07
116,1,1,-1.8985576241529158e-06,5.4617398965353329e-07
116,2,-1,-9.2807542003451664e-07,1.8789099316780177e-06
116,2,1,1.1106765640680908e-06,-8.6089510626267563e-07
116,3,-1,9.2648523732643386e-08,1.1872620334817858e-06
116,3,1,1.8172455693474027e-07,-5.2658715868043953e-07
117,0,-1,-1.1346226201641474e-06,-1.3956934049289318e-06
117,0,1,-9.2545761128155433e-07,1.150515241290041e-06
117,1,-1,6.1847579370042621e-07,-1.7123639274032819e-06
117,1,1,3.5439679118556105e-07,-3.1535630946051359e-07
117,2,-1,1.5455659722679278e-06,4.9471713722071764e-08
117,2,1,-6.524482133049547e-07,-8.6287060994608099e-08
117,3,-1,7.0180966760889114e-07,1.0893292339429352e-06
117,3,1,3.5952755798430271e-07,6.0071421105362228e-07
118,0,-1,-1.0801101496952767e-07,-7.9141739894273005e-07
118,0,1,-5.2968660134317877e-07,-1.4291133580437899e-06
118,1,-1,-3.3225648365751778e-07,4.2421901090402496e-08
118,1,1,-2.9035192783040527e-07,6.0962836933578371e-07
118,2,-1,-1.1458354366523106e-06,-1.7453459737734199e-06
118,2,1,5.9268422228420624e-07,-3.8906428424181355e-07
118,3,-1,-1.7991602351946216e-06,1.5572758597392036e-06
118,3,1,2.2061855708651587e-07,-1.4928533716930111e-06
119,0,-1,-1.9382016869619168e-06,6.1714117616701611e-07
119,0,1,1.0134505323181098e-06,-9.3944486765774827e-08
119,1,-1,6.1749530447196583e-07,-6.1922261416918489e-07
119,1,1,7.7489974426916495e-07,1.6279040414158189e-06
119,2,-1,8.1884392938158761e-07,6.2371251836832968e-07
119,2,1,1.4867275933279573e-06,-7.1217837085339526e-07
119,3,-1,-1.5179008313291482e-06,5.0754408543167801e-07
119,3,1,-1.7613079949651138e-06,-1.7467434647028419e-06
120,0,-1,-1.7576499971183351e-06,-7.4916330159219623e-07
120,0,1,-1.4675272925395878e-06,-1.8683232045284533e-06
120,1,-1,-1.0283082601100885e-06,-1.6682211798222571e-06
120,1,1,5.8513018808557695e-07,1.4860109982811071e-06
120,2,-1,-6.0962548481288033e-07,-1.7905412563727519e-06
120,2,1,-6.849419349532878e-07,1.5110761842826242e-06
120,3,-1,-1.2802110516876802e-06,1.2141144560598699e-07
120,3,1,-1.7439338445711932e-06,3.8123053191810552e-07
121,0,-1,1.329635541976745e-06,1.5265286302972798e-06
121,0,1,-6.2223213169927751e-07,1.5715135727225646e-06
121,1,-1,-7.5596260750412016e-07,1.66367494064534e-06
121,1,1,3.1949642952787743e-07,1.4090286932700398e-06
121,2,-1,1.3104978788566245e-06,1.4333465553016732e-06
121,2,1,-1.1484004078463737e-06,-1.0870136851853144e-06
121,3,-1,-1.5683175334546213e-06,-1.3805573683160503e-07
121,3,1,7.4935898389403941e-07,1.9746502654746212e-06
122,0,-1,1.9206053741250539e-06,-5.6575794671924222e-08
122,0,1,-8.6985015149335862e-08,1.4592064721590488e-06
122,1,-1,1.657368923756605e-06,2.4107766738103575e-08
122,1,1,1.7697742729319715e-06,-5.9991959467335932e-07
122,2,-1,8.069700471034756e-07,-9.2419227188765241e-07
122,2,1,-2.4533717521554582e-07,-1.2933378115419647e-06
122,3,-1,2.054563773162563e-07,-7.347805879679589e-08
122,3,1,1.9009483877949385e-06,3.0922786591049573e-07
123,0,-1,1.8737334602313711e-06,1.123865625347564e-06
123,0,1,8.0610034257570285e-07,-2.8140707879536734e-07
123,1,-1,3.2638893097603377e-07,-9.3791488674907925e-07
123,1,1,-7.203309015021407e-07,1.1586641733161165e-06
123,2,-1,1.7957240378426448e-06,1.1198830603218027e-06
123,2,1,6.8155926720630939e-07,1.1502138451856698e-06
123,3,-1,-1.5854666782120995e-06,1.8708636074118405e-06
123,3,1,-2.5011253358920711e-08,-1.7168704641311807e-06
124,0,-1,1.1392772835196849e-06,9.397931900600368e-07
124,0,1,2.6080973655655344e-07,-1.1902373589595916e-06
124,1,-1,-3.074372393665733e-07,5.148952953279986e-07
124,1,1,6.6693505939948079e-07,-6.8373790882186695e-07
124,2,-1,-8.5313137689485964e-07,-1.0179261729299561e-06
124,2,1,-6.2446816298858595e-07,5.2729601193554244e-07
124,3,-1,-1.6937405441729485e-06,-5.3909456750103242e-07
124,3,1,8.2496359346537526e-07,-2.6581493283860075e-07
125,0,-1,-1.6081420717240054e-06,1.473502938079515e-06
125,0,1,9.4753979459215901e-09,-3.321023222961815e-08
125,1,-1,-1.485560592462278e-06,-3.4963382840005991e-07
125,1,1,-1.2225942975308702e-06,-1.4174827682879884e-06
125,2,-1,-1.026237245745941e-06,-4.1883130526949991e-07
125,2,1,-2.2440492852321628e-07,-3.117580791649135e-07
125,3,-1,1.5700712507268425e-06,1.805775149670522e-06
125,3,1,-5.3809736542872769e-07,-3.8621978273879482e-07
126,0,-1,1.6927460278513381e-06,7.3501906611354188e-07
126,0,1,-1.3068375609153366e-06,1.5606127271249044e-07
126,1,-1,1.056507638884495e-06,-1.2511942109084296e-06
126,1,1,-1.2790350652032551e-06,5.7714708668788548e-07
126,2,-1,-2.6573688791525185e-07,-4.2188733954651885e-07
126,2,1,5.1723322799978373e-07,-1.8721914168947995e-06
126,3,-1,7.0815431304275232e-07,-1.0240502419265603e-06
126,3,1,5.5947331142700388e-07,-5.9666251503463434e-07
127,0,-1,-1.2585027308805033e-06,1.8133020527921404e-06
127,0,1,9.8457502696272166e-07,-1.6195001717962114e-06
127,1,-1,1.3011526847637398e-06,-7.6377638395869051e-07
127,1,1,-1.1958180813776099e-06,-6.4429315733948082e-07
127,2,-1,1.3983410692505219e-06,1.3041165946896908e-06
127,2,1,1.9316008621232821e-06,-1.9093814609452637e-06
127,3,-1,1.2596578390778928e-06,6.6269717447807147e-07
127,3,1,1.9650686836069741e-06,9.1740442961083884e-07
