case_index,window_index,alpha_per_s,frequency_Hz,normalized_residual,has_flags
0,0,3.9999894006679817,499.99999954672126,0.00017466757155726079,0
0,1,3.9999611882312527,499.99999877112509,0.00036591111233993365,0
1,0,4.165378124271129,500.04799627418862,0.45606892529745285,1
1,1,3.7176503698881183,500.04894610401584,0.62933184704278788,1
2,0,1.999999616438241,500.0000001035923,0.00011338254158032878,0
2,1,1.9999843500153383,500.00000334516369,0.00017358617172854752,0
3,0,1.999999616438241,500.0000001035923,0.00011338254158032878,0
3,1,1.9999843500153383,500.00000334516369,0.00017358617172854752,0
4,0,4.0004842986585123,499.99964147941915,0.021194444364918786,0
4,1,4.0063074521231448,500.0000120002764,0.044464235325065458,0
