sample,true_H,estimated_H
0,0.69999999999999996,0.69999999999999996
1,0.20000000000000001,0.20000000000000001
2,0.10000000000000001,0.10000000000000001
3,0,8.5699965770911554e-18
4,0,4.7554708362230299e-18
5,0,5.7283823931721083e-18
6,0,-5.4338552255391681e-19
7,0,7.87762122581062e-18
8,0,-1.0679391398982219e-17
9,0,7.0134328032656068e-18
10,0,1.2549640146519714e-17
11,0,7.4385777197867378e-18
12,0,-2.2936571024854929e-18
13,0,6.2886601469311897e-18
14,0,8.5271052593950044e-18
15,0,-1.5525661578522644e-19
16,0,5.7672133605556246e-18
17,0,3.0322307327601775e-18
18,0,-1.2449730738566605e-17
19,0,5.3457767774347934e-18
20,0,6.6048721932590141e-18
21,0,-5.7266030997860012e-18
22,0,-1.0495522412000679e-18
23,0,-2.4265858356488497e-18
24,0,-7.0572546721374414e-18
25,0,1.2410681244418698e-18
26,0,8.8493689576910645e-18
27,0,-2.0517891494115405e-18
28,0,-5.7584747269635331e-18
29,0,2.0319173311697123e-18
30,0,-1.477861013774423e-17
31,0,-6.4162056739347433e-18
32,0,7.0440803090009672e-19
33,0,-1.5375426704721653e-17
34,0,-9.6453501122813884e-19
35,0,7.6274183599706051e-18
36,0,-3.8812718143751827e-18
37,0,-2.9409860715188464e-18
38,0,2.1470286094550802e-18
39,0,5.7691759543905032e-18
40,0.41999999999999998,0.42000000000000004
41,0.12,0.12
42,0.059999999999999998,0.059999999999999998
43,0,-2.0040012047110691e-18
44,0,-5.6773703407278185e-18
45,0,6.7105955262787427e-18
46,0,3.5992258694580437e-18
47,0,-3.1546435561764388e-18
48,0,1.202212887787416e-17
49,0,7.5202249131559665e-18
50,0,-3.3850924310314645e-18
51,0,1.0890312008205606e-17
52,0,-1.4278248615658912e-18
53,0,7.907430866779078e-18
54,0,5.9595571902933544e-18
55,0,-1.0601628733736508e-17
56,0,-3.7501211499073106e-18
57,0,8.9057757358431622e-18
58,0,-1.0646253728681366e-17
59,0,-1.0202352095590136e-18
60,0,1.2996486366978069e-17
61,0,1.2962748385165782e-18
62,0,-1.7339274030036506e-17
63,0,3.8466652884133077e-18
64,0,-1.063481961482501e-17
65,0,-1.9866262236586516e-17
66,0,4.62687754955703e-18
67,0,8.5300966844321359e-18
68,0,-5.1099647280154092e-18
69,0,1.6902856603401536e-17
70,0,-3.5210345380785617e-18
71,0,-6.1270194876981367e-18
72,0,1.0774274941673843e-17
73,0,8.2125828135611648e-18
74,0,-3.8910499353879106e-18
75,0,2.5895534260136309e-18
76,0,-6.873423412534444e-18
77,0,-6.0854667165334506e-18
78,0,-2.0293637166573553e-18
79,0,1.388830417749532e-17
80,0,4.7725034269290458e-18
81,0,-6.8326496384077473e-18
82,0,1.4563747153302718e-18
83,0,3.8327289368628481e-18
84,0,-3.5704246945506547e-18
85,0,8.187631967200038e-18
86,0,-1.2148369064885449e-17
87,0,-9.3216257719745825e-18
88,0,-3.9042889288954469e-18
89,0,-5.4465116052203953e-18
90,0,-6.8493796437653516e-18
91,0,1.1750966336742282e-17
92,0,-2.8675911809947187e-18
93,0,-1.0987913551443224e-17
94,0,2.6076614675582508e-18
95,0,-1.4097650187361384e-17
96,0,4.1879940698393183e-19
97,0,1.5752489509485178e-17
98,0,4.2096925965373677e-18
99,0,-5.5717491115699538e-18
